EQID,Magnitude,Distance_km,PGA_1_g,PGA_2_g,PGV_1_cm_s,PGV_2_cm_s,Azimuth_1_deg,Azimuth_2_deg,PGA_Log_Difference
25,6.19,4.0246,0.37893,0.24724,23.545,11.633,37.23,49.04,0.18544025493872385
29,5.33,4.8122,0.067895,0.04291,3.7417,1.006,106.38,113.31,0.1992792781224313
30,6.61,3.3558,0.093858,0.11833,7.1308,15.868,80.55,81.01,0.10062356882868018
30,6.61,4.1183,0.32124,0.15347,14.67,5.0014,53.18,56.42,0.32080612411711124
30,6.61,4.7236,0.10575,0.14498,9.8125,9.857,-152.39,-146.13,0.13702771936913616
30,6.61,4.8122,0.027202,0.01797,2.2686,1.466,163.6,165.83,0.18005275916904662
30,6.61,4.9345,0.010852,0.0089858,6.8215,2.2535,20.33,22.82,0.08195303696464595
35,5.2,1.1236,0.030089,0.081286,1.3527,2.3069,96.73,97.34,0.4316079985794603
42,5.5,0.6355,0.096891,0.054682,3.7615,1.705,23.46,25.42,0.24843904767521763
43,5.91,0.6355,0.22448,0.11489,9.4961,6.5788,9.28,11.66,0.29089542424593884
48,5.74,1.7383,0.10589,0.24761,7.649,24.335,-102.94,-103.31,0.36891323185372715
48,5.74,1.8614,0.24761,0.2469,24.335,23.918,-103.31,-108.71,0.001247090226812797
48,5.74,1.9923,0.2469,0.24506,23.918,27.921,-108.71,-105.12,0.003248660756379085
48,5.74,3.388,0.10906,0.10131,6.7232,6.8595,-130.78,-140.12,0.03201317799572856
48,5.74,3.5566,0.10589,0.2469,7.649,23.918,-102.94,-108.71,0.36766614162691436
48,5.74,3.6854,0.24761,0.24506,24.335,27.921,-103.31,-105.12,0.004495750983191882
48,5.74,4.3716,0.24506,0.37961,27.921,36.21,-105.12,-101.3,0.1900652152741587
50,6.53,1.4921,0.22388,0.19857,52.42,50.431,-90.0,-90.0,0.05210166242682612
50,6.53,1.6913,0.52691,0.43726,52.408,57.838,-90.0,-90.0,0.0809966904968003
50,6.53,1.9389,0.44817,0.43676,87.818,82.682,90.0,-90.0,0.011199924665080296
50,6.53,2.5457,0.22388,0.43726,52.42,57.838,-90.0,-90.0,0.29072445220912135
50,6.53,2.6484,0.41145,0.44817,78.294,87.818,90.0,90.0,0.03712571532349224
50,6.53,3.2942,0.43676,0.52691,82.682,52.408,-90.0,-90.0,0.08149358362199133
50,6.53,3.3297,0.38078,0.41145,79.11,78.294,90.0,90.0,0.03364293713091959
50,6.53,3.445,0.22388,0.52691,52.42,52.408,-90.0,-90.0,0.37172114270592166
50,6.53,3.5364,0.19857,0.43726,50.431,57.838,-90.0,-90.0,0.3428261146359475
50,6.53,4.0924,0.19857,0.37492,50.431,40.773,-90.0,-90.0,0.27602497254636205
50,6.53,4.4185,0.14074,0.11768,22.27,16.349,-90.0,-90.0,0.07771488697190287
50,6.53,4.422,0.29094,0.23865,34.949,38.371,90.0,90.0,0.08604199579690519
50,6.53,4.5783,0.41145,0.43676,78.294,82.682,90.0,-90.0,0.02592579065841194
50,6.53,4.6752,0.43676,0.43726,82.682,57.838,-90.0,-90.0,0.0004968931251910225
50,6.53,4.7171,0.29094,0.68661,34.949,49.562,90.0,90.0,0.3729066898355283
50,6.53,4.7762,0.19857,0.52691,50.431,52.408,-90.0,-90.0,0.4238228051327478
51,5.01,1.6913,0.13414,0.15199,8.2072,9.0438,-23.93,-35.84,0.05425671299484147
51,5.01,1.9389,0.23052,0.1803,18.475,10.707,14.94,-0.19,0.1067128841869166
51,5.01,2.6484,0.21893,0.23052,12.914,18.475,32.16,14.94,0.022403333846891305
51,5.01,2.7735,0.12721,0.12695,7.6929,9.4702,68.2,68.21,0.000888547408587459
51,5.01,3.2942,0.1803,0.13414,10.707,8.2072,-0.19,-23.93,0.1284374247177691
51,5.01,3.3297,0.17185,0.21893,10.161,12.914,51.98,32.16,0.10515574058918309
51,5.01,3.5364,0.052531,0.15199,3.3531,9.0438,-48.83,-35.84,0.46139934672352767
51,5.01,4.0924,0.052531,0.1873,3.3531,10.216,-48.83,-62.7,0.5521221090992907
51,5.01,4.5783,0.21893,0.1803,12.914,10.707,32.16,-0.19,0.0843095503400253
51,5.01,4.6752,0.1803,0.15199,10.707,9.0438,-0.19,-35.84,0.07418071172292762
51,5.01,4.7762,0.052531,0.13414,3.3531,8.2072,-48.83,-23.93,0.4071426337286862
61,5.94,0.0881,0.30842,0.38956,16.346,17.864,-18.47,-17.69,0.10143182433262288
71,5.9,0.1957,0.10942,0.12079,10.314,9.8928,-129.61,-129.56,0.04293427082556156
71,5.9,0.1985,0.10942,0.087219,10.314,8.5577,-129.61,-129.63,0.09848560743185264
71,5.9,0.3941,0.087219,0.12079,8.5577,9.8928,-129.63,-129.56,0.1414198782574142
71,5.9,0.5764,0.1048,0.083264,8.769,8.9608,-130.99,-129.72,0.09990401210223443
71,5.9,0.7867,0.12079,0.14269,9.8928,11.397,-129.56,-128.48,0.07236255668998537
71,5.9,0.8183,0.087219,0.083264,8.5577,8.9608,-129.63,-129.72,0.020153832464124388
71,5.9,0.8634,0.087219,0.1048,8.5577,8.769,-129.63,-130.99,0.07975017963811004
71,5.9,0.8803,0.083597,0.11127,8.7062,8.9533,-131.85,-129.83,0.12418739561910497
71,5.9,0.9556,0.10942,0.14269,10.314,11.397,-129.61,-128.48,0.11529682751554693
71,5.9,0.9786,0.1048,0.083597,8.769,8.7062,-130.99,-131.85,0.09817059021854024
71,5.9,0.989,0.11259,0.14664,10.807,11.566,-127.3,-129.32,0.11475263282141546
71,5.9,1.0063,0.083264,0.11127,8.9608,8.9533,-129.72,-129.83,0.12592081750279915
71,5.9,1.0168,0.10942,0.083264,10.314,8.9608,-129.61,-129.72,0.11863943989597703
71,5.9,1.0239,0.10942,0.1048,10.314,8.769,-129.61,-130.99,0.0187354277937426
71,5.9,1.1148,0.11259,0.20004,10.807,14.738,-127.3,-125.71,0.24961702674288533
71,5.9,1.1302,0.14269,0.11259,11.397,10.807,-128.48,-127.3,0.10289371882425258
71,5.9,1.1319,0.087219,0.14269,8.5577,11.397,-129.63,-128.48,0.21378243494739957
71,5.9,1.1497,0.083597,0.083264,8.7062,8.9608,-131.85,-129.72,0.0017334218836941861
71,5.9,1.1976,0.12079,0.1048,9.8928,8.769,-129.56,-130.99,0.06166969861930416
71,5.9,1.2123,0.12079,0.083264,9.8928,8.9608,-129.56,-129.72,0.1615737107215386
71,5.9,1.2501,0.14269,0.14664,11.397,11.566,-128.48,-129.32,0.011858913997162879
71,5.9,1.2833,0.14269,0.20004,11.397,14.738,-128.48,-125.71,0.14672330791863275
71,5.9,1.2897,0.1048,0.11127,8.769,8.9533,-130.99,-129.83,0.026016805400564724
71,5.9,1.7456,0.083264,0.11235,8.9608,7.9286,-129.72,-125.63,0.13011580620967433
71,5.9,1.8018,0.12079,0.14664,9.8928,11.566,-129.56,-129.32,0.08422147068714825
71,5.9,1.8065,0.087219,0.083597,8.5577,8.7062,-129.63,-131.85,0.018420410580430202
71,5.9,1.8246,0.087219,0.11127,8.5577,8.9533,-129.63,-129.83,0.10576698503867477
71,5.9,1.9047,0.14269,0.083264,11.397,8.9608,-128.48,-129.72,0.23393626741152396
71,5.9,1.9082,0.12079,0.10337,9.8928,9.6895,-129.56,-133.18,0.06763646499347697
71,5.9,1.9102,0.087219,0.11235,8.5577,7.9286,-129.63,-125.63,0.10996197374554995
71,5.9,1.9118,0.12079,0.11259,9.8928,10.807,-129.56,-127.3,0.03053116213426721
71,5.9,1.9143,0.12079,0.20004,9.8928,14.738,-129.56,-125.71,0.21908586460861812
71,5.9,1.9609,0.20004,0.11235,14.738,7.9286,-125.71,-125.63,0.2505437691204824
71,5.9,1.979,0.14269,0.1048,11.397,8.769,-128.48,-130.99,0.13403225530928953
71,5.9,1.9843,0.10942,0.083597,10.314,8.7062,-129.61,-131.85,0.11690601801228284
71,5.9,1.9877,0.20004,0.14664,14.738,11.566,-125.71,-129.32,0.13486439392146987
71,5.9,1.9928,0.10942,0.10337,10.314,9.6895,-129.61,-133.18,0.024702194167915414
71,5.9,1.9956,0.10337,0.14664,9.6895,11.566,-133.18,-129.32,0.15185793568062522
71,5.9,1.9974,0.10942,0.14664,10.314,11.566,-129.61,-129.32,0.1271557415127098
71,5.9,1.9985,0.10942,0.11235,10.314,7.9286,-129.61,-125.63,0.011476366313697306
71,5.9,2.0119,0.10942,0.20004,10.314,14.738,-129.61,-125.71,0.2620201354341797
71,5.9,2.0231,0.10942,0.11127,10.314,8.9533,-129.61,-129.83,0.007281377606822126
71,5.9,2.0332,0.11235,0.11127,7.9286,8.9533,-125.63,-129.83,0.00419498870687518
71,5.9,2.0855,0.10942,0.11259,10.314,10.807,-129.61,-127.3,0.012403108691294351
71,5.9,2.0922,0.12079,0.11235,9.8928,7.9286,-129.56,-125.63,0.031457904511864254
71,5.9,2.102,0.087219,0.10337,8.5577,9.6895,-129.63,-133.18,0.07378341326393723
71,5.9,2.1168,0.087219,0.20004,8.5577,14.738,-129.63,-125.71,0.3605057428660323
71,5.9,2.1666,0.12079,0.083597,9.8928,8.7062,-129.56,-131.85,0.1598402888378444
71,5.9,2.1947,0.14269,0.10337,11.397,9.6895,-128.48,-133.18,0.13999902168346234
71,5.9,2.1959,0.087219,0.14664,8.5577,11.566,-129.63,-129.32,0.22564134894456245
71,5.9,2.2004,0.14269,0.11235,11.397,7.9286,-128.48,-125.63,0.10382046120184962
71,5.9,2.2143,0.1048,0.10337,8.769,9.6895,-130.99,-133.18,0.005966766374172816
71,5.9,2.2185,0.12079,0.11127,9.8928,8.9533,-129.56,-129.83,0.035652893218739434
71,5.9,2.2613,0.087219,0.11259,8.5577,10.807,-129.63,-127.3,0.11088871612314699
71,5.9,2.3027,0.1048,0.11235,8.769,7.9286,-130.99,-125.63,0.030211794107439904
71,5.9,2.6624,0.083264,0.20004,8.9608,14.738,-129.72,-125.71,0.3806595753301567
71,5.9,2.6652,0.083264,0.10337,8.9608,9.6895,-129.72,-133.18,0.09393724572806161
71,5.9,2.7186,0.083597,0.11235,8.7062,7.9286,-131.85,-125.63,0.12838238432598015
71,5.9,2.8324,0.11259,0.10337,10.807,9.6895,-127.3,-133.18,0.037105302859209766
71,5.9,2.8891,0.14269,0.11127,11.397,8.9533,-128.48,-129.83,0.1080154499087248
71,5.9,2.8898,0.11259,0.11235,10.807,7.9286,-127.3,-125.63,0.0009267423775970451
71,5.9,2.919,0.1048,0.14664,8.769,11.566,-130.99,-129.32,0.1458911693064524
71,5.9,2.9376,0.14269,0.083597,11.397,8.7062,-128.48,-131.85,0.23220284552782977
71,5.9,2.9536,0.083597,0.10337,8.7062,9.6895,-131.85,-133.18,0.09220382384436743
71,5.9,2.9563,0.1048,0.20004,8.769,14.738,-130.99,-125.71,0.2807555632279223
71,5.9,3.0141,0.083264,0.14664,8.9608,11.566,-129.72,-129.32,0.24579518140868684
71,5.9,3.0148,0.11259,0.083264,10.807,8.9608,-127.3,-129.72,0.13104254858727138
71,5.9,3.108,0.1048,0.11259,8.769,10.807,-130.99,-127.3,0.03113853648503695
71,5.9,3.4248,0.11235,0.14664,7.9286,11.566,-125.63,-129.32,0.1156793751990125
71,5.9,3.4586,0.20004,0.10337,14.738,9.6895,-125.71,-133.18,0.2867223296020951
71,5.9,3.4816,0.20004,0.11127,14.738,8.9533,-125.71,-129.83,0.25473875782735755
71,5.9,3.5,0.11127,0.10337,8.9533,9.6895,-129.83,-133.18,0.03198357177473754
71,5.9,3.8073,0.083597,0.20004,8.7062,14.738,-131.85,-125.71,0.3789261534464625
71,5.9,3.8941,0.083597,0.14664,8.7062,11.566,-131.85,-129.32,0.24406175952499265
71,5.9,3.9759,0.11259,0.11127,10.807,8.9533,-127.3,-129.83,0.005121731084472225
71,5.9,3.9907,0.11235,0.10337,7.9286,9.6895,-125.63,-133.18,0.03617856048161272
71,5.9,4.0202,0.11127,0.14664,8.9533,11.566,-129.83,-129.32,0.11987436390588768
71,5.9,4.0675,0.11259,0.083597,10.807,8.7062,-127.3,-131.85,0.1293091267035772
76,6.36,1.0639,0.11029,0.092588,10.525,8.0297,49.68,49.95,0.07598143374963029
76,6.36,1.1225,0.092588,0.13433,8.0297,9.9776,49.95,50.84,0.1616183117772152
76,6.36,1.3316,0.089073,0.081517,11.554,7.3056,84.31,84.76,0.038497891377941684
76,6.36,1.3488,0.094082,0.081027,13.704,12.135,61.71,62.88,0.06487678150081133
76,6.36,1.4567,0.10062,0.056452,17.227,11.538,70.06,68.9,0.2510049801286134
76,6.36,1.5526,0.062929,0.13658,5.9724,10.643,51.81,52.74,0.3365362779209735
76,6.36,1.6165,0.091789,0.11029,12.963,10.525,48.48,49.68,0.07974549828279476
76,6.36,1.6257,0.10062,0.11849,17.227,19.171,70.06,67.83,0.07099738648655396
76,6.36,1.634,0.062929,0.13433,5.9724,9.9776,51.81,50.84,0.3293221842883156
76,6.36,1.7791,0.12017,0.15565,21.734,21.05,55.56,56.06,0.11235306384617416
76,6.36,1.8521,0.091789,0.029969,12.963,4.8123,48.48,46.67,0.4861183867091712
76,6.36,1.9205,0.13658,0.12147,10.643,10.45,52.74,53.76,0.05091807689431049
76,6.36,1.9645,0.056452,0.11849,11.538,19.171,68.9,67.83,0.32200236661516735
76,6.36,2.0408,0.16227,0.089073,18.862,11.554,81.19,84.31,0.26049215645739576
76,6.36,2.0926,0.11029,0.13433,10.525,9.9776,49.68,50.84,0.0856368780275849
76,6.36,2.1089,0.12147,0.098653,10.45,9.0145,53.76,54.97,0.09035873496995794
76,6.36,2.1204,0.25923,0.16373,29.233,13.962,77.31,78.99,0.1995569980315186
76,6.36,2.2137,0.10062,0.050859,17.227,10.448,70.06,73.26,0.2963164962525062
76,6.36,2.2137,0.11849,0.12107,19.171,15.941,67.83,65.42,0.009354842935681229
76,6.36,2.3188,0.081517,0.12079,7.3056,11.865,84.76,86.62,0.1707827929406226
76,6.36,2.3479,0.16227,0.16373,18.862,13.962,81.19,78.99,0.00389002566168295
76,6.36,2.374,0.029969,0.045545,4.8123,5.9891,46.67,45.49,0.18176845468094838
76,6.36,2.3769,0.12079,0.050585,11.865,5.8167,86.62,86.28,0.37800922693699734
76,6.36,2.4641,0.11236,0.25923,14.328,29.233,73.55,77.31,0.36307352932538794
76,6.36,2.4727,0.11236,0.050859,14.328,10.448,73.55,73.26,0.34424391379231734
76,6.36,2.5202,0.081442,0.12107,9.0554,15.941,68.92,65.42,0.17218811216512342
76,6.36,2.5209,0.093996,0.094082,15.022,13.704,64.58,61.71,0.00039716849441950863
76,6.36,2.5258,0.25923,0.16227,29.233,18.862,77.31,81.19,0.20344702369320156
76,6.36,2.5334,0.081027,0.13278,12.135,10.322,62.88,64.23,0.21450290472706168
76,6.36,2.608,0.16227,0.081517,18.862,7.3056,81.19,84.76,0.29899004783533745
76,6.36,2.6111,0.091789,0.092588,12.963,8.0297,48.48,49.95,0.0037640645331644684
76,6.36,2.6396,0.12205,0.064385,8.0402,7.9794,48.96,50.88,0.2777530837227894
76,6.36,2.6929,0.093996,0.081027,15.022,12.135,64.58,62.88,0.06447961300639182
76,6.36,2.742,0.092588,0.062929,8.0297,5.9724,49.95,51.81,0.16770387251110042
76,6.36,2.7769,0.074142,0.12205,7.7779,8.0402,50.06,48.96,0.21647348669348376
76,6.36,2.8319,0.081442,0.11849,9.0554,19.171,68.92,67.83,0.1628332692294422
76,6.36,2.9352,0.17816,0.089073,21.791,11.554,85.32,84.31,0.30106412432165064
76,6.36,3.1616,0.10062,0.11236,17.227,14.328,70.06,73.55,0.04792741753981111
76,6.36,3.1655,0.056452,0.050859,11.538,10.448,68.9,73.26,0.04531151612389284
76,6.36,3.1702,0.081442,0.11236,9.0554,14.328,68.92,73.55,0.13976330028269934
76,6.36,3.1751,0.11029,0.12229,10.525,19.046,49.68,51.88,0.04485480827504429
76,6.36,3.1798,0.091789,0.12229,12.963,19.046,48.48,51.88,0.12460030655783905
76,6.36,3.1857,0.13433,0.13658,9.9776,10.643,50.84,52.74,0.007214093632657903
76,6.36,3.218,0.13278,0.074686,10.322,6.9618,64.23,66.97,0.24989346400253099
76,6.36,3.2566,0.08191,0.089935,8.6572,10.307,59.29,58.71,0.04059181306124482
76,6.36,3.4085,0.093996,0.056452,15.022,11.538,64.58,68.9,0.2214300397291158
76,6.36,3.4124,0.074686,0.062852,6.9618,7.1914,66.97,69.25,0.07492009847503267
76,6.36,3.4307,0.25923,0.050859,29.233,10.448,77.31,73.26,0.7073174431177053
76,6.36,3.4347,0.10062,0.081442,17.227,9.0554,70.06,68.92,0.09183588274288823
76,6.36,3.44,0.029969,0.11029,4.8123,10.525,46.67,49.68,0.5658638849919659
76,6.36,3.4718,0.062929,0.12147,5.9724,10.45,51.81,53.76,0.285618201026663
76,6.36,3.5888,0.089073,0.12079,11.554,11.865,84.31,86.62,0.1322849015626809
76,6.36,3.6969,0.091789,0.13433,12.963,9.9776,48.48,50.84,0.16538237631037966
76,6.36,3.7239,0.11029,0.062929,10.525,5.9724,49.68,51.81,0.2436853062607307
76,6.36,3.7395,0.11236,0.16373,14.328,13.962,73.55,78.99,0.16351653129386934
76,6.36,3.7539,0.10062,0.12107,17.227,15.941,70.06,65.42,0.08035222942223519
76,6.36,3.7727,0.16373,0.089073,13.962,11.554,78.99,84.31,0.2643821821190787
76,6.36,3.7997,0.11849,0.050859,19.171,10.448,67.83,73.26,0.3673138827390602
76,6.36,3.8523,0.094082,0.13278,13.704,10.322,61.71,64.23,0.14962612322625035
76,6.36,3.8784,0.094082,0.08191,13.704,8.6572,61.71,59.29,0.06016961515202812
76,6.36,3.9585,0.092588,0.12229,8.0297,19.046,49.95,51.88,0.12083624202467458
76,6.36,3.9755,0.093996,0.11849,15.022,19.171,64.58,67.83,0.10057232688605156
76,6.36,4.003,0.16227,0.17816,18.862,21.791,81.19,85.32,0.040571967864254876
76,6.36,4.0241,0.16373,0.17816,13.962,21.791,78.99,85.32,0.03668194220257193
76,6.36,4.0246,0.13658,0.098653,10.643,9.0145,52.74,54.97,0.14127681186426844
76,6.36,4.0413,0.12229,0.12017,19.046,21.734,51.88,55.56,0.007594883824827869
76,6.36,4.0425,0.091789,0.045545,12.963,5.9891,48.48,45.49,0.3043499320282228
76,6.36,4.0644,0.11236,0.11849,14.328,19.171,73.55,67.83,0.023069968946742847
76,6.36,4.1004,0.056452,0.12107,11.538,15.941,68.9,65.42,0.3313572095508486
76,6.36,4.1811,0.17816,0.081517,21.791,7.3056,85.32,84.76,0.3395620156995923
76,6.36,4.2938,0.092588,0.13658,8.0297,10.643,49.95,52.74,0.1688324054098731
76,6.36,4.304,0.15565,0.094082,21.05,13.704,56.06,61.71,0.2186425839338828
76,6.36,4.3075,0.093996,0.08191,15.022,8.6572,64.58,59.29,0.05977244665760861
76,6.36,4.3272,0.12107,0.089935,15.941,10.307,65.42,58.71,0.12910780341809658
76,6.36,4.3581,0.029969,0.092588,4.8123,8.0297,46.67,49.95,0.48988245124233565
76,6.36,4.4008,0.029969,0.12229,4.8123,19.046,46.67,51.88,0.6107186932670102
76,6.36,4.4291,0.081517,0.050585,7.3056,5.8167,84.76,86.28,0.20722643399637475
76,6.36,4.456,0.13433,0.12229,9.9776,19.046,50.84,51.88,0.04078206975254062
76,6.36,4.471,0.062852,0.063115,7.1914,6.0455,69.25,70.14,0.0018134847175224067
76,6.36,4.5488,0.25923,0.089073,29.233,11.554,77.31,84.31,0.4639391801505973
76,6.36,4.5668,0.081442,0.056452,9.0554,11.538,68.92,68.9,0.15916909738572516
76,6.36,4.5994,0.11236,0.056452,14.328,11.538,73.55,68.9,0.2989323976684245
76,6.36,4.6234,0.15565,0.08191,21.05,8.6572,56.06,59.29,0.27881219908591093
76,6.36,4.6369,0.081442,0.050859,9.0554,10.448,68.92,73.26,0.204480613509618
76,6.36,4.6759,0.093996,0.13278,15.022,10.322,64.58,64.23,0.15002329172066986
76,6.36,4.6846,0.10062,0.093996,17.227,15.022,70.06,64.58,0.029574940399497596
76,6.36,4.7535,0.15565,0.074142,21.05,7.7779,56.06,50.06,0.32208482795881044
76,6.36,4.7722,0.16373,0.081517,13.962,7.3056,78.99,84.76,0.3028800734970204
76,6.36,4.7738,0.16227,0.12079,18.862,11.865,81.19,86.62,0.12820725489471485
76,6.36,4.8376,0.093996,0.12107,15.022,15.941,64.58,65.42,0.10992716982173278
76,6.36,4.898,0.12107,0.08191,15.941,8.6572,65.42,59.29,0.1696996164793414
76,6.36,4.9671,0.11236,0.16227,14.328,18.862,73.55,81.19,0.1596265056321864
77,5.09,0.1876,0.16254,0.16063,8.7481,8.4437,-90.0,-90.0,0.005133596057470213
77,5.09,1.4895,0.084203,0.12378,4.1336,5.3745,75.57,77.61,0.16732291345767125
77,5.09,1.8947,0.2324,0.12564,9.2067,8.6062,64.34,85.25,0.267108195991826
77,5.09,2.069,0.28745,0.22049,8.1041,6.3818,90.0,103.17,0.11517341551963967
77,5.09,2.308,0.55772,0.21522,19.051,6.4217,90.0,90.0,0.4135335916365356
77,5.09,2.4623,0.55772,0.28745,19.051,8.1041,90.0,90.0,0.28785390571415215
77,5.09,2.6095,0.11002,0.2324,6.0018,9.2067,28.22,64.34,0.324764483104546
77,5.09,3.0516,0.55772,0.12564,19.051,8.6062,90.0,85.25,0.6472882909696787
77,5.09,3.195,0.21522,0.13126,6.4217,5.6443,90.0,-116.26,0.21475022713870595
77,5.09,4.0263,0.21522,0.12564,6.4217,8.6062,90.0,85.25,0.23375469933314308
77,5.09,4.275,0.12378,0.11534,5.3745,7.7096,77.61,62.87,0.030670531281916658
77,5.09,4.3247,0.55772,0.22049,19.051,6.3818,90.0,103.17,0.4030273212337918
77,5.09,4.4859,0.11002,0.12564,6.0018,8.6062,28.22,85.25,0.05765628711271997
77,5.09,4.5441,0.55772,0.2324,19.051,9.2067,90.0,64.34,0.38018009497785266
77,5.09,4.5855,0.28745,0.21522,8.1041,6.4217,90.0,90.0,0.12567968592238343
77,5.09,4.6635,0.21522,0.2324,6.4217,9.2067,90.0,64.34,0.033353496658682924
77,5.09,4.6768,0.28745,0.12564,8.1041,8.6062,90.0,85.25,0.3594343852555265
78,5.38,1.4895,0.18426,0.055942,8.6764,5.5344,117.69,112.77,0.5176930779153188
79,5.18,1.4895,0.13536,0.16315,7.7919,7.3303,130.49,125.75,0.08109673242894533
79,5.18,1.9924,0.31076,0.18433,12.512,10.319,90.0,90.0,0.2268290896884948
79,5.18,2.308,0.31076,0.091786,12.512,3.9647,90.0,89.86,0.5296486688996774
79,5.18,2.4623,0.31076,0.37377,12.512,12.217,90.0,90.0,0.08017932777311654
79,5.18,2.6101,0.091786,0.18433,3.9647,10.319,89.86,90.0,0.30281957921118263
79,5.18,2.6963,0.37377,0.18433,12.217,10.319,90.0,90.0,0.30700841746161134
79,5.18,3.195,0.091786,0.1433,3.9647,5.4032,89.86,72.46,0.19346974652093551
79,5.18,4.4004,0.1433,0.18433,5.4032,10.319,72.46,90.0,0.10934983269024712
79,5.18,4.5441,0.31076,0.15745,12.512,4.4321,90.0,90.0,0.29528244780352375
79,5.18,4.5855,0.37377,0.091786,12.217,3.9647,90.0,89.86,0.609827996672794
79,5.18,4.6635,0.091786,0.15745,3.9647,4.4321,89.86,90.0,0.23436622109615368
80,5.77,1.4895,0.28441,0.42486,16.885,22.208,142.85,135.38,0.17430098242967595
80,5.77,2.6101,0.19235,0.84463,16.782,47.589,90.0,90.0,0.6425743122133669
80,5.77,2.6963,0.68604,0.84463,32.372,47.589,90.0,90.0,0.09031706459430382
80,5.77,3.195,0.19235,0.30843,16.782,15.222,90.0,88.32,0.20506442322635743
80,5.77,4.4004,0.30843,0.84463,15.222,47.589,88.32,90.0,0.43750988898700943
80,5.77,4.5855,0.68604,0.19235,32.372,16.782,90.0,90.0,0.552257247619063
80,5.77,4.6635,0.19235,0.29473,16.782,16.488,90.0,93.67,0.185332153457327
86,6.5,0.0909,0.034142,0.031166,3.8718,3.8073,-102.65,-102.7,0.03960789167472223
86,6.5,0.1017,0.029654,0.031401,3.9904,3.9795,-102.81,-102.76,0.024860195664078377
86,6.5,0.1933,0.027166,0.034142,3.7148,3.8718,-102.73,-102.65,0.09926326165043631
86,6.5,0.1957,0.027166,0.031166,3.7148,3.8073,-102.73,-102.7,0.05965536997571408
86,6.5,0.1985,0.027166,0.031401,3.7148,3.9795,-102.73,-102.76,0.06291778253118907
86,6.5,0.2042,0.027166,0.029654,3.7148,3.9904,-102.73,-102.81,0.03805758686711069
86,6.5,0.3786,0.034142,0.031401,3.8718,3.9795,-102.65,-102.76,0.03634547911924724
86,6.5,0.3893,0.029654,0.031166,3.9904,3.8073,-102.81,-102.7,0.021597783108603386
86,6.5,0.3941,0.031401,0.031166,3.9795,3.8073,-102.76,-102.7,0.0032624125554749916
86,6.5,0.3975,0.034142,0.029654,3.8718,3.9904,-102.65,-102.81,0.061205674783325614
86,6.5,0.7623,0.034142,0.032601,3.8718,3.8192,-102.65,-102.35,0.020058036226440867
86,6.5,0.7867,0.032601,0.031166,3.8192,3.8073,-102.35,-102.7,0.01954985544828136
86,6.5,0.8183,0.026968,0.031401,3.8355,3.9795,-102.86,-102.76,0.06609473937452015
86,6.5,0.8448,0.029654,0.026968,3.9904,3.8355,-102.81,-102.86,0.04123454371044177
86,6.5,0.855,0.02807,0.025249,3.3911,3.79,-103.6,-103.46,0.045998230301819154
86,6.5,0.9556,0.027166,0.032601,3.7148,3.8192,-102.73,-102.35,0.07920522542399544
86,6.5,0.989,0.029192,0.023449,3.4893,3.4523,-101.92,-102.46,0.09513952372093426
86,6.5,1.0168,0.027166,0.026968,3.7148,3.8355,-102.73,-102.86,0.00317695684333108
86,6.5,1.1037,0.025249,0.030726,3.79,3.9755,-103.46,-103.89,0.0852618438854198
86,6.5,1.1148,0.029192,0.031653,3.4893,4.3132,-101.92,-101.59,0.03515102739967557
86,6.5,1.1302,0.032601,0.029192,3.8192,3.4893,-102.35,-101.92,0.0479670714236502
86,6.5,1.1319,0.032601,0.031401,3.8192,3.9795,-102.35,-102.76,0.01628744289280637
86,6.5,1.1497,0.026968,0.025249,3.8355,3.79,-102.86,-103.46,0.02860455718029553
86,6.5,1.1598,0.029654,0.032601,3.9904,3.8192,-102.81,-102.35,0.04114763855688475
86,6.5,1.1882,0.034142,0.026968,3.8718,3.8355,-102.65,-102.86,0.10244021849376739
86,6.5,1.2123,0.026968,0.031166,3.8355,3.8073,-102.86,-102.7,0.06283232681904516
86,6.5,1.2501,0.032601,0.023449,3.8192,3.4523,-102.35,-102.46,0.14310659514458446
86,6.5,1.2833,0.032601,0.031653,3.8192,4.3132,-102.35,-101.59,0.012816044023974626
86,6.5,1.7272,0.026968,0.030726,3.8355,3.9755,-102.86,-103.89,0.056657286705124266
86,6.5,1.7427,0.02807,0.030726,3.3911,3.9755,-103.6,-103.89,0.03926361358360064
86,6.5,1.7456,0.026968,0.029962,3.8355,3.7508,-102.86,-101.82,0.045722060167833645
86,6.5,1.7807,0.029654,0.025249,3.9904,3.79,-102.81,-103.46,0.0698391008907373
86,6.5,1.8018,0.031166,0.023449,3.8073,3.4523,-102.7,-102.46,0.1235567396963031
86,6.5,1.8065,0.025249,0.031401,3.79,3.9795,-103.46,-102.76,0.09469929655481568
86,6.5,1.8304,0.034142,0.023449,3.8718,3.4523,-102.65,-102.46,0.16316463137102533
86,6.5,1.8481,0.034142,0.031653,3.8718,4.3132,-102.65,-101.59,0.032874080250415494
86,6.5,1.8538,0.02807,0.026968,3.3911,3.8355,-103.6,-102.86,0.017393673121523623
86,6.5,1.8796,0.029654,0.030726,3.9904,3.9755,-102.81,-103.89,0.015422742994682492
86,6.5,1.8922,0.034142,0.029192,3.8718,3.4893,-102.65,-101.92,0.06802510765009107
86,6.5,1.9047,0.032601,0.026968,3.8192,3.8355,-102.35,-102.86,0.08238218226732652
86,6.5,1.9082,0.031166,0.023963,3.8073,3.181,-102.7,-103.59,0.11413987857936303
86,6.5,1.9102,0.031401,0.029962,3.9795,3.7508,-102.76,-101.82,0.020372679206686506
86,6.5,1.9118,0.029192,0.031166,3.4893,3.8073,-101.92,-102.7,0.028417215975368837
86,6.5,1.9143,0.031166,0.031653,3.8073,4.3132,-102.7,-101.59,0.006733811424306735
86,6.5,1.9565,0.031401,0.030726,3.9795,3.9755,-102.76,-103.89,0.009437452669395885
86,6.5,1.9609,0.031653,0.029962,4.3132,3.7508,-101.59,-101.82,0.02384407807551825
86,6.5,1.9843,0.027166,0.025249,3.7148,3.79,-102.73,-103.46,0.03178151402362661
86,6.5,1.9877,0.031653,0.023449,4.3132,3.4523,-101.59,-102.46,0.13029055112060983
86,6.5,1.9928,0.027166,0.023963,3.7148,3.181,-102.73,-103.59,0.05448450860364895
86,6.5,1.9956,0.023963,0.023449,3.181,3.4523,-103.59,-102.46,0.009416861116940067
86,6.5,1.9974,0.027166,0.023449,3.7148,3.4523,-102.73,-102.46,0.06390136972058902
86,6.5,1.9983,0.034142,0.023963,3.8718,3.181,-102.65,-103.59,0.15374777025408526
86,6.5,1.9985,0.027166,0.029962,3.7148,3.7508,-102.73,-101.82,0.042545103324502564
86,6.5,2.005,0.034142,0.029962,3.8718,3.7508,-102.65,-101.82,0.05671815832593374
86,6.5,2.0096,0.029654,0.029962,3.9904,3.7508,-102.81,-101.82,0.004487516457391871
86,6.5,2.0097,0.029654,0.023963,3.9904,3.181,-102.81,-103.59,0.09254209547075964
86,6.5,2.0119,0.027166,0.031653,3.7148,4.3132,-102.73,-101.59,0.06638918140002081
86,6.5,2.0583,0.027166,0.030726,3.7148,3.9755,-102.73,-103.89,0.053480329861793185
86,6.5,2.0855,0.027166,0.029192,3.7148,3.4893,-102.73,-101.92,0.031238154000345242
86,6.5,2.0922,0.031166,0.029962,3.8073,3.7508,-102.7,-101.82,0.017110266651211514
86,6.5,2.102,0.031401,0.023963,3.9795,3.181,-102.76,-103.59,0.11740229113483802
86,6.5,2.1168,0.031401,0.031653,3.9795,4.3132,-102.76,-101.59,0.003471398868831743
86,6.5,2.1514,0.02807,0.019831,3.3911,1.8157,-103.6,-104.47,0.15089779809974502
86,6.5,2.1564,0.030726,0.023963,3.9755,3.181,-103.89,-103.59,0.10796483846544214
86,6.5,2.1666,0.025249,0.031166,3.79,3.8073,-103.46,-102.7,0.09143688399934069
86,6.5,2.177,0.034142,0.025249,3.8718,3.79,-102.65,-103.46,0.13104477567406292
86,6.5,2.1794,0.031166,0.030726,3.8073,3.9755,-102.7,-103.89,0.006175040113920893
86,6.5,2.1795,0.029654,0.023449,3.9904,3.4523,-102.81,-102.46,0.10195895658769971
86,6.5,2.189,0.029654,0.031653,3.9904,4.3132,-102.81,-101.59,0.02833159453291012
86,6.5,2.1947,0.032601,0.023963,3.8192,3.181,-102.35,-103.59,0.1336897340276444
86,6.5,2.1959,0.031401,0.023449,3.9795,3.4523,-102.76,-102.46,0.1268191522517781
86,6.5,2.2004,0.032601,0.029962,3.8192,3.7508,-102.35,-101.82,0.036660122099492876
86,6.5,2.2325,0.034142,0.030726,3.8718,3.9755,-102.65,-103.89,0.04578293178864312
86,6.5,2.2613,0.029192,0.031401,3.4893,3.9795,-101.92,-102.76,0.03167962853084383
86,6.5,2.2897,0.029654,0.029192,3.9904,3.4893,-102.81,-101.92,0.006819432866765451
86,6.5,2.5909,0.02807,0.029654,3.3911,3.9904,-103.6,-102.81,0.02384087058891815
86,6.5,2.6032,0.02807,0.031401,3.3911,3.9795,-103.6,-102.76,0.04870106625299653
86,6.5,2.6624,0.026968,0.031653,3.8355,4.3132,-102.86,-101.59,0.0695661382433519
86,6.5,2.6652,0.026968,0.023963,3.8355,3.181,-102.86,-103.59,0.05130755176031787
86,6.5,2.7186,0.025249,0.029962,3.79,3.7508,-103.46,-101.82,0.07432661734812918
86,6.5,2.7911,0.027166,0.02807,3.7148,3.3911,-102.73,-103.6,0.014216716278192543
86,6.5,2.8324,0.029192,0.023963,3.4893,3.181,-101.92,-103.59,0.08572266260399419
86,6.5,2.8898,0.029192,0.029962,3.4893,3.7508,-101.92,-101.82,0.011306949324157323
86,6.5,2.9376,0.032601,0.025249,3.8192,3.79,-102.35,-103.46,0.11098673944762205
86,6.5,2.9434,0.032601,0.030726,3.8192,3.9755,-102.35,-103.89,0.025724895562202255
86,6.5,2.9488,0.019831,0.025249,1.8157,3.79,-104.47,-103.46,0.10489956779792586
86,6.5,2.9536,0.025249,0.023963,3.79,3.181,-103.46,-103.59,0.02270299458002234
86,6.5,2.9802,0.02807,0.031166,3.3911,3.8073,-103.6,-102.7,0.045438653697521536
86,6.5,2.9806,0.02807,0.034142,3.3911,3.8718,-103.6,-102.65,0.08504654537224376
86,6.5,3.0141,0.026968,0.023449,3.8355,3.4523,-102.86,-102.46,0.06072441287725794
86,6.5,3.0148,0.026968,0.029192,3.8355,3.4893,-102.86,-101.92,0.03441511084367632
86,6.5,3.1132,0.02807,0.029962,3.3911,3.7508,-103.6,-101.82,0.028328387046310022
86,6.5,3.4248,0.029962,0.023449,3.7508,3.4523,-101.82,-102.46,0.10644647304509158
86,6.5,3.4416,0.019831,0.030726,1.8157,3.9755,-104.47,-103.89,0.19016141168334566
86,6.5,3.4586,0.031653,0.023963,4.3132,3.181,-101.59,-103.59,0.12087369000366976
86,6.5,3.4722,0.029962,0.030726,3.7508,3.9755,-101.82,-103.89,0.010935226537290621
86,6.5,3.5862,0.030726,0.023449,3.9755,3.4523,-103.89,-102.46,0.1173816995823822
86,6.5,3.7317,0.02807,0.032601,3.3911,3.8192,-103.6,-102.35,0.0649885091458029
86,6.5,3.7721,0.02807,0.023963,3.3911,3.181,-103.6,-103.59,0.0687012248818415
86,6.5,3.8073,0.025249,0.031653,3.79,4.3132,-103.46,-101.59,0.09817069542364742
86,6.5,3.8941,0.025249,0.023449,3.79,3.4523,-103.46,-102.46,0.03211985569696241
86,6.5,3.9907,0.029962,0.023963,3.7508,3.181,-101.82,-103.59,0.09702961192815152
86,6.5,4.0051,0.019831,0.026968,1.8157,3.8355,-104.47,-102.86,0.1335041249782214
86,6.5,4.0229,0.029192,0.030726,3.4893,3.9755,-101.92,-103.89,0.022242175861447944
86,6.5,4.0675,0.029192,0.025249,3.4893,3.79,-101.92,-103.46,0.06301966802397185
86,6.5,4.068,0.031653,0.030726,4.3132,3.9755,-101.59,-103.89,0.012908851538227628
86,6.5,4.4887,0.02807,0.031653,3.3911,4.3132,-103.6,-101.59,0.05217246512182827
86,6.5,4.7257,0.019831,0.029654,1.8157,3.9904,-104.47,-102.81,0.17473866868866317
86,6.5,4.7363,0.02807,0.023449,3.3911,3.4523,-103.6,-102.46,0.07811808599878156
86,6.5,4.7448,0.019831,0.031401,1.8157,3.9795,-104.47,-102.76,0.19959886435274155
86,6.5,4.8556,0.02807,0.029192,3.3911,3.4893,-103.6,-101.92,0.0170214377221527
86,6.5,4.9283,0.027166,0.019831,3.7148,1.8157,-102.73,-104.47,0.13668108182155247
90,6.19,0.3553,0.10779,0.077057,3.0739,2.7458,42.73,44.07,0.14576637496608724
90,6.19,1.4621,0.10779,0.17395,3.0739,9.0354,42.73,39.12,0.20784596115929577
90,6.19,1.7383,0.077057,0.17395,2.7458,9.0354,44.07,39.12,0.353612336125383
90,6.19,1.8614,0.17395,0.19817,9.0354,13.189,39.12,31.64,0.056613476295752085
90,6.19,1.9923,0.19817,0.29315,13.189,18.084,31.64,25.41,0.17005198914145636
90,6.19,3.2409,0.10779,0.19817,3.0739,13.189,42.73,31.64,0.26445943745504785
90,6.19,3.5566,0.077057,0.19817,2.7458,13.189,44.07,31.64,0.4102258124211351
90,6.19,3.6854,0.17395,0.29315,9.0354,18.084,39.12,25.41,0.22666546543720845
90,6.19,4.3716,0.29315,0.2672,18.084,26.775,25.41,3.55,0.04025344471730807
90,6.19,4.3808,0.070129,0.075245,9.376,9.025,8.6,7.29,0.030580000382449235
90,6.19,4.5062,0.2672,0.14166,26.775,5.9009,3.55,-17.24,0.2755892163411374
90,6.19,4.7516,0.070129,0.075804,9.376,6.8105,8.6,17.06,0.033794476793506556
95,5.8,0.0909,0.11086,0.077051,4.5826,3.2183,40.78,40.74,0.15799659471058747
95,5.8,0.1017,0.043511,0.054263,3.0294,3.1777,40.25,40.31,0.09590473595575233
95,5.8,0.1933,0.063735,0.11086,3.619,4.5826,40.52,40.78,0.2403968841112467
95,5.8,0.1957,0.063735,0.077051,3.619,3.2183,40.52,40.74,0.08240028940065924
95,5.8,0.1985,0.063735,0.054263,3.619,3.1777,40.52,40.31,0.06987418952482938
95,5.8,0.2042,0.063735,0.043511,3.619,3.0294,40.52,40.25,0.1657789254805817
95,5.8,0.3786,0.11086,0.054263,4.5826,3.1777,40.78,40.31,0.3102710736360761
95,5.8,0.3893,0.043511,0.077051,3.0294,3.2183,40.25,40.74,0.24817921488124095
95,5.8,0.3941,0.054263,0.077051,3.1777,3.2183,40.31,40.74,0.15227447892548862
95,5.8,0.3975,0.11086,0.043511,4.5826,3.0294,40.78,40.25,0.4061758095918284
95,5.8,0.5764,0.074741,0.058299,4.0437,3.3345,39.15,39.42,0.10789779882160766
95,5.8,0.7623,0.11086,0.039985,4.5826,2.0303,40.78,41.78,0.44287777390316085
95,5.8,0.7867,0.039985,0.077051,2.0303,3.2183,41.78,40.74,0.2848811791925734
95,5.8,0.8183,0.054263,0.058299,3.1777,3.3345,40.31,39.42,0.031157304769752425
95,5.8,0.8202,0.043511,0.074741,3.0294,4.0437,40.25,39.15,0.23495983954711241
95,5.8,0.8448,0.043511,0.058299,3.0294,3.3345,40.25,39.42,0.12706204072550475
95,5.8,0.8634,0.074741,0.054263,4.0437,3.1777,39.15,40.31,0.13905510359136009
95,5.8,0.8803,0.058141,0.097241,3.1232,4.7831,37.9,38.31,0.2233669191851111
95,5.8,0.9556,0.063735,0.039985,3.619,2.0303,40.52,41.78,0.20248088979191414
95,5.8,0.9786,0.074741,0.058141,4.0437,3.1232,39.15,37.9,0.10907640703622623
95,5.8,0.989,0.055625,0.027211,2.0895,1.5573,43.26,42.62,0.3105255216615759
95,5.8,1.0063,0.058299,0.097241,3.3345,4.7831,39.42,38.31,0.22218831097049252
95,5.8,1.0168,0.063735,0.058299,3.619,3.3345,40.52,39.42,0.03871688475507695
95,5.8,1.0239,0.063735,0.074741,3.619,4.0437,40.52,39.15,0.06918091406653071
95,5.8,1.1148,0.055625,0.044912,2.0895,2.2599,43.26,43.03,0.09290762869862412
95,5.8,1.1302,0.039985,0.055625,2.0303,2.0895,41.78,43.26,0.14337292363570642
95,5.8,1.1319,0.039985,0.054263,2.0303,3.1777,41.78,40.31,0.13260670026708476
95,5.8,1.1497,0.058141,0.058299,3.1232,3.3345,37.9,39.42,0.0011786082146185706
95,5.8,1.1598,0.043511,0.039985,3.0294,2.0303,40.25,41.78,0.036701964311332436
95,5.8,1.1882,0.11086,0.058299,4.5826,3.3345,40.78,39.42,0.27911376886632366
95,5.8,1.1976,0.074741,0.077051,4.0437,3.2183,39.15,40.74,0.013219375334128536
95,5.8,1.2123,0.077051,0.058299,3.2183,3.3345,40.74,39.42,0.1211171741557362
95,5.8,1.217,0.11086,0.074741,4.5826,4.0437,40.78,39.15,0.171215970044716
95,5.8,1.2501,0.039985,0.027211,2.0303,1.5573,41.78,42.62,0.16715259802586946
95,5.8,1.2833,0.039985,0.044912,2.0303,2.2599,41.78,43.03,0.050465294937082295
95,5.8,1.2897,0.074741,0.097241,4.0437,4.7831,39.15,38.31,0.11429051214888486
95,5.8,1.7456,0.058299,0.051454,3.3345,2.7131,39.42,40.91,0.05424196321290453
95,5.8,1.7807,0.043511,0.058141,3.0294,3.1232,40.25,37.9,0.12588343251088618
95,5.8,1.8018,0.077051,0.027211,3.2183,1.5573,40.74,42.62,0.45203377721844284
95,5.8,1.8065,0.058141,0.054263,3.1232,3.1777,37.9,40.31,0.029978696555133855
95,5.8,1.8246,0.054263,0.097241,3.1777,4.7831,40.31,38.31,0.25334561574024494
95,5.8,1.8304,0.11086,0.027211,4.5826,1.5573,40.78,42.62,0.6100303719290303
95,5.8,1.8481,0.11086,0.044912,4.5826,2.2599,40.78,43.03,0.39241247896607856
95,5.8,1.8481,0.043511,0.097241,3.0294,4.7831,40.25,38.31,0.3492503516959973
95,5.8,1.8922,0.11086,0.055625,4.5826,2.0895,40.78,43.26,0.29950485026745444
95,5.8,1.9047,0.039985,0.058299,2.0303,3.3345,41.78,39.42,0.1637640050368372
95,5.8,1.9082,0.077051,0.04461,3.2183,1.8657,40.74,40.24,0.23734605630423844
95,5.8,1.9102,0.054263,0.051454,3.1777,2.7131,40.31,40.91,0.023084658443152106
95,5.8,1.9118,0.055625,0.077051,2.0895,3.2183,43.26,40.74,0.14150825555686697
95,5.8,1.9143,0.077051,0.044912,3.2183,2.2599,40.74,43.03,0.2344158842554911
95,5.8,1.9609,0.044912,0.051454,2.2599,2.7131,43.03,40.91,0.059056746886850364
95,5.8,1.979,0.039985,0.074741,2.0303,4.0437,41.78,39.15,0.27166180385844485
95,5.8,1.9843,0.063735,0.058141,3.619,3.1232,40.52,37.9,0.03989549296969552
95,5.8,1.9877,0.044912,0.027211,2.2599,1.5573,43.03,42.62,0.21761789296295175
95,5.8,1.9928,0.063735,0.04461,3.619,1.8657,40.52,40.24,0.1549457669035792
95,5.8,1.9956,0.04461,0.027211,1.8657,1.5573,40.24,42.62,0.2146877209142044
95,5.8,1.9974,0.063735,0.027211,3.619,1.5573,40.52,42.62,0.3696334878177836
95,5.8,1.9983,0.11086,0.04461,4.5826,1.8657,40.78,40.24,0.3953426510148259
95,5.8,1.9985,0.063735,0.051454,3.619,2.7131,40.52,40.91,0.09295884796798148
95,5.8,2.005,0.11086,0.051454,4.5826,2.7131,40.78,40.91,0.3333557320792282
95,5.8,2.0096,0.043511,0.051454,3.0294,2.7131,40.25,40.91,0.07282007751260022
95,5.8,2.0097,0.043511,0.04461,3.0294,1.8657,40.25,40.24,0.01083315857700251
95,5.8,2.0119,0.063735,0.044912,3.619,2.2599,40.52,43.03,0.15201559485483185
95,5.8,2.0231,0.063735,0.097241,3.619,4.7831,40.52,38.31,0.18347142621541557
95,5.8,2.0332,0.051454,0.097241,2.7131,4.7831,40.91,38.31,0.27643027418339705
95,5.8,2.0855,0.063735,0.055625,3.619,2.0895,40.52,43.26,0.059107966156207725
95,5.8,2.0922,0.077051,0.051454,3.2183,2.7131,40.74,40.91,0.17535913736864073
95,5.8,2.102,0.054263,0.04461,3.1777,1.8657,40.31,40.24,0.08507157737874982
95,5.8,2.1168,0.054263,0.044912,3.1777,2.2599,40.31,43.03,0.08214140533000247
95,5.8,2.1666,0.058141,0.077051,3.1232,3.2183,37.9,40.74,0.12229578237035477
95,5.8,2.177,0.11086,0.058141,4.5826,3.1232,40.78,37.9,0.28029237708094223
95,5.8,2.1795,0.043511,0.027211,3.0294,1.5573,40.25,42.62,0.2038545623372019
95,5.8,2.189,0.043511,0.044912,3.0294,2.2599,40.25,43.03,0.013763330625749859
95,5.8,2.1925,0.11086,0.097241,4.5826,4.7831,40.78,38.31,0.056925457895831144
95,5.8,2.1947,0.039985,0.04461,2.0303,1.8657,41.78,40.24,0.047535122888334946
95,5.8,2.1959,0.054263,0.027211,3.1777,1.5573,40.31,42.62,0.2997592982929542
95,5.8,2.2004,0.039985,0.051454,2.0303,2.7131,41.78,40.91,0.10952204182393266
95,5.8,2.2143,0.074741,0.04461,4.0437,1.8657,39.15,40.24,0.2241266809701099
95,5.8,2.2185,0.077051,0.097241,3.2183,4.7831,40.74,38.31,0.10107113681475632
95,5.8,2.2613,0.055625,0.054263,2.0895,3.1777,43.26,40.31,0.010766223368621652
95,5.8,2.2897,0.043511,0.055625,3.0294,2.0895,40.25,43.26,0.10667095932437398
95,5.8,2.3027,0.074741,0.051454,4.0437,2.7131,39.15,40.91,0.1621397620345122
95,5.8,2.6624,0.058299,0.044912,3.3345,2.2599,39.42,43.03,0.1132987100997549
95,5.8,2.6652,0.058299,0.04461,3.3345,1.8657,39.42,40.24,0.11622888214850224
95,5.8,2.7186,0.058141,0.051454,3.1232,2.7131,37.9,40.91,0.05306335499828596
95,5.8,2.8324,0.055625,0.04461,2.0895,1.8657,43.26,40.24,0.09583780074737147
95,5.8,2.8891,0.039985,0.097241,2.0303,4.7831,41.78,38.31,0.3859523160073297
95,5.8,2.8898,0.055625,0.051454,2.0895,2.7131,43.26,40.91,0.03385088181177376
95,5.8,2.919,0.074741,0.027211,4.0437,1.5573,39.15,42.62,0.4388144018843143
95,5.8,2.9376,0.039985,0.058141,2.0303,3.1232,41.78,37.9,0.16258539682221862
95,5.8,2.9536,0.058141,0.04461,3.1232,1.8657,37.9,40.24,0.11505027393388367
95,5.8,2.9563,0.074741,0.044912,4.0437,2.2599,39.15,43.03,0.22119650892136256
95,5.8,3.0141,0.058299,0.027211,3.3345,1.5573,39.42,42.62,0.33091660306270665
95,5.8,3.0148,0.055625,0.058299,2.0895,3.3345,43.26,39.42,0.020391081401130773
95,5.8,3.108,0.074741,0.055625,4.0437,2.0895,39.15,43.26,0.12828888022273843
95,5.8,3.4248,0.051454,0.027211,2.7131,1.5573,40.91,42.62,0.2766746398498021
95,5.8,3.4586,0.044912,0.04461,2.2599,1.8657,43.03,40.24,0.002930172048747348
95,5.8,3.4816,0.044912,0.097241,2.2599,4.7831,43.03,38.31,0.3354870210702474
95,5.8,3.5,0.097241,0.04461,4.7831,1.8657,38.31,40.24,0.33841719311899476
95,5.8,3.8073,0.058141,0.044912,3.1232,2.2599,37.9,43.03,0.11212010188513633
95,5.8,3.8941,0.058141,0.027211,3.1232,1.5573,37.9,42.62,0.3297379948480881
95,5.8,3.9759,0.055625,0.097241,2.0895,4.7831,43.26,38.31,0.2425793923716233
95,5.8,3.9907,0.051454,0.04461,2.7131,1.8657,40.91,40.24,0.06198691893559771
95,5.8,4.0202,0.097241,0.027211,4.7831,1.5573,38.31,42.62,0.5531049140331992
95,5.8,4.0675,0.055625,0.058141,2.0895,3.1232,43.26,37.9,0.019212473186512202
100,6.32,0.0909,0.18317,0.17241,25.14,24.793,-30.45,-30.54,0.026291893562833124
100,6.32,0.1017,0.16118,0.16109,25.285,25.004,-30.45,-30.35,0.00024256992203686156
100,6.32,0.1933,0.1965,0.18317,26.205,25.14,-30.45,-30.45,0.03050820929525233
100,6.32,0.1957,0.1965,0.17241,26.205,24.793,-30.45,-30.54,0.056800102858085455
100,6.32,0.1985,0.1965,0.16109,26.205,25.004,-30.45,-30.35,0.08629397319734822
100,6.32,0.2042,0.1965,0.16118,26.205,25.285,-30.45,-30.45,0.08605140327531136
100,6.32,0.3786,0.18317,0.16109,25.14,25.004,-30.45,-30.35,0.055785763902095886
100,6.32,0.3893,0.16118,0.17241,25.285,24.793,-30.45,-30.54,0.0292513004172259
100,6.32,0.3941,0.16109,0.17241,25.004,24.793,-30.35,-30.54,0.029493870339262762
100,6.32,0.3975,0.18317,0.16118,25.14,25.285,-30.45,-30.45,0.055543193980059025
100,6.32,0.5764,0.21805,0.18869,31.646,27.345,-30.49,-29.94,0.0628072065302504
100,6.32,0.7623,0.18317,0.15966,25.14,23.753,-30.45,-30.46,0.05965822048116076
100,6.32,0.7867,0.15966,0.17241,23.753,24.793,-30.46,-30.54,0.03336632691832764
100,6.32,0.8183,0.16109,0.18869,25.004,27.345,-30.35,-29.94,0.06868030296509753
100,6.32,0.8202,0.16118,0.21805,25.285,31.646,-30.45,-30.49,0.13124493957331107
100,6.32,0.8448,0.16118,0.18869,25.285,27.345,-30.45,-29.94,0.06843773304306067
100,6.32,0.855,0.19463,0.15678,27.009,22.911,-29.84,-30.26,0.09391912253401646
100,6.32,0.8634,0.21805,0.16109,31.646,25.004,-30.49,-30.35,0.13148750949534793
100,6.32,0.8803,0.15678,0.18484,22.911,29.906,-30.26,-29.41,0.07150529973569808
100,6.32,0.9556,0.1965,0.15966,26.205,23.753,-30.45,-30.46,0.09016642977641309
100,6.32,0.9786,0.21805,0.15678,31.646,22.911,-30.49,-30.26,0.143265430898476
100,6.32,0.989,0.13458,0.11604,20.889,20.277,-30.5,-31.38,0.06437280383598487
100,6.32,1.0063,0.18869,0.18484,27.345,29.906,-29.94,-29.41,0.008952924632527504
100,6.32,1.0168,0.1965,0.18869,26.205,27.345,-30.45,-29.94,0.01761367023225069
100,6.32,1.0239,0.1965,0.21805,26.205,31.646,-30.45,-30.49,0.045193536297999715
100,6.32,1.0819,0.19463,0.18484,27.009,29.906,-29.84,-29.41,0.022413822798318384
100,6.32,1.1037,0.15678,0.20201,22.911,25.225,-30.26,-31.37,0.11008220853032746
100,6.32,1.1148,0.13458,0.17361,20.889,23.344,-30.5,-29.49,0.1105942131165979
100,6.32,1.1302,0.15966,0.13458,23.753,20.889,-30.46,-30.5,0.07421560096842106
100,6.32,1.1319,0.15966,0.16109,23.753,25.004,-30.46,-30.35,0.0038724565790648757
100,6.32,1.1497,0.15678,0.18869,22.911,27.345,-30.26,-29.94,0.08045822436822558
100,6.32,1.1598,0.16118,0.15966,25.285,23.753,-30.45,-30.46,0.004115026501101737
100,6.32,1.1882,0.18317,0.18869,25.14,27.345,-30.45,-29.94,0.012894539063001642
100,6.32,1.1976,0.21805,0.17241,31.646,24.793,-30.49,-30.54,0.10199363915608517
100,6.32,1.1985,0.21805,0.20201,31.646,25.225,-30.49,-31.37,0.033183222368148524
100,6.32,1.2123,0.17241,0.18869,24.793,27.345,-30.54,-29.94,0.039186432625834766
100,6.32,1.217,0.18317,0.21805,25.14,31.646,-30.45,-30.49,0.07570174559325205
100,6.32,1.2501,0.15966,0.11604,23.753,20.277,-30.46,-31.38,0.13858840480440593
100,6.32,1.2833,0.15966,0.17361,23.753,23.344,-30.46,-29.49,0.036378612148176837
100,6.32,1.2897,0.21805,0.18484,31.646,29.906,-30.49,-29.41,0.07176013116277791
100,6.32,1.7272,0.18869,0.20201,27.345,25.225,-29.94,-31.37,0.02962398416210188
100,6.32,1.7427,0.19463,0.20201,27.009,25.225,-29.84,-31.37,0.016163085996311
100,6.32,1.7456,0.18869,0.21342,27.345,28.563,-29.94,-28.5,0.0534862310902291
100,6.32,1.7807,0.16118,0.15678,25.285,22.911,-30.45,-30.26,0.012020491325164917
100,6.32,1.8018,0.17241,0.11604,24.793,20.277,-30.54,-31.38,0.17195473172273357
100,6.32,1.8065,0.15678,0.16109,22.911,25.004,-30.26,-30.35,0.011777921403128055
100,6.32,1.8176,0.19463,0.21805,27.009,31.646,-29.84,-30.49,0.049346308364459524
100,6.32,1.8246,0.16109,0.18484,25.004,29.906,-30.35,-29.41,0.059727378332570025
100,6.32,1.8304,0.18317,0.11604,25.14,20.277,-30.45,-31.38,0.1982466252855667
100,6.32,1.8481,0.18317,0.17361,25.14,23.344,-30.45,-29.49,0.023279608332983925
100,6.32,1.8481,0.16118,0.18484,25.285,29.906,-30.45,-29.41,0.05948480841053316
100,6.32,1.8538,0.19463,0.18869,27.009,27.345,-29.84,-29.94,0.01346089816579088
100,6.32,1.8796,0.16118,0.20201,25.285,25.225,-30.45,-31.37,0.09806171720516255
100,6.32,1.8922,0.18317,0.13458,25.14,20.889,-30.45,-30.5,0.13387382144958182
100,6.32,1.9047,0.15966,0.18869,23.753,27.345,-30.46,-29.94,0.0725527595441624
100,6.32,1.9082,0.17241,0.16872,24.793,23.743,-30.54,-32.39,0.009395885121930125
100,6.32,1.9102,0.16109,0.21342,25.004,28.563,-30.35,-28.5,0.12216653405532663
100,6.32,1.9118,0.13458,0.17241,20.889,24.793,-30.5,-30.54,0.1075819278867487
100,6.32,1.9143,0.17241,0.17361,24.793,23.344,-30.54,-29.49,0.0030122852298491987
100,6.32,1.9469,0.18484,0.20201,29.906,25.225,-29.41,-31.37,0.03857690879462938
100,6.32,1.9565,0.16109,0.20201,25.004,25.225,-30.35,-31.37,0.09830428712719941
100,6.32,1.9609,0.17361,0.21342,23.344,28.563,-29.49,-28.5,0.08966037848621466
100,6.32,1.979,0.15966,0.21805,23.753,31.646,-30.46,-30.49,0.1353599660744128
100,6.32,1.9843,0.1965,0.15678,26.205,22.911,-30.45,-30.26,0.09807189460047627
100,6.32,1.9877,0.17361,0.11604,23.344,20.277,-29.49,-31.38,0.17496701695258277
100,6.32,1.9928,0.1965,0.16872,26.205,23.743,-30.45,-32.39,0.06619598798001558
100,6.32,1.9956,0.16872,0.11604,23.743,20.277,-32.39,-31.38,0.16255884660080344
100,6.32,1.9974,0.1965,0.11604,26.205,20.277,-30.45,-31.38,0.22875483458081902
100,6.32,1.9983,0.18317,0.16872,25.14,23.743,-30.45,-32.39,0.03568777868476325
100,6.32,1.9985,0.1965,0.21342,26.205,28.563,-30.45,-28.5,0.03587256085797841
100,6.32,2.005,0.18317,0.21342,25.14,28.563,-30.45,-28.5,0.06638077015323074
100,6.32,2.0096,0.16118,0.21342,25.285,28.563,-30.45,-28.5,0.12192396413328976
100,6.32,2.0097,0.16118,0.16872,25.285,23.743,-30.45,-32.39,0.019855415295295775
100,6.32,2.0119,0.1965,0.17361,26.205,23.344,-30.45,-29.49,0.053787817628236256
100,6.32,2.0231,0.1965,0.18484,26.205,29.906,-30.45,-29.41,0.026566594864778192
100,6.32,2.0332,0.21342,0.18484,28.563,29.906,-28.5,-29.41,0.0624391557227566
100,6.32,2.0583,0.1965,0.20201,26.205,25.225,-30.45,-31.37,0.01201031392985119
100,6.32,2.0855,0.1965,0.13458,26.205,20.889,-30.45,-30.5,0.16438203074483415
100,6.32,2.0922,0.17241,0.21342,24.793,28.563,-30.54,-28.5,0.09267266371606386
100,6.32,2.102,0.16109,0.16872,25.004,23.743,-30.35,-32.39,0.020097985217332637
100,6.32,2.1168,0.16109,0.17361,25.004,23.344,-30.35,-29.49,0.03250615556911196
100,6.32,2.1564,0.20201,0.16872,25.225,23.743,-31.37,-32.39,0.07820630190986677
100,6.32,2.1666,0.15678,0.17241,22.911,24.793,-30.26,-30.54,0.04127179174239082
100,6.32,2.177,0.18317,0.15678,25.14,22.911,-30.45,-30.26,0.06756368530522394
100,6.32,2.1794,0.17241,0.20201,24.793,25.225,-30.54,-31.37,0.06881041678793665
100,6.32,2.1795,0.16118,0.11604,25.285,20.277,-30.45,-31.38,0.14270343130550767
100,6.32,2.189,0.16118,0.17361,25.285,23.344,-30.45,-29.49,0.0322635856470751
100,6.32,2.1925,0.18317,0.18484,25.14,29.906,-30.45,-29.41,0.0039416144304741385
100,6.32,2.1947,0.15966,0.16872,23.753,23.743,-30.46,-32.39,0.023970441796397512
100,6.32,2.1959,0.16109,0.11604,25.004,20.277,-30.35,-31.38,0.1424608613834708
100,6.32,2.2004,0.15966,0.21342,23.753,28.563,-30.46,-28.5,0.1260389906343915
100,6.32,2.2143,0.21805,0.16872,31.646,23.743,-30.49,-32.39,0.1113895242780153
100,6.32,2.2185,0.17241,0.18484,24.793,29.906,-30.54,-29.41,0.030233507993307263
100,6.32,2.2325,0.18317,0.20201,25.14,25.225,-30.45,-31.37,0.04251852322510352
100,6.32,2.2613,0.13458,0.16109,20.889,25.004,-30.5,-30.35,0.07808805754748593
100,6.32,2.2897,0.16118,0.13458,25.285,20.889,-30.45,-30.5,0.0783306274695228
100,6.32,2.3027,0.21805,0.21342,31.646,28.563,-30.49,-28.5,0.009320975440021306
100,6.32,2.5909,0.19463,0.16118,27.009,25.285,-29.84,-30.45,0.08189863120885155
100,6.32,2.6032,0.19463,0.16109,27.009,25.004,-29.84,-30.35,0.08214120113088841
100,6.32,2.6624,0.18869,0.17361,27.345,23.344,-29.94,-29.49,0.03617414739598557
100,6.32,2.6652,0.18869,0.16872,27.345,23.743,-29.94,-32.39,0.04858231774776489
100,6.32,2.7186,0.15678,0.21342,22.911,28.563,-30.26,-28.5,0.13394445545845468
100,6.32,2.7911,0.1965,0.19463,26.205,27.009,-30.45,-29.84,0.004152772066459809
100,6.32,2.8324,0.13458,0.16872,20.889,23.743,-30.5,-32.39,0.09818604276481857
100,6.32,2.8891,0.15966,0.18484,23.753,29.906,-30.46,-29.41,0.0635998349116349
100,6.32,2.8898,0.13458,0.21342,20.889,28.563,-30.5,-28.5,0.20025459160281256
100,6.32,2.919,0.21805,0.11604,31.646,20.277,-30.49,-31.38,0.27394837087881874
100,6.32,2.9376,0.15966,0.15678,23.753,22.911,-30.46,-30.26,0.00790546482406318
100,6.32,2.9434,0.15966,0.20201,23.753,25.225,-30.46,-31.37,0.10217674370626428
100,6.32,2.9536,0.15678,0.16872,22.911,23.743,-30.26,-32.39,0.03187590662046069
100,6.32,2.9563,0.21805,0.17361,31.646,23.344,-30.49,-29.49,0.09898135392623597
100,6.32,2.9802,0.19463,0.17241,27.009,24.793,-29.84,-30.54,0.052647330791625646
100,6.32,2.9806,0.19463,0.18317,27.009,25.14,-29.84,-30.45,0.026355437228792522
100,6.32,3.0141,0.18869,0.11604,27.345,20.277,-29.94,-31.38,0.21114116434856833
100,6.32,3.0148,0.13458,0.18869,20.889,27.345,-30.5,-29.94,0.14676836051258346
100,6.32,3.108,0.21805,0.13458,31.646,20.889,-30.49,-30.5,0.20957556704283387
100,6.32,3.1132,0.19463,0.21342,27.009,28.563,-29.84,-28.5,0.04002533292443822
100,6.32,3.4248,0.21342,0.11604,28.563,20.277,-28.5,-31.38,0.26462739543879743
100,6.32,3.4586,0.17361,0.16872,23.344,23.743,-29.49,-32.39,0.012408170351779324
100,6.32,3.4722,0.21342,0.20201,28.563,25.225,-28.5,-31.37,0.023862246928127218
100,6.32,3.4816,0.17361,0.18484,23.344,29.906,-29.49,-29.41,0.027221222763458064
100,6.32,3.5,0.18484,0.16872,29.906,23.743,-29.41,-32.39,0.03962939311523739
100,6.32,3.5862,0.20201,0.11604,25.225,20.277,-31.37,-31.38,0.2407651485106702
100,6.32,3.7317,0.19463,0.15966,27.009,23.753,-29.84,-30.46,0.08601365770995328
100,6.32,3.7721,0.19463,0.16872,27.009,23.743,-29.84,-32.39,0.06204321591355577
100,6.32,3.8073,0.15678,0.17361,22.911,23.344,-30.26,-29.49,0.044284076972240016
100,6.32,3.8941,0.15678,0.11604,22.911,20.277,-30.26,-31.38,0.13068293998034275
100,6.32,3.9759,0.13458,0.18484,20.889,29.906,-30.5,-29.41,0.13781543588005596
100,6.32,3.9907,0.21342,0.16872,28.563,23.743,-28.5,-32.39,0.10206854883799399
100,6.32,4.0202,0.18484,0.11604,29.906,20.277,-29.41,-31.38,0.20218823971604083
100,6.32,4.0229,0.13458,0.20201,20.889,25.225,-30.5,-31.37,0.17639234467468534
100,6.32,4.0675,0.13458,0.15678,20.889,22.911,-30.5,-30.26,0.06631013614435788
100,6.32,4.068,0.17361,0.20201,23.344,25.225,-29.49,-31.37,0.06579813155808745
100,6.32,4.4887,0.19463,0.17361,27.009,23.344,-29.84,-29.49,0.04963504556177645
100,6.32,4.7363,0.19463,0.11604,27.009,20.277,-29.84,-31.38,0.2246020625143592
100,6.32,4.8556,0.19463,0.13458,27.009,20.889,-29.84,-30.5,0.16022925867837434
101,6.06,3.8689,0.13433,0.066714,5.0647,3.7474,-67.83,-66.33,0.3039560341353973
101,6.06,4.1607,0.13433,0.10736,5.0647,4.5053,-67.83,-64.32,0.09733051192481157
109,7.3,0.0909,0.1387,0.12905,28.869,28.589,-57.13,-57.22,0.03131845219339724
109,7.3,0.1017,0.12323,0.11593,24.675,24.006,-57.31,-57.21,0.026520612616456107
109,7.3,0.1933,0.139,0.1387,27.614,28.869,-57.22,-57.13,0.0009383391808102104
109,7.3,0.1957,0.139,0.12905,27.614,28.589,-57.22,-57.22,0.03225679137420745
109,7.3,0.1985,0.139,0.11593,27.614,24.006,-57.22,-57.21,0.07881896438945235
109,7.3,0.2042,0.139,0.12323,27.614,24.675,-57.22,-57.31,0.05229835177299624
109,7.3,0.3786,0.1387,0.11593,28.869,24.006,-57.13,-57.21,0.07788062520864214
109,7.3,0.3893,0.12323,0.12905,24.675,28.589,-57.31,-57.22,0.020041560398788794
109,7.3,0.3941,0.11593,0.12905,24.006,28.589,-57.21,-57.22,0.0465621730152449
109,7.3,0.3975,0.1387,0.12323,28.869,24.675,-57.13,-57.31,0.05136001259218603
109,7.3,0.5764,0.15688,0.15106,24.672,22.561,-57.74,-57.15,0.01641810029857882
109,7.3,0.7623,0.1387,0.13876,28.869,24.02,-57.13,-56.79,0.0001878300967372848
109,7.3,0.7867,0.13876,0.12905,24.02,28.589,-56.79,-57.22,0.031506282290134524
109,7.3,0.8183,0.11593,0.15106,24.006,22.561,-57.21,-57.15,0.11495364449650602
109,7.3,0.8202,0.12323,0.15688,24.675,24.672,-57.31,-57.74,0.10485113217862874
109,7.3,0.8448,0.12323,0.15106,24.675,22.561,-57.31,-57.15,0.08843303188004992
109,7.3,0.855,0.16295,0.15634,24.234,21.129,-57.98,-57.99,0.01798425718006391
109,7.3,0.8634,0.15688,0.11593,24.672,24.006,-57.74,-57.21,0.13137174479508484
109,7.3,0.8803,0.17321,0.15634,23.021,21.129,-57.08,-57.99,0.044502854075529896
109,7.3,0.9556,0.139,0.13876,27.614,24.02,-57.22,-56.79,0.0007505090840729256
109,7.3,0.9786,0.15688,0.15634,24.672,21.129,-57.74,-57.99,0.0014974730386284607
109,7.3,0.989,0.15903,0.14315,22.361,23.424,-56.34,-57.31,0.045687706588471544
109,7.3,1.0063,0.17321,0.15106,23.021,22.561,-57.08,-57.15,0.059423481335480255
109,7.3,1.0168,0.139,0.15106,27.614,22.561,-57.22,-57.15,0.036134680107053674
109,7.3,1.0239,0.139,0.15688,27.614,24.672,-57.22,-57.74,0.05255278040563249
109,7.3,1.0819,0.16295,0.17321,24.234,23.021,-57.98,-57.08,0.026518596895465985
109,7.3,1.1037,0.15634,0.15615,21.129,25.604,-57.99,-58.95,0.0005281190548817039
109,7.3,1.1148,0.15903,0.20324,22.361,25.288,-56.34,-55.53,0.10653012729216915
109,7.3,1.1302,0.13876,0.15903,24.02,22.361,-56.79,-56.34,0.05921476777606682
109,7.3,1.1319,0.13876,0.11593,24.02,24.006,-56.79,-57.21,0.07806845530537943
109,7.3,1.1497,0.15634,0.15106,21.129,22.561,-57.99,-57.15,0.014920627259950359
109,7.3,1.1598,0.12323,0.13876,24.675,24.02,-57.31,-56.79,0.05154784268892332
109,7.3,1.1882,0.1387,0.15106,28.869,22.561,-57.13,-57.15,0.037073019287863884
109,7.3,1.1976,0.15688,0.12905,24.672,28.589,-57.74,-57.22,0.08480957177983994
109,7.3,1.1985,0.15688,0.15615,24.672,25.604,-57.74,-58.95,0.0020255920935101646
109,7.3,1.2123,0.12905,0.15106,28.589,22.561,-57.22,-57.15,0.06839147148126112
109,7.3,1.217,0.1387,0.15688,28.869,24.672,-57.13,-57.74,0.053491119586442704
109,7.3,1.2501,0.13876,0.14315,24.02,23.424,-56.79,-57.31,0.01352706118759528
109,7.3,1.2833,0.13876,0.20324,24.02,25.288,-56.79,-55.53,0.16574489506823598
109,7.3,1.2897,0.15688,0.17321,24.672,23.021,-57.74,-57.08,0.043005381036901436
109,7.3,1.7272,0.15615,0.15106,25.604,22.561,-58.95,-57.15,0.014392508205068655
109,7.3,1.7427,0.16295,0.15615,24.234,25.604,-57.98,-58.95,0.018512376234945616
109,7.3,1.7456,0.15019,0.15106,27.637,22.561,-55.35,-57.15,0.0025084630684819587
109,7.3,1.7807,0.12323,0.15634,24.675,21.129,-57.31,-57.99,0.10335365914000028
109,7.3,1.8018,0.14315,0.12905,23.424,28.589,-57.31,-57.22,0.045033343477729804
109,7.3,1.8065,0.15634,0.11593,21.129,24.006,-57.99,-57.21,0.12987427175645638
109,7.3,1.8176,0.16295,0.15688,24.234,24.672,-57.98,-57.74,0.01648678414143545
109,7.3,1.8246,0.17321,0.11593,23.021,24.006,-57.08,-57.21,0.17437712583198628
109,7.3,1.8304,0.1387,0.14315,28.869,23.424,-57.13,-57.31,0.013714891284332564
109,7.3,1.8481,0.1387,0.20324,28.869,25.288,-57.13,-55.53,0.16593272516497326
109,7.3,1.8481,0.12323,0.17321,24.675,23.021,-57.31,-57.08,0.14785651321553017
109,7.3,1.8538,0.16295,0.15106,24.234,22.561,-57.98,-57.15,0.03290488444001427
109,7.3,1.8796,0.12323,0.15615,24.675,25.604,-57.31,-58.95,0.10282554008511857
109,7.3,1.8922,0.1387,0.15903,28.869,22.361,-57.13,-56.34,0.05940259787280411
109,7.3,1.9047,0.13876,0.15106,24.02,22.561,-56.79,-57.15,0.0368851891911266
109,7.3,1.9082,0.11826,0.12905,27.018,28.589,-59.01,-57.22,0.03792013421680074
109,7.3,1.9102,0.15019,0.11593,27.637,24.006,-55.35,-57.21,0.11244518142802407
109,7.3,1.9118,0.15903,0.12905,22.361,28.589,-56.34,-57.22,0.09072105006620135
109,7.3,1.9143,0.20324,0.12905,25.288,28.589,-55.53,-57.22,0.1972511773583705
109,7.3,1.9469,0.17321,0.15615,23.021,25.604,-57.08,-58.95,0.0450309731304116
109,7.3,1.9565,0.15615,0.11593,25.604,24.006,-58.95,-57.21,0.12934615270157468
109,7.3,1.9609,0.20324,0.15019,25.288,27.637,-55.53,-55.35,0.13136816894559133
109,7.3,1.979,0.13876,0.15688,24.02,24.672,-56.79,-57.74,0.05330328948970542
109,7.3,1.9843,0.139,0.15634,27.614,21.129,-57.22,-57.99,0.05105530736700403
109,7.3,1.9877,0.20324,0.14315,25.288,23.424,-55.53,-57.31,0.1522178338806407
109,7.3,1.9928,0.139,0.11826,27.614,27.018,-57.22,-59.01,0.07017692559100819
109,7.3,1.9956,0.11826,0.14315,27.018,23.424,-59.01,-57.31,0.08295347769453054
109,7.3,1.9974,0.139,0.14315,27.614,23.424,-57.22,-57.31,0.012776552103522354
109,7.3,1.9983,0.1387,0.11826,28.869,27.018,-57.13,-59.01,0.06923858641019798
109,7.3,1.9985,0.139,0.15019,27.614,27.637,-57.22,-55.35,0.033626217038571715
109,7.3,2.005,0.1387,0.15019,28.869,27.637,-57.13,-55.35,0.034564556219381926
109,7.3,2.0096,0.12323,0.15019,24.675,27.637,-57.31,-55.35,0.08592456881156796
109,7.3,2.0097,0.12323,0.11826,24.675,27.018,-57.31,-59.01,0.017878573818011945
109,7.3,2.0119,0.139,0.20324,27.614,25.288,-57.22,-55.53,0.16499438598416305
109,7.3,2.0231,0.139,0.17321,27.614,23.021,-57.22,-57.08,0.09555816144253393
109,7.3,2.0332,0.15019,0.17321,27.637,23.021,-55.35,-57.08,0.061931944403962214
109,7.3,2.0583,0.139,0.15615,27.614,25.604,-57.22,-58.95,0.05052718831212233
109,7.3,2.0855,0.139,0.15903,27.614,22.361,-57.22,-56.34,0.0584642586919939
109,7.3,2.0922,0.15019,0.12905,27.637,28.589,-55.35,-57.22,0.06588300841277916
109,7.3,2.102,0.11826,0.11593,27.018,24.006,-59.01,-57.21,0.008642038798444163
109,7.3,2.1168,0.20324,0.11593,25.288,24.006,-55.53,-57.21,0.2438133503736154
109,7.3,2.1514,0.16295,0.1434,24.234,13.676,-57.98,-58.97,0.05550521346938175
109,7.3,2.1564,0.15615,0.11826,25.604,27.018,-58.95,-59.01,0.12070411390313052
109,7.3,2.1666,0.15634,0.12905,21.129,28.589,-57.99,-57.22,0.08331209874121148
109,7.3,2.177,0.1387,0.15634,28.869,21.129,-57.13,-57.99,0.05199364654781424
109,7.3,2.1794,0.15615,0.12905,25.604,28.589,-58.95,-57.22,0.08278397968632978
109,7.3,2.1795,0.12323,0.14315,24.675,23.424,-57.31,-57.31,0.0650749038765186
109,7.3,2.189,0.12323,0.20324,24.675,25.288,-57.31,-55.53,0.2172927377571593
109,7.3,2.1925,0.1387,0.17321,28.869,23.021,-57.13,-57.08,0.09649650062334414
109,7.3,2.1947,0.13876,0.11826,24.02,27.018,-56.79,-59.01,0.06942641650693526
109,7.3,2.1959,0.14315,0.11593,23.424,24.006,-57.31,-57.21,0.0915955164929747
109,7.3,2.2004,0.13876,0.15019,24.02,27.637,-56.79,-55.35,0.03437672612264464
109,7.3,2.2143,0.15688,0.11826,24.672,27.018,-57.74,-59.01,0.12272970599664068
109,7.3,2.2185,0.17321,0.12905,23.021,28.589,-57.08,-57.22,0.12781495281674138
109,7.3,2.2325,0.1387,0.15615,28.869,25.604,-57.13,-58.95,0.05146552749293254
109,7.3,2.2613,0.15903,0.11593,22.361,24.006,-56.34,-57.21,0.13728322308144625
109,7.3,2.2897,0.12323,0.15903,24.675,22.361,-57.31,-56.34,0.11076261046499014
109,7.3,2.3027,0.15688,0.15019,24.672,27.637,-57.74,-55.35,0.018926563367060778
109,7.3,2.5909,0.16295,0.12323,24.234,24.675,-57.98,-57.31,0.12133791632006419
109,7.3,2.6032,0.16295,0.11593,24.234,24.006,-57.98,-57.21,0.1478585289365203
109,7.3,2.6624,0.20324,0.15106,25.288,22.561,-55.53,-57.15,0.12885970587710938
109,7.3,2.6652,0.11826,0.15106,27.018,22.561,-59.01,-57.15,0.10631160569806186
109,7.3,2.7186,0.15019,0.15634,27.637,21.129,-55.35,-57.99,0.017429090328432317
109,7.3,2.7911,0.139,0.16295,27.614,24.234,-57.22,-57.98,0.06903956454706794
109,7.3,2.8324,0.15903,0.11826,22.361,27.018,-56.34,-59.01,0.12864118428300209
109,7.3,2.8891,0.13876,0.17321,24.02,23.021,-56.79,-57.08,0.09630867052660685
109,7.3,2.8898,0.15903,0.15019,22.361,27.637,-56.34,-55.35,0.024838041653422183
109,7.3,2.919,0.15688,0.14315,24.672,23.424,-57.74,-57.31,0.03977622830211014
109,7.3,2.9376,0.13876,0.15634,24.02,21.129,-56.79,-57.99,0.05180581645107696
109,7.3,2.9434,0.13876,0.15615,24.02,25.604,-56.79,-58.95,0.051277697396195254
109,7.3,2.9488,0.1434,0.15634,13.676,21.129,-58.97,-57.99,0.03752095628931784
109,7.3,2.9536,0.15634,0.11826,21.129,27.018,-57.99,-59.01,0.12123223295801222
109,7.3,2.9563,0.15688,0.20324,24.672,25.288,-57.74,-55.53,0.11244160557853056
109,7.3,2.9802,0.16295,0.12905,24.234,28.589,-57.98,-57.22,0.1012963559212754
109,7.3,2.9806,0.16295,0.1387,24.234,28.869,-57.98,-57.13,0.06997790372787815
109,7.3,3.0141,0.14315,0.15106,23.424,22.561,-57.31,-57.15,0.02335812800353132
109,7.3,3.0148,0.15903,0.15106,22.361,22.561,-56.34,-57.15,0.022329578584940224
109,7.3,3.108,0.15688,0.15903,24.672,22.361,-57.74,-56.34,0.005911478286361405
109,7.3,3.1132,0.16295,0.15019,24.234,27.637,-57.98,-55.35,0.03541334750849623
109,7.3,3.1509,0.1434,0.17321,13.676,23.021,-58.97,-57.08,0.08202381036484774
109,7.3,3.4248,0.15019,0.14315,27.637,23.424,-55.35,-57.31,0.02084966493504936
109,7.3,3.4416,0.1434,0.15615,13.676,25.604,-58.97,-58.95,0.03699283723443614
109,7.3,3.4586,0.20324,0.11826,25.288,27.018,-55.53,-59.01,0.23517131157517124
109,7.3,3.4722,0.15019,0.15615,27.637,25.604,-55.35,-58.95,0.016900971273550613
109,7.3,3.4816,0.20324,0.17321,25.288,23.021,-55.53,-57.08,0.06943622454162912
109,7.3,3.5,0.17321,0.11826,23.021,27.018,-57.08,-59.01,0.16573508703354212
109,7.3,3.5862,0.15615,0.14315,25.604,23.424,-58.95,-57.31,0.037750636208599975
109,7.3,3.7317,0.16295,0.13876,24.234,24.02,-57.98,-56.79,0.06979007363114087
109,7.3,3.7721,0.16295,0.11826,24.234,27.018,-57.98,-59.01,0.13921649013807613
109,7.3,3.8073,0.20324,0.15634,25.288,21.129,-55.53,-57.99,0.11393907861715902
109,7.3,3.8941,0.15634,0.14315,21.129,23.424,-57.99,-57.31,0.03827875526348168
109,7.3,3.9265,0.1434,0.15688,13.676,24.672,-58.97,-57.74,0.0390184293279463
109,7.3,3.9759,0.15903,0.17321,22.361,23.021,-56.34,-57.08,0.03709390275054003
109,7.3,3.9907,0.15019,0.11826,27.637,27.018,-55.35,-59.01,0.1038031426295799
109,7.3,4.0051,0.1434,0.15106,13.676,22.561,-58.97,-57.15,0.022600329029367483
109,7.3,4.0202,0.17321,0.14315,23.021,23.424,-57.08,-57.31,0.08278160933901157
109,7.3,4.0229,0.15903,0.15615,22.361,25.604,-56.34,-58.95,0.00793707037987157
109,7.3,4.0675,0.15903,0.15634,22.361,21.129,-56.34,-57.99,0.007408951324989865
109,7.3,4.068,0.20324,0.15615,25.288,25.604,-55.53,-58.95,0.11446719767204072
109,7.3,4.4887,0.16295,0.20324,24.234,25.288,-57.98,-55.53,0.0959548214370951
109,7.3,4.7257,0.1434,0.12323,13.676,24.675,-58.97,-57.31,0.06583270285068243
109,7.3,4.7363,0.16295,0.14315,24.234,23.424,-57.98,-57.31,0.05626301244354559
109,7.3,4.7448,0.1434,0.11593,13.676,24.006,-58.97,-57.21,0.09235331546713854
109,7.3,4.8556,0.16295,0.15903,24.234,22.361,-57.98,-56.34,0.010575305855074046
109,7.3,4.9283,0.139,0.1434,27.614,13.676,-57.22,-58.97,0.01353435107768619
113,5.99,0.1443,0.14064,0.14147,13.175,10.617,88.19,87.73,0.002555495799864249
113,5.99,0.1443,0.14147,0.16979,10.617,13.333,87.73,88.19,0.07924775480058632
113,5.99,0.1443,0.14147,0.22155,10.617,14.992,87.73,88.19,0.1948074008380699
113,5.99,0.1443,0.14147,0.24102,10.617,13.398,87.73,88.19,0.2313887285857542
113,5.99,0.1443,0.14147,0.15842,10.617,11.934,87.73,88.19,0.04914565542424587
113,5.99,0.1443,0.14147,0.34929,10.617,15.613,87.73,88.19,0.39252179864977893
113,5.99,0.1443,0.14147,0.16139,10.617,14.307,87.73,88.19,0.05721226806241153
113,5.99,0.2152,0.09187,0.063378,5.0123,4.2564,-8.08,-8.32,0.16123518620176136
113,5.99,0.5227,0.050495,0.040111,2.2485,2.0663,70.9,70.71,0.09998488710332021
113,5.99,1.581,0.089394,0.10648,5.4351,6.7512,25.73,23.31,0.07595967192950615
113,5.99,1.649,0.044519,0.03889,2.3171,2.2856,-14.2,-13.12,0.058707457363380344
113,5.99,1.934,0.10648,0.20052,6.7512,10.004,23.31,25.02,0.2748896534743974
113,5.99,1.9349,0.22712,0.27789,8.9038,9.82,90.0,90.0,0.08761753925323967
113,5.99,2.2088,0.11363,0.22331,6.4131,12.213,7.79,11.59,0.29341516488251895
113,5.99,2.315,0.056201,0.046336,3.8134,3.375,36.7,35.15,0.08382550297909663
113,5.99,2.3396,0.089394,0.13182,5.4351,6.8665,25.73,29.57,0.16867293676704131
113,5.99,2.3496,0.089394,0.20052,5.4351,10.004,25.73,25.02,0.35084932540390357
113,5.99,2.4247,0.10786,0.19268,6.6908,9.2234,-141.46,-148.81,0.2519762216902528
113,5.99,2.7177,0.11363,0.046453,6.4131,1.6732,7.79,6.13,0.3884792400947128
113,5.99,2.7229,0.32104,0.21472,24.264,23.169,-81.94,-88.83,0.1746866482368843
113,5.99,2.7943,0.14147,0.17342,10.617,9.802,87.73,83.71,0.08843482835780603
113,5.99,2.8036,0.31881,0.18366,28.534,23.498,-90.0,-88.42,0.2395173553174582
113,5.99,2.9283,0.14064,0.17342,13.175,9.802,88.19,83.71,0.09099032415767028
113,5.99,2.9283,0.16979,0.17342,13.333,9.802,88.19,83.71,0.009187073557219705
113,5.99,2.9283,0.22155,0.17342,14.992,9.802,88.19,83.71,0.10637257248026388
113,5.99,2.9283,0.24102,0.17342,13.398,9.802,88.19,83.71,0.14295390022794818
113,5.99,2.9283,0.15842,0.17342,11.934,9.802,88.19,83.71,0.03928917293356016
113,5.99,2.9283,0.34929,0.17342,15.613,9.802,88.19,83.71,0.3040869702919729
113,5.99,2.9283,0.16139,0.17342,14.307,9.802,88.19,83.71,0.031222560295394497
113,5.99,2.9323,0.11469,0.22331,8.0441,12.213,6.98,11.59,0.28938261882167404
113,5.99,3.1143,0.17743,0.20052,10.512,10.004,21.19,25.02,0.05313064339382956
113,5.99,3.1785,0.11363,0.11469,6.4131,8.0441,7.79,6.98,0.00403254606084491
113,5.99,3.1931,0.24541,0.30671,15.752,19.718,-61.44,-60.54,0.09683568054700697
113,5.99,3.226,0.13182,0.20052,6.8665,10.004,29.57,25.02,0.18217638863686225
113,5.99,3.2878,0.09187,0.055826,5.0123,2.6534,-8.08,-2.24,0.21633720513169252
113,5.99,3.3539,0.18717,0.16134,8.8871,14.141,-32.85,-41.81,0.06449418774308047
113,5.99,3.475,0.063378,0.055826,4.2564,2.6534,-8.32,-2.24,0.05510201892993116
113,5.99,3.5859,0.18271,0.45947,20.256,33.066,-90.0,-90.0,0.4004948428137266
113,5.99,3.6217,0.14255,0.20296,8.1332,15.113,14.17,23.31,0.15344323256819548
113,5.99,3.7127,0.13182,0.10648,6.8665,6.7512,29.57,23.31,0.09271326483753517
113,5.99,3.8473,0.047487,0.11267,2.8943,10.088,-75.17,-78.23,0.3752335605025988
113,5.99,3.8587,0.32104,0.18366,24.264,23.498,-81.94,-88.42,0.24254456674480407
113,5.99,3.8791,0.15209,0.21335,7.7893,9.4388,1.58,1.12,0.14699198730138174
113,5.99,3.9716,0.14255,0.15745,8.1332,11.784,14.17,40.93,0.043175443327083896
113,5.99,4.0674,0.10786,0.25849,6.6908,10.653,-141.46,-129.19,0.3795833305926185
113,5.99,4.1512,0.15487,0.13776,6.8809,5.6693,-23.85,-12.91,0.05084416424169269
113,5.99,4.1598,0.17743,0.10648,10.512,6.7512,21.19,23.31,0.22175901008056786
113,5.99,4.1739,0.066502,0.1036,5.6592,7.8852,153.62,143.24,0.19252504881434152
113,5.99,4.2079,0.31079,0.43646,20.114,19.003,38.52,-90.0,0.1474774118621648
113,5.99,4.2161,0.11061,0.2121,6.7166,14.365,116.56,90.0,0.28274627619078285
113,5.99,4.2492,0.029336,0.055826,1.7942,2.6534,-3.82,-2.24,0.2794356142910128
113,5.99,4.2607,0.1036,0.15443,7.8852,8.9236,143.24,149.04,0.17337191603652902
113,5.99,4.2718,0.11267,0.17731,10.088,18.407,-78.23,-87.08,0.19692493548771328
113,5.99,4.3275,0.25916,0.17342,20.401,9.802,90.0,83.71,0.17446878938592214
113,5.99,4.4018,0.27958,0.2121,13.61,14.365,90.0,90.0,0.11996543203237875
113,5.99,4.4854,0.31079,0.40647,20.114,17.743,38.52,-37.31,0.11656146102890347
113,5.99,4.4866,0.11061,0.15443,6.7166,8.9236,116.56,149.04,0.14493727911996424
113,5.99,4.5182,0.16103,0.18717,9.6838,8.8871,-43.07,-32.85,0.06532944741916169
113,5.99,4.5386,0.15745,0.10337,11.784,7.9201,40.93,62.16,0.18274814869902767
113,5.99,4.5599,0.058104,0.02933,2.5952,2.3834,-22.42,-31.08,0.2968939681727869
113,5.99,4.6189,0.19588,0.13673,7.3801,5.8636,-154.62,178.69,0.1561262815463107
113,5.99,4.6191,0.046453,0.22331,1.6732,12.213,6.13,11.59,0.6818944049772317
113,5.99,4.6231,0.15209,0.046453,7.7893,1.6732,1.58,6.13,0.5150868933108164
113,5.99,4.634,0.23156,0.18366,23.619,23.498,-87.88,-88.42,0.10064896091378761
113,5.99,4.6694,0.22712,0.14064,8.9038,13.175,90.0,88.19,0.2081465217881041
113,5.99,4.6694,0.22712,0.16979,8.9038,13.333,90.0,88.19,0.12634327118765354
113,5.99,4.6694,0.22712,0.22155,8.9038,14.992,90.0,88.19,0.010783625150169951
113,5.99,4.6694,0.22712,0.24102,8.9038,13.398,90.0,88.19,0.02579770259751435
113,5.99,4.6694,0.22712,0.15842,8.9038,11.934,90.0,88.19,0.156445370563994
113,5.99,4.6694,0.22712,0.34929,8.9038,15.613,90.0,88.19,0.18693077266153907
113,5.99,4.6694,0.22712,0.16139,8.9038,14.307,90.0,88.19,0.14837875792582833
113,5.99,4.7251,0.23146,0.15394,13.682,11.081,51.14,51.62,0.1771244665635534
113,5.99,4.7339,0.14147,0.10337,10.617,7.9201,87.73,62.16,0.13626983725602582
113,5.99,4.7955,0.11469,0.055826,8.0441,2.6534,6.98,-2.24,0.31268904149513144
113,5.99,4.7989,0.14064,0.10337,13.175,7.9201,88.19,62.16,0.13371434145616157
113,5.99,4.7989,0.16979,0.10337,13.333,7.9201,88.19,62.16,0.21551759205661214
113,5.99,4.7989,0.22155,0.10337,14.992,7.9201,88.19,62.16,0.3310772380940957
113,5.99,4.7989,0.24102,0.10337,13.398,7.9201,88.19,62.16,0.36765856584178
113,5.99,4.7989,0.15842,0.10337,11.934,7.9201,88.19,62.16,0.1854154926802717
113,5.99,4.7989,0.10337,0.34929,7.9201,15.613,62.16,88.19,0.5287916359058047
113,5.99,4.7989,0.10337,0.16139,7.9201,14.307,62.16,88.19,0.19348210531843735
113,5.99,4.811,0.22712,0.14147,8.9038,10.617,90.0,87.73,0.20559102598823986
113,5.99,4.8525,0.21472,0.17731,23.169,18.407,-88.83,-87.08,0.08313926868409316
113,5.99,4.853,0.18366,0.21472,23.498,23.169,-88.42,-88.83,0.06785791850791978
113,5.99,4.9628,0.14064,0.27789,13.175,9.82,88.19,90.0,0.2957640610413438
113,5.99,4.9628,0.16979,0.27789,13.333,9.82,88.19,90.0,0.2139608104408932
113,5.99,4.9628,0.22155,0.27789,14.992,9.82,88.19,90.0,0.09840116440340962
113,5.99,4.9628,0.24102,0.27789,13.398,9.82,88.19,90.0,0.061819836655725324
113,5.99,4.9628,0.15842,0.27789,11.934,9.82,88.19,90.0,0.24406290981723366
113,5.99,4.9628,0.34929,0.27789,15.613,9.82,88.19,90.0,0.0993132334082994
113,5.99,4.9628,0.16139,0.27789,14.307,9.82,88.19,90.0,0.235996297179068
113,5.99,4.9726,0.17949,0.19268,7.4005,9.2234,-150.98,-148.81,0.030796380080687524
113,5.99,4.9873,0.43646,0.25916,19.003,20.401,-90.0,90.0,0.22637647705402097
113,5.99,4.9976,0.058104,0.036312,2.5952,3.9134,-22.42,-19.75,0.20415586141854636
114,5.27,1.934,0.032856,0.080417,2.0947,3.3185,126.6,127.9,0.3887331776312217
114,5.27,1.9349,0.22134,0.38617,11.154,13.646,-168.78,-159.07,0.2417186265451946
114,5.27,2.2088,0.034721,0.069396,1.5322,3.5977,110.53,114.31,0.30074221354527353
114,5.27,2.7177,0.034721,0.018387,1.5322,0.68918,110.53,108.33,0.27608134873417334
114,5.27,2.7229,0.089323,0.054081,4.0814,4.9225,41.06,33.45,0.21791858739518166
114,5.27,2.8036,0.059673,0.14618,5.1722,6.2366,37.78,27.17,0.3891100854371462
114,5.27,3.1143,0.038844,0.080417,2.5939,3.3185,123.76,127.9,0.3160239220266199
114,5.27,3.1931,0.11568,0.13897,8.8927,10.574,58.36,60.7,0.07966277756515916
114,5.27,3.226,0.049526,0.080417,2.2067,3.3185,132.64,127.9,0.2105146141577554
114,5.27,3.3539,0.12761,0.1323,7.4111,12.386,86.01,77.56,0.015675135518267824
114,5.27,3.6217,0.07409,0.10774,4.0154,6.1226,104.39,116.15,0.16261737642752572
114,5.27,3.7127,0.049526,0.032856,2.2067,2.0947,132.64,126.6,0.17821856347346632
114,5.27,3.8473,0.015864,0.047857,1.5041,5.0202,42.7,40.79,0.47953276942196865
114,5.27,3.8587,0.059673,0.089323,5.1722,4.0814,37.78,41.06,0.1751854287369372
114,5.27,3.8791,0.072352,0.066625,3.3483,3.591,102.88,100.68,0.03581331863063708
114,5.27,3.9716,0.07409,0.086831,4.0154,5.1861,104.39,122.36,0.06891520787543048
114,5.27,4.1512,0.097625,0.080226,8.5947,3.1284,90.0,90.92,0.08524590769587448
114,5.27,4.1532,0.033147,0.038741,4.3445,4.3529,65.28,67.5,0.06772659843673101
114,5.27,4.1598,0.038844,0.032856,2.5939,2.0947,123.76,126.6,0.07270925560460184
114,5.27,4.1739,0.027537,0.066662,2.6225,4.5567,-90.0,-90.0,0.3839617146896186
114,5.27,4.2161,0.05244,0.15512,4.0678,9.153,-90.91,-91.03,0.4710051130526024
114,5.27,4.2607,0.066662,0.071374,4.5567,4.7312,-90.0,-89.91,0.02966169725850376
114,5.27,4.3275,0.17794,0.13171,11.734,9.559,153.15,-147.14,0.13065483647967147
114,5.27,4.4018,0.16922,0.15512,11.638,9.153,-123.92,-91.03,0.03778389464375098
114,5.27,4.4854,0.19436,0.32222,9.4594,16.305,90.0,90.0,0.2195456029239765
114,5.27,4.4866,0.05244,0.071374,4.0678,4.7312,-90.91,-89.91,0.1338773535069715
114,5.27,4.5182,0.11109,0.12761,9.6004,7.4111,80.91,86.01,0.06020974190012818
114,5.27,4.6189,0.094299,0.073174,4.364,4.0975,-56.26,-72.89,0.11015029120354392
114,5.27,4.6191,0.018387,0.069396,0.68918,3.5977,108.33,114.31,0.5768235622794469
114,5.27,4.6231,0.072352,0.018387,3.3483,0.68918,102.88,108.33,0.5949396645934932
114,5.27,4.634,0.059673,0.12133,5.1722,9.5648,37.78,45.2,0.3081903254876076
114,5.27,4.7251,0.18904,0.10334,8.4732,6.0763,147.56,150.85,0.26228525141466974
114,5.27,4.853,0.059673,0.054081,5.1722,4.9225,37.78,33.45,0.04273315865824445
116,6.54,3.4996,0.23735,0.20194,15.705,31.613,-90.0,-90.0,0.0701668841306834
118,6.93,0.1776,0.37348,0.45619,11.896,21.811,90.0,90.0,0.08687841087503928
118,6.93,0.3474,0.28678,0.23371,51.01,44.665,-9.98,-10.13,0.0888715649982228
118,6.93,0.3553,0.33673,0.43322,27.366,32.699,-43.31,-43.51,0.10942668767921704
118,6.93,0.673,0.16297,0.34283,19.181,30.989,-90.0,-90.0,0.32297115314219427
118,6.93,1.034,0.055303,0.091233,7.0769,15.425,-141.81,-142.25,0.21740326498892193
118,6.93,1.0424,0.14869,0.1329,13.407,12.51,-115.46,-114.03,0.048756780512268505
118,6.93,1.0609,0.15833,0.052689,12.099,5.8386,-133.54,-133.07,0.477843255718706
118,6.93,1.4621,0.33673,0.35685,27.366,38.096,-43.31,-48.29,0.025203890751617386
118,6.93,1.4878,0.15743,0.15833,14.881,12.099,-133.31,-133.54,0.0024757163173468877
118,6.93,1.6748,0.11989,0.1114,15.64,18.215,-165.37,-167.39,0.03189776935925315
118,6.93,1.7383,0.43322,0.35685,32.699,38.096,-43.51,-48.29,0.08422279692759965
118,6.93,1.8487,0.15743,0.081274,14.881,6.6284,-133.31,-131.3,0.2871358608332927
118,6.93,1.8614,0.35685,0.49823,38.096,43.521,-48.29,-49.4,0.14494417313563257
118,6.93,1.8661,0.28314,0.11019,36.945,21.145,-152.33,-153.47,0.4098590446616367
118,6.93,1.9923,0.49823,0.31057,43.521,38.386,-49.4,-54.74,0.2052703721718654
118,6.93,2.0196,0.093941,0.1114,18.309,18.215,-169.94,-167.39,0.07403001191010561
118,6.93,2.0969,0.36939,0.29645,47.326,63.856,-131.33,-117.75,0.09553367951039798
118,6.93,2.2621,0.1362,0.057222,25.629,10.099,-151.15,-151.02,0.37661407455868734
118,6.93,2.344,0.054501,0.06022,10.991,7.2422,-155.73,-154.0,0.043336280267114446
118,6.93,2.4093,0.078602,0.06022,9.1161,7.2422,-153.61,-154.0,0.11569284547225078
118,6.93,2.4397,0.16475,0.14767,30.709,24.031,-157.68,-157.26,0.047533148386111446
118,6.93,2.4463,0.15743,0.052689,14.881,5.8386,-133.31,-133.07,0.4753675394013591
118,6.93,2.4704,0.054501,0.14767,10.991,24.031,-155.73,-157.26,0.43288780397031
118,6.93,2.6329,0.081274,0.15833,6.6284,12.099,-131.3,-133.54,0.28961157715063957
118,6.93,2.9039,0.2435,0.28314,43.945,36.945,-156.05,-152.33,0.0655022621759398
118,6.93,3.0661,0.081274,0.052689,6.6284,5.8386,-131.3,-133.07,0.18823167856806644
118,6.93,3.084,0.2435,0.11019,43.945,21.145,-156.05,-153.47,0.3443567824856969
118,6.93,3.1445,0.11989,0.10953,15.64,14.709,-165.37,-162.43,0.03924987252757339
118,6.93,3.2166,0.27618,0.35685,32.117,38.096,-66.22,-48.29,0.11129347581532967
118,6.93,3.2409,0.33673,0.49823,27.366,43.521,-43.31,-49.4,0.17014806388724996
118,6.93,3.3186,0.093941,0.11989,18.309,15.64,-169.94,-165.37,0.10592778126935876
118,6.93,3.3445,0.21199,0.075944,28.232,9.2327,-145.01,-142.44,0.4458219069914384
118,6.93,3.3688,0.054501,0.078602,10.991,9.1161,-155.73,-153.61,0.15902912573936523
118,6.93,3.5215,0.078602,0.057222,9.1161,10.099,-153.61,-151.02,0.13787056363091232
118,6.93,3.5566,0.43322,0.49823,32.699,43.521,-43.51,-49.4,0.06072137620803292
118,6.93,3.6854,0.35685,0.31057,38.096,38.386,-48.29,-54.74,0.06032619903623282
118,6.93,3.7328,0.46822,0.5373,38.854,29.52,90.0,90.0,0.059766879939129214
118,6.93,3.7364,0.59012,0.4438,83.531,91.449,90.0,-90.0,0.12375303584561576
118,6.93,3.8174,0.27618,0.49823,32.117,43.521,-66.22,-49.4,0.25623764895096224
118,6.93,3.8297,0.23685,0.2829,34.111,41.663,-145.83,-147.88,0.07715955839301525
118,6.93,3.929,0.06022,0.1362,7.2422,25.629,-154.0,-151.15,0.3544363564000258
118,6.93,4.004,0.33673,0.27618,27.366,32.117,-43.31,-66.22,0.08608958506371228
118,6.93,4.0119,0.27618,0.43322,32.117,32.699,-66.22,-43.51,0.19551627274292932
118,6.93,4.1531,0.06022,0.057222,7.2422,10.099,-154.0,-151.02,0.02217771815866154
118,6.93,4.1825,0.2829,0.057222,41.663,10.099,-147.88,-151.02,0.6940699144389119
118,6.93,4.2017,0.2829,0.21199,41.663,28.232,-147.88,-145.01,0.12531757260017418
118,6.93,4.2673,0.27618,0.31057,32.117,38.386,-66.22,-54.74,0.05096727677909685
118,6.93,4.3432,0.087445,0.10587,9.3835,12.341,-155.59,-158.03,0.08303793099151635
118,6.93,4.3552,0.23512,0.081566,35.02,16.286,-160.01,-165.18,0.4597804080544704
118,6.93,4.3716,0.31057,0.16374,38.386,13.894,-54.74,-60.21,0.27800471600317456
118,6.93,4.3808,0.23371,0.28051,44.665,43.121,-10.13,-17.59,0.07927105277264412
118,6.93,4.4757,0.14767,0.06022,24.031,7.2422,-157.26,-154.0,0.38955152370319557
118,6.93,4.5062,0.16374,0.31222,13.894,16.454,-60.21,-57.8,0.2803059333372865
118,6.93,4.589,0.16475,0.054501,30.709,10.991,-157.68,-155.73,0.48042095235642146
118,6.93,4.6159,0.078602,0.1362,9.1161,25.629,-153.61,-151.15,0.23874351092777502
118,6.93,4.6581,0.16475,0.090198,30.709,16.543,-157.68,-160.95,0.2616285154202648
118,6.93,4.67,0.28678,0.28051,51.01,43.121,-9.98,-17.59,0.009600512225578672
118,6.93,4.7352,0.051259,0.069607,7.3444,10.8,9.91,5.71,0.13288278707686585
118,6.93,4.7428,0.16475,0.073533,30.709,11.488,-157.68,-159.81,0.3503431385826544
118,6.93,4.7887,0.1114,0.10953,18.215,14.709,-167.39,-162.43,0.007352103168320245
118,6.93,4.8262,0.12681,0.2028,19.054,36.023,-143.89,-142.32,0.20391444811261716
118,6.93,4.889,0.23685,0.21199,34.111,28.232,-145.83,-145.01,0.04815801420715893
118,6.93,4.9191,0.2435,0.10953,43.945,14.709,-156.05,-162.43,0.3469658778812632
120,6.2,1.1632,0.041965,0.055806,2.0924,2.6211,-36.41,-34.83,0.1237936673093587
125,7.28,0.4588,0.13073,0.13359,13.068,12.796,-153.7,-152.75,0.009398688671180322
125,7.28,2.1432,0.028606,0.049089,9.4197,9.435,-77.09,-77.39,0.23452705080270242
125,7.28,2.7229,0.064557,0.05836,14.745,16.107,-82.91,-83.87,0.043828057053348246
125,7.28,3.1931,0.039,0.04209,13.338,13.279,-81.25,-80.79,0.03311431872152326
125,7.28,3.3539,0.036466,0.059545,13.282,15.478,-77.92,-78.75,0.21295717196072994
125,7.28,3.551,0.12347,0.21019,12.49,19.963,-178.7,174.72,0.23105060204331485
125,7.28,3.8587,0.064557,0.046025,14.745,16.002,-82.91,-82.62,0.14694954309870978
125,7.28,4.1142,0.03545,0.029788,8.8764,10.571,-74.92,-76.23,0.07557489434775366
125,7.28,4.2161,0.027942,0.04208,10.594,12.124,-79.85,-79.23,0.17781824282930758
125,7.28,4.2607,0.050363,0.046907,14.274,14.231,-81.66,-81.79,0.03087393410996153
125,7.28,4.4018,0.049089,0.04208,9.435,12.124,-77.39,-79.23,0.06690845396079892
125,7.28,4.4866,0.027942,0.046907,10.594,14.231,-79.85,-81.79,0.22498016963379652
125,7.28,4.5182,0.037726,0.036466,12.204,13.282,-78.76,-77.92,0.014752632773432195
125,7.28,4.6189,0.049429,0.040006,9.3505,10.222,-84.89,-84.07,0.09185669370636318
125,7.28,4.634,0.037595,0.046025,11.455,16.002,-81.39,-82.62,0.08786370801440557
125,7.28,4.7251,0.050314,0.026186,4.5636,6.1786,-71.41,-69.59,0.2836196818872947
125,7.28,4.7801,0.036466,0.029788,13.282,10.571,-77.92,-76.23,0.08784678246379007
125,7.28,4.853,0.046025,0.05836,16.002,16.107,-82.62,-83.87,0.10312148604536153
126,6.46,2.6811,0.050804,0.046775,5.2577,4.3176,-150.58,-149.96,0.03588411118152468
126,6.46,3.8689,0.0897,0.053602,4.484,3.9414,130.41,128.58,0.2236114486356655
126,6.46,4.2414,0.10238,0.094653,9.8069,13.097,-155.84,-162.54,0.034080741855792684
126,6.46,4.4343,0.025373,0.046775,3.5045,4.3176,-149.9,-149.96,0.2656419767067668
127,6.69,0.0915,0.075756,0.047223,6.0644,4.2624,-101.4,-101.25,0.2052634617373148
127,6.69,0.1112,0.075345,0.085849,7.519,8.5469,-90.0,-90.0,0.05668080349298843
127,6.69,0.144,0.078738,0.075345,6.9052,7.519,-90.0,-90.0,0.01912994199698015
127,6.69,0.2405,0.078738,0.085849,6.9052,8.5469,-90.0,-90.0,0.03755086149600828
127,6.69,0.2405,0.085849,0.07412,8.5469,9.4138,-90.0,-90.0,0.06379983006135892
127,6.69,0.2405,0.07412,0.1262,9.4138,13.379,-90.0,-90.0,0.2311239442612556
127,6.69,0.3459,0.075345,0.07412,7.519,9.4138,-90.0,-90.0,0.00711902656837049
127,6.69,0.4448,0.078738,0.07412,6.9052,9.4138,-90.0,-90.0,0.02624896856535064
127,6.69,0.481,0.085849,0.1262,8.5469,13.379,-90.0,-90.0,0.16732411419989668
127,6.69,0.5227,0.1262,0.14229,13.379,12.374,-90.0,-90.0,0.052115024463418314
127,6.69,0.5622,0.52425,0.69753,97.617,102.56,90.0,90.0,0.12402445173911411
127,6.69,0.5853,0.075345,0.1262,7.519,13.379,-90.0,-90.0,0.2240049176928851
127,6.69,0.6734,0.078738,0.1262,6.9052,13.379,-90.0,-90.0,0.20487497569590496
127,6.69,0.6918,0.07412,0.14229,9.4138,12.374,-90.0,-90.0,0.2832389687246739
127,6.69,0.8341,0.69753,0.6861,102.56,88.996,90.0,90.0,0.007175471550084633
127,6.69,0.8943,0.085849,0.14229,8.5469,12.374,-90.0,-90.0,0.219439138663315
127,6.69,1.0049,0.075345,0.14229,7.519,12.374,-90.0,-90.0,0.2761199421563034
127,6.69,1.1269,0.078738,0.14229,6.9052,12.374,-90.0,-90.0,0.2569900001593233
127,6.69,1.3777,0.52425,0.6861,97.617,88.996,90.0,90.0,0.11684898018902948
127,6.69,1.5168,0.35455,0.70785,67.133,114.4,90.0,90.0,0.3002637466880745
127,6.69,1.8924,0.26944,0.48514,13.688,20.514,16.85,19.38,0.2554050140481101
127,6.69,1.9259,0.25935,0.10507,19.971,7.9915,34.76,34.73,0.3924075200720767
127,6.69,1.9967,0.35455,0.69753,67.133,102.56,90.0,90.0,0.29388540116593953
127,6.69,2.0099,0.35455,0.6861,67.133,88.996,90.0,90.0,0.28670992961585495
127,6.69,2.0127,0.23216,0.39297,21.979,21.985,55.17,59.38,0.2285720017658216
127,6.69,2.1432,0.09158,0.10895,9.29,6.5497,-2.7,-4.57,0.07542659539059593
127,6.69,2.2796,0.17847,0.39297,20.798,21.985,64.11,59.38,0.3427941732148547
127,6.69,2.3307,0.52425,0.35455,97.617,67.133,90.0,90.0,0.16986094942682545
127,6.69,2.3496,0.32924,0.34535,29.289,32.419,63.08,51.53,0.02074686732572456
127,6.69,2.364,0.27013,0.39297,20.687,21.985,58.63,59.38,0.1627865782738288
127,6.69,2.4046,0.20419,0.32937,21.524,23.169,43.37,37.92,0.20764957066498463
127,6.69,2.4976,0.13989,0.13829,13.1,12.477,30.62,34.52,0.004995893548852215
127,6.69,2.6811,0.26944,0.3496,13.688,22.194,16.85,18.9,0.11310935414280998
127,6.69,2.7047,0.087741,0.26944,8.7483,13.688,12.61,16.85,0.48725948998989266
127,6.69,2.7177,0.53527,0.14082,30.376,12.203,50.65,45.01,0.5799085634057528
127,6.69,2.8036,0.14627,0.21671,9.554,13.817,25.21,27.69,0.17072369074277638
127,6.69,2.8547,0.10507,0.13829,7.9915,12.477,34.73,34.52,0.1193120443677751
127,6.69,2.8563,0.13989,0.10507,13.1,7.9915,30.62,34.73,0.12430793791662731
127,6.69,2.9104,0.13989,0.17161,13.1,16.035,30.62,25.47,0.08875592113737407
127,6.69,2.9505,0.047642,0.09298,4.418,6.295,24.42,26.3,0.2903995570730209
127,6.69,3.0478,0.17847,0.20143,20.798,22.367,64.11,68.63,0.05255892908828175
127,6.69,3.1143,0.26844,0.34535,24.169,32.419,49.21,51.53,0.10941223019791119
127,6.69,3.1284,0.14104,0.095537,9.0792,6.3654,49.76,47.92,0.1691706996047817
127,6.69,3.1785,0.53527,0.43974,30.376,59.805,50.65,59.92,0.08537693131124618
127,6.69,3.1931,0.096938,0.16985,8.404,12.431,40.17,36.96,0.2435714959794466
127,6.69,3.204,0.20419,0.14082,21.524,12.203,43.37,45.01,0.16137012915375337
127,6.69,3.2878,0.23216,0.27013,21.979,20.687,55.17,58.63,0.06578542349199279
127,6.69,3.3351,0.48514,0.3496,20.514,22.194,19.38,18.9,0.14229565990530013
127,6.69,3.458,0.70785,0.6861,114.4,88.996,90.0,90.0,0.01355381707221956
127,6.69,3.5133,0.70785,0.69753,114.4,102.56,90.0,90.0,0.006378345522134926
127,6.69,3.5703,0.75323,0.70785,72.483,114.4,90.0,90.0,0.026986372576100717
127,6.69,3.6217,0.21574,0.2159,11.855,17.655,18.72,18.04,0.0003219679375734419
127,6.69,3.6393,0.21574,0.3496,11.855,22.194,18.72,18.9,0.2096407495657081
127,6.69,3.7376,0.6861,0.64005,88.996,94.527,90.0,-90.0,0.030173517411417633
127,6.69,3.8231,0.52425,0.70785,97.617,114.4,90.0,90.0,0.13040279726124904
127,6.69,3.8473,0.087389,0.088724,6.3098,7.6952,42.56,39.02,0.006584343448392316
127,6.69,3.8587,0.10078,0.21671,8.054,13.817,31.96,27.69,0.33250459811509225
127,6.69,3.8741,0.17847,0.27013,20.798,20.687,64.11,58.63,0.18000759494102592
127,6.69,3.8791,0.32937,0.35068,23.169,24.005,37.92,31.09,0.02722695808132558
127,6.69,3.9096,0.21574,0.17161,11.855,16.035,18.72,25.47,0.09938808308512881
127,6.69,3.9382,0.32924,0.75323,29.289,72.483,63.08,90.0,0.35941501595829006
127,6.69,3.9716,0.21574,0.15967,11.855,8.9727,18.72,11.31,0.130707349105752
127,6.69,4.0133,0.095537,0.16938,6.3654,14.792,47.92,44.45,0.24869052884407905
127,6.69,4.1142,0.35068,0.13829,24.005,12.477,31.09,34.52,0.4041202212569975
127,6.69,4.1183,0.21765,0.19399,10.224,9.1081,-112.32,-113.5,0.04997932845367792
127,6.69,4.1452,0.17847,0.23216,20.798,21.979,64.11,55.17,0.11422217144903313
127,6.69,4.1512,0.18746,0.44289,16.585,39.504,46.56,43.92,0.3733872617831587
127,6.69,4.1527,0.13636,0.082674,8.4514,9.3182,-90.0,-96.28,0.2173180420356241
127,6.69,4.1532,0.10616,0.15725,8.9633,13.713,47.93,53.03,0.17062974426092747
127,6.69,4.1739,0.06685,0.092943,5.9148,5.9882,-6.53,-5.6,0.14311527486223752
127,6.69,4.2161,0.1249,0.14843,5.1294,10.496,-4.21,-0.81,0.07495924907631113
127,6.69,4.233,0.048679,0.078738,5.4826,6.9052,-87.57,-90.0,0.20884273116081165
127,6.69,4.2492,0.20143,0.27013,22.367,20.687,68.63,58.63,0.12744866585274417
127,6.69,4.2607,0.092943,0.063927,5.9882,6.7623,-5.6,-1.34,0.16253236234886081
127,6.69,4.2718,0.088724,0.068081,7.6952,5.8362,39.02,34.73,0.11501518694594459
127,6.69,4.2892,0.13989,0.25935,13.1,19.971,30.62,34.76,0.2680995821554494
127,6.69,4.3275,0.20426,0.13697,9.2817,7.2194,4.71,4.57,0.1735578718107581
127,6.69,4.3554,0.20143,0.39297,22.367,21.985,68.63,59.38,0.290235244126573
127,6.69,4.3595,0.048679,0.075345,5.4826,7.519,-87.57,-90.0,0.1897127891638315
127,6.69,4.4018,0.10895,0.14843,6.5497,10.496,-4.57,-0.81,0.1342944528681722
127,6.69,4.4033,0.048679,0.085849,5.4826,8.5469,-87.57,-90.0,0.24639359265681993
127,6.69,4.4159,0.048679,0.07412,5.4826,9.4138,-87.57,-90.0,0.182593762595461
127,6.69,4.4343,0.17161,0.3496,16.035,22.194,25.47,18.9,0.3090288326508369
127,6.69,4.4415,0.048679,0.1262,5.4826,13.379,-87.57,-90.0,0.4137177068567166
127,6.69,4.4854,0.087741,0.48514,8.7483,20.514,12.61,19.38,0.7426645040380028
127,6.69,4.4866,0.1249,0.063927,5.1294,6.7623,-4.21,-1.34,0.29087811426275545
127,6.69,4.4965,0.42372,0.64005,34.621,94.527,-79.95,-90.0,0.1791349383042714
127,6.69,4.51,0.087741,0.3496,8.7483,22.194,12.61,18.9,0.6003688441327026
127,6.69,4.5182,0.1464,0.25935,10.682,19.971,28.54,34.76,0.2483451756072308
127,6.69,4.5419,0.69753,0.64005,102.56,94.527,90.0,-90.0,0.037348988961502266
127,6.69,4.5599,0.32505,0.10306,23.144,15.397,57.79,57.95,0.49886003225044323
127,6.69,4.6189,0.062913,0.10893,4.1863,7.913,5.36,0.7,0.23840710866561732
127,6.69,4.6231,0.32937,0.14082,23.169,12.203,37.92,45.01,0.369019699818738
127,6.69,4.634,0.080332,0.21671,8.6168,13.817,23.87,27.69,0.43099037254662453
127,6.69,4.6448,0.42372,0.37291,34.621,40.587,-79.95,-25.73,0.05547493399951381
127,6.69,4.7251,0.26006,0.18338,10.446,12.174,-0.76,-8.84,0.15172158981849293
127,6.69,4.7602,0.20419,0.44289,21.524,39.504,43.37,43.92,0.33626140533741616
127,6.69,4.7801,0.25935,0.13829,19.971,12.477,34.76,34.52,0.2730954757043016
127,6.69,4.7955,0.43974,0.27013,59.805,20.687,59.92,58.63,0.2116231534910894
127,6.69,4.8828,0.09158,0.23087,9.29,12.872,-2.7,-7.68,0.40156686375180783
127,6.69,4.9081,0.048679,0.14229,5.4826,12.374,-87.57,-90.0,0.4658327313201349
127,6.69,4.9182,0.080332,0.16409,8.6168,9.1015,23.87,17.64,0.31019353542495753
127,6.69,4.9807,0.083306,0.079514,6.5239,6.2504,28.58,29.92,0.020232680541014014
127,6.69,4.9992,0.35068,0.13989,24.005,13.1,31.09,30.62,0.39912432770814527
138,7.14,0.4037,0.14613,0.68064,10.926,27.888,-17.2,-21.8,0.6681780839312026
138,7.14,2.3831,0.1177,0.20666,11.522,14.63,-20.21,-23.49,0.24447996220977608
138,7.14,3.6943,0.20666,0.15138,14.63,11.83,-23.49,-47.23,0.13518792415199254
138,7.14,4.7869,0.68064,0.15138,27.888,11.83,-21.8,-47.23,0.6528489673214168
138,7.14,4.885,0.14613,0.15138,10.926,11.83,-17.2,-47.23,0.015329116609785753
145,5.61,1.8924,0.098356,0.21979,5.5589,11.362,-28.21,-29.22,0.3492070707364612
145,5.61,2.4147,0.23178,0.13694,16.414,8.3726,-20.15,-25.73,0.22854563499716396
147,6.05,1.8924,0.092161,0.063325,2.3173,1.6964,114.93,117.69,0.16297197998770696
147,6.05,2.0127,0.083339,0.16972,4.1286,5.4993,145.69,149.87,0.3088847381214771
147,6.05,2.6811,0.092161,0.04259,2.3173,1.1593,114.93,115.63,0.33523953837654363
147,6.05,3.1931,0.020472,0.031519,1.1509,1.3768,141.63,137.63,0.18741215734158523
147,6.05,3.3351,0.063325,0.04259,1.6964,1.1593,117.69,115.63,0.17226755838883667
147,6.05,4.4343,0.029351,0.04259,1.1075,1.1593,120.31,115.63,0.16168473765592384
149,5.93,2.6811,0.034527,0.021827,1.4292,0.92592,147.1,147.38,0.19916479633819528
149,5.93,4.4343,0.012576,0.021827,0.69256,0.92592,150.13,147.38,0.2394515197495528
151,5.28,0.184,0.30988,0.23009,12.738,6.9423,-90.0,-90.0,0.12929580319880507
151,5.28,0.5622,0.23937,0.20819,17.637,16.772,59.41,62.72,0.060609854604395275
151,5.28,0.8341,0.20819,0.14001,16.772,8.6697,62.72,67.26,0.17230080958353278
151,5.28,1.3777,0.23937,0.14001,17.637,8.6697,59.41,67.26,0.23291066418792805
151,5.28,1.4443,0.12676,0.083122,5.9536,3.0861,-136.62,-135.44,0.18326624627575694
151,5.28,1.581,0.12628,0.12528,5.4737,5.632,93.26,106.07,0.003452828506311567
151,5.28,1.934,0.12528,0.12468,5.632,5.4311,106.07,119.29,0.0020849511090660355
151,5.28,2.0127,0.1237,0.10533,5.6407,4.4507,-146.62,-140.4,0.06981761544410703
151,5.28,2.0946,0.10533,0.083122,4.4507,3.0861,-140.4,-135.44,0.10283609994250764
151,5.28,2.2088,0.15472,0.27802,6.2837,12.068,-165.39,-170.57,0.25452958226264255
151,5.28,2.315,0.24328,0.16083,14.151,8.4569,88.6,80.27,0.17973934519110657
151,5.28,2.3496,0.12628,0.12468,5.4737,5.4311,93.26,119.29,0.005537779615377603
151,5.28,2.364,0.093822,0.10533,5.0696,4.4507,-144.15,-140.4,0.050247397636271285
151,5.28,2.4046,0.082009,0.21255,4.4963,6.3881,-166.45,-173.01,0.41359959306755045
151,5.28,2.4147,0.041761,0.035731,1.4434,0.86603,154.82,158.92,0.06772571871207789
151,5.28,2.6811,0.049774,0.036373,1.4268,1.4482,172.62,173.42,0.13622342085589478
151,5.28,2.7177,0.15472,0.052659,6.2837,2.0143,-165.39,-169.56,0.4680738491888834
151,5.28,3.1143,0.12468,0.098665,5.4311,4.51,119.29,151.27,0.10163367338292428
151,5.28,3.1621,0.10533,0.12676,4.4507,5.9536,-140.4,-136.62,0.0804301463332493
151,5.28,3.1931,0.019525,0.023484,0.8302,0.94844,-156.67,-161.12,0.08018102915628811
151,5.28,3.204,0.082009,0.052659,4.4963,2.0143,-166.45,-169.56,0.19238890868554814
151,5.28,3.2769,0.1237,0.083122,5.6407,3.0861,-146.62,-135.44,0.17265371538661467
151,5.28,3.2878,0.1237,0.093822,5.6407,5.0696,-146.62,-144.15,0.12006501308037831
151,5.28,3.458,0.5282,0.14001,30.324,8.6697,77.13,67.26,0.5766393412660868
151,5.28,3.5133,0.5282,0.20819,30.324,16.772,77.13,62.72,0.4043385316825541
151,5.28,3.5677,0.1237,0.12676,5.6407,5.9536,-146.62,-136.62,0.010612530889142269
151,5.28,3.5703,0.5282,0.24998,30.324,10.597,77.13,90.0,0.3248931331472364
151,5.28,3.7376,0.14001,0.16083,8.6697,8.4569,67.26,80.27,0.06020800634015078
151,5.28,3.8231,0.23937,0.5282,17.637,30.324,59.41,77.13,0.34372867707815885
151,5.28,3.9382,0.12628,0.24998,5.4737,10.597,93.26,90.0,0.29657069050348905
151,5.28,4.096,0.14001,0.24328,8.6697,14.151,67.26,88.6,0.23994735153125735
151,5.28,4.1598,0.12528,0.098665,5.632,4.51,106.07,151.27,0.10371862449199032
151,5.28,4.2492,0.093822,0.072183,5.0696,4.4645,-144.15,-125.43,0.11386975872313787
151,5.28,4.3554,0.10533,0.072183,4.4507,4.4645,-140.4,-125.43,0.16411715635940916
151,5.28,4.3702,0.093822,0.083122,5.0696,3.0861,-144.15,-135.44,0.05258870230623636
151,5.28,4.4343,0.027397,0.036373,1.211,1.4482,179.07,173.42,0.1230761128767297
151,5.28,4.5226,0.12528,0.24998,5.632,10.597,106.07,90.0,0.3000235190098006
151,5.28,4.5419,0.20819,0.16083,16.772,8.4569,62.72,80.27,0.112092803243382
151,5.28,4.6191,0.052659,0.27802,2.0143,12.068,-169.56,-170.57,0.722603431451526
151,5.28,4.6231,0.21255,0.052659,6.3881,2.0143,-173.01,-169.56,0.6059885017530986
151,5.28,4.6812,0.5282,0.24328,30.324,14.151,77.13,88.6,0.33669198973482956
151,5.28,4.6828,0.083122,0.072183,3.0861,4.4645,-135.44,-125.43,0.061281056416901514
151,5.28,4.7251,0.078119,0.15715,4.6027,5.3115,130.89,142.6,0.3035577100985295
151,5.28,4.7499,0.056528,0.22211,3.2162,9.1521,45.21,31.12,0.5943044920238989
151,5.28,4.8104,0.060441,0.20043,4.0049,7.5113,141.31,158.12,0.5206310853184672
151,5.28,4.8226,0.048921,0.21255,2.3115,6.3881,172.09,-173.01,0.6379657833828198
151,5.28,4.8996,0.20819,0.24328,16.772,14.151,62.72,88.6,0.06764654194772457
157,5.17,4.229,0.044918,0.043451,3.6881,1.8132,-93.22,-105.77,0.014420634866557869
158,7.13,0.5638,0.022322,0.022588,6.145,6.5488,-74.92,-74.88,0.0051446752665560425
158,7.13,0.9942,0.014689,0.018975,6.1069,6.6999,-75.13,-75.41,0.11118955373740769
158,7.13,1.486,0.025507,0.031185,8.1143,6.6827,-85.33,-85.58,0.08728636622039732
158,7.13,1.5897,0.021022,0.02386,5.8568,5.5422,-75.24,-75.73,0.05499640758289881
158,7.13,1.6336,0.02226,0.023669,4.7413,3.0905,-70.58,-71.08,0.026654749655948606
158,7.13,1.8734,0.014689,0.016976,6.1069,5.9757,-75.13,-74.73,0.06284313572715527
158,7.13,1.8924,0.039265,0.030662,6.3317,7.1126,-76.02,-76.45,0.10740512248214018
158,7.13,2.2872,0.030483,0.016066,6.0909,3.2707,-72.76,-72.46,0.2781499434565695
158,7.13,2.4179,0.014689,0.022588,6.1069,6.5488,-75.13,-74.88,0.18688554823473136
158,7.13,2.4322,0.065818,0.10936,15.173,17.154,-79.49,-80.81,0.22051382023101473
158,7.13,2.5455,0.022588,0.018975,6.5488,6.6999,-74.88,-75.41,0.07569599449732367
158,7.13,2.7047,0.039265,0.02386,6.3317,5.5422,-76.02,-75.73,0.2163351624540184
158,7.13,2.823,0.018975,0.016976,6.6999,5.9757,-75.41,-74.73,0.04834641801025241
158,7.13,2.8579,0.0083115,0.014031,3.508,4.255,-72.45,-72.73,0.22740921541258174
158,7.13,2.9042,0.065818,0.045925,15.173,15.099,-79.49,-78.15,0.15629551635090522
158,7.13,2.9047,0.022322,0.018975,6.145,6.6999,-74.92,-75.41,0.07055131923076763
158,7.13,2.9104,0.014689,0.022322,6.1069,6.145,-75.13,-74.92,0.18174087296817532
158,7.13,2.9832,0.059158,0.019586,21.38,8.4735,-78.7,-78.95,0.48006773287544213
158,7.13,3.0527,0.014999,0.021068,4.6586,5.7687,-72.57,-73.47,0.14756100456036392
158,7.13,3.0578,0.043415,0.02386,6.5585,5.5422,-75.34,-75.73,0.2599693660243749
158,7.13,3.1352,0.024924,0.016976,5.155,5.9757,-73.9,-74.73,0.16678237602545853
158,7.13,3.2299,0.021068,0.015911,5.7687,5.8831,-73.47,-74.33,0.1219258339462157
158,7.13,3.3812,0.030483,0.014999,6.0909,4.6586,-72.76,-72.57,0.3079954009588759
158,7.13,3.4064,0.036101,0.032737,8.9309,7.2259,-82.5,-81.56,0.04248035365623681
158,7.13,3.4557,0.021022,0.043415,5.8568,6.5585,-75.24,-75.34,0.31496577360727374
158,7.13,3.641,0.022588,0.016976,6.5488,5.9757,-74.88,-74.73,0.12404241250757608
158,7.13,3.6954,0.035669,0.050113,11.914,11.059,-78.12,-78.69,0.14765946860732493
158,7.13,3.7243,0.011181,0.028017,2.9113,5.9494,-68.32,-67.59,0.3989409826483381
158,7.13,3.7778,0.022588,0.024924,6.5488,5.155,-74.88,-73.9,0.04273996351788245
158,7.13,3.7985,0.035064,0.028017,7.0798,5.9494,-66.58,-67.59,0.09743982752406266
158,7.13,3.8857,0.021022,0.039265,5.8568,6.3317,-75.24,-76.02,0.2713315700369172
158,7.13,3.8896,0.030979,0.029255,6.2712,6.0455,-69.46,-68.96,0.024867292206555813
158,7.13,3.979,0.021022,0.017327,5.8568,4.7116,-75.24,-74.47,0.08395065635602683
158,7.13,3.9798,0.023437,0.037452,2.9278,10.713,-81.88,-80.65,0.2035729946889382
158,7.13,3.9988,0.030483,0.024924,6.0909,5.155,-72.76,-73.9,0.08743996350123129
158,7.13,4.0252,0.014689,0.024924,6.1069,5.155,-75.13,-73.9,0.2296255117526138
158,7.13,4.193,0.022322,0.024924,6.145,5.155,-74.92,-73.9,0.047884638784438494
158,7.13,4.2033,0.022322,0.016976,6.145,5.9757,-74.92,-74.73,0.11889773724102004
158,7.13,4.205,0.035278,0.017327,4.8058,4.7116,-73.07,-74.47,0.30878058049792756
158,7.13,4.3702,0.022322,0.022556,6.145,4.5626,-74.92,-73.92,0.0045289821180301
158,7.13,4.4854,0.030662,0.02386,7.1126,5.5422,-76.45,-75.73,0.10893003997187822
158,7.13,4.5531,0.024722,0.026995,5.507,5.7863,-81.57,-79.67,0.03819972971780472
158,7.13,4.5932,0.030483,0.021068,6.0909,5.7687,-72.76,-73.47,0.16043439639851198
158,7.13,4.6475,0.014983,0.021068,4.9467,5.7687,-72.78,-73.47,0.14802453016706707
158,7.13,4.6576,0.014983,0.014999,4.9467,4.6586,-72.78,-72.57,0.00046352560670315235
158,7.13,4.6861,0.022556,0.022588,4.5626,6.5488,-73.92,-74.88,0.000615693148525942
158,7.13,4.7123,0.02388,0.02537,7.1439,7.8156,-67.44,-66.08,0.026286144764399166
158,7.13,4.7135,0.024924,0.016066,5.155,3.2707,-73.9,-72.46,0.19070997995533823
158,7.13,4.7991,0.014999,0.034988,4.6586,5.4073,-72.57,-71.14,0.36785681272825643
158,7.13,4.8159,0.035669,0.036348,11.914,13.093,-78.12,-76.44,0.008189585555714585
158,7.13,4.8212,0.043415,0.017327,6.5585,4.7116,-75.34,-74.47,0.39891642996330057
158,7.13,4.9202,0.029022,0.0488419999999999,7.4295,10.872,-74.65,-75.29,0.22606610151343798
158,7.13,4.9267,0.024924,0.018975,5.155,6.6999,-73.9,-75.41,0.11843595801520612
158,7.13,4.9785,0.029255,0.026625,6.0455,6.7679,-68.96,-69.0,0.04091048599994296
164,5.7,2.3255,0.014748,0.01828,1.3165,1.3706,-159.95,-158.61,0.0932430624637337
164,5.7,4.0924,0.014748,0.017464,1.3165,1.9311,-159.95,-162.26,0.07341059376700376
164,5.7,4.3349,0.011034,0.013766,0.96649,1.075,-154.94,-155.35,0.09607478559599336
165,5.31,4.0924,0.060458,0.12454,2.6949,3.4259,-24.42,-28.43,0.31385508512198945
165,5.31,4.3349,0.063194,0.078188,2.4979,3.5592,-14.64,-16.64,0.09246425845515938
168,6.7,1.7302,0.010278,0.010635,2.6096,3.2875,-63.72,-63.36,0.014828880889593554
168,6.7,2.2505,0.010884,0.010278,3.1606,2.6096,-63.8,-63.72,0.02487991975856585
168,6.7,2.4141,0.009643,0.014863,2.4805,2.7444,-63.67,-64.13,0.18789431103106224
168,6.7,2.4884,0.0067091,0.0071086,2.3226,2.2111,-64.55,-64.66,0.02511981208227132
168,6.7,2.6151,0.010278,0.009643,2.6096,2.4805,-63.72,-63.67,0.027696446587720303
168,6.7,2.9847,0.009643,0.010635,2.4805,3.2875,-63.67,-63.36,0.04252532747731386
168,6.7,3.0759,0.010884,0.010635,3.1606,3.2875,-63.8,-63.36,0.010051038868972295
168,6.7,3.5706,0.010884,0.0067091,3.1606,2.3226,-63.8,-64.55,0.21012426796839434
168,6.7,3.9162,0.0067091,0.0087537,2.3226,2.4146,-64.55,-64.34,0.11552739359000652
168,6.7,3.9586,0.014863,0.0071086,2.7444,2.2111,-64.13,-64.66,0.3203224005708991
168,6.7,4.1106,0.010278,0.014863,2.6096,2.7444,-63.72,-64.13,0.16019786444334194
168,6.7,4.2263,0.010884,0.0087537,3.1606,2.4146,-63.8,-64.34,0.09459687437838782
168,6.7,4.281,0.0067091,0.0046268,2.3226,1.2827,-64.55,-65.44,0.1613835382293689
168,6.7,4.3497,0.010278,0.0067091,2.6096,2.3226,-63.72,-64.55,0.1852443482098285
168,6.7,4.5166,0.010278,0.0071086,2.6096,2.2111,-63.72,-64.66,0.16012453612755717
168,6.7,4.8618,0.010884,0.009643,3.1606,2.4805,-63.8,-63.67,0.05257636634628615
168,6.7,4.927,0.0046268,0.0071086,1.2827,2.2111,-65.44,-64.66,0.18650335031164023
168,6.7,4.9579,0.010884,0.0071086,3.1606,2.2111,-63.8,-64.66,0.18500445588612302
169,7.9,0.2854,0.02548,0.0094548,4.222,2.5927,-86.96,-86.92,0.4305470771364108
169,7.9,2.2505,0.016509,0.016443,3.5036,4.4087,-61.74,-61.77,0.0017397107389562905
169,7.9,2.4141,0.015037,0.020565,3.7298,3.4588,-61.75,-62.22,0.13596751411914654
169,7.9,2.4884,0.012583,0.013874,2.5894,2.6249,-62.53,-62.69,0.042417493559935515
169,7.9,2.6151,0.016509,0.015037,3.5036,3.7298,-61.74,-61.75,0.04055956780477166
169,7.9,3.5706,0.012583,0.016443,2.5894,4.4087,-62.53,-61.77,0.11619686018828501
169,7.9,3.9162,0.012583,0.018086,2.5894,3.6277,-62.53,-62.23,0.15755832990159813
169,7.9,3.9586,0.020565,0.013874,3.4588,2.6249,-62.22,-62.69,0.17092702368168067
169,7.9,4.1106,0.016509,0.020565,3.5036,3.4588,-61.74,-62.22,0.09540794631437488
169,7.9,4.2263,0.018086,0.016443,3.6277,4.4087,-62.23,-61.77,0.041361469713313115
169,7.9,4.281,0.012583,0.0096697,2.5894,2.1009,-62.53,-63.4,0.11437119618816971
169,7.9,4.3497,0.016509,0.012583,3.5036,2.5894,-61.74,-62.53,0.1179365709272413
169,7.9,4.5166,0.016509,0.013874,3.5036,2.6249,-61.74,-62.69,0.07551907736730579
169,7.9,4.8618,0.015037,0.016443,3.7298,4.4087,-61.75,-61.77,0.038819857065815366
169,7.9,4.927,0.0096697,0.013874,2.1009,2.6249,-63.4,-62.69,0.15678868974810523
169,7.9,4.9579,0.013874,0.016443,2.6249,4.4087,-62.69,-61.77,0.0737793666283495
177,6.52,0.5561,0.020303,0.015722,3.154,3.2766,57.35,57.51,0.11105242268204019
177,6.52,1.9905,0.0039944,0.0052711,1.0439,1.6869,-165.86,-165.93,0.12044970240831931
177,6.52,2.3348,0.0122,0.011864,3.3209,3.2137,-150.75,-150.29,0.012128692654422624
177,6.52,2.3592,0.021713,0.014483,4.126,4.6875,-149.66,-150.52,0.1758613016843511
177,6.52,2.4056,0.011864,0.014483,3.2137,4.6875,-150.29,-150.52,0.0866273926596659
177,6.52,2.9778,0.016757,0.017017,3.0326,3.101,45.61,46.43,0.006686729197352914
177,6.52,3.1007,0.021713,0.011864,4.126,3.2137,-149.66,-150.29,0.262488694344017
177,6.52,3.3409,0.011798,0.01348,3.7507,3.2457,-157.8,-158.42,0.05788150036617212
177,6.52,3.5006,0.011798,0.011451,3.7507,3.6382,-157.8,-157.77,0.012964977164367841
177,6.52,3.9094,0.01203,0.010654,3.4015,3.4928,-158.87,-159.83,0.05275293489103383
177,6.52,4.0382,0.0094914,0.0080153,2.5488,3.1098,-164.8,-165.74,0.07341049448493164
177,6.52,4.1434,0.011451,0.0089159,3.6382,3.4037,-157.77,-156.66,0.10867822584438125
177,6.52,4.2267,0.0092329,0.0052711,3.4287,1.6869,-166.82,-165.93,0.24343687635962175
177,6.52,4.2352,0.010654,0.010382,3.4928,2.6812,-159.83,-160.62,0.011231667905980514
177,6.52,4.2824,0.0092329,0.0039944,3.4287,1.0439,-166.82,-165.86,0.36388657876794106
177,6.52,4.2974,0.0079382,0.0092329,2.4259,3.4287,-167.33,-166.82,0.0656160952178757
177,6.52,4.3285,0.0122,0.014483,3.3209,4.6875,-150.75,-150.52,0.07449870000524328
177,6.52,4.423,0.0062811,0.0071659,1.5505,1.6069,-169.92,-169.43,0.057235035535797785
177,6.52,4.4514,0.011176,0.020303,2.2174,3.154,57.62,57.35,0.2592738215156105
177,6.52,4.5817,0.0089159,0.011087,3.4037,3.7416,-156.66,-155.55,0.09464885870425821
177,6.52,4.6475,0.0026042,0.0042683,1.2273,1.658,-165.95,-166.41,0.21458060190448647
177,6.52,4.8218,0.011176,0.015722,2.2174,3.2766,57.62,57.51,0.14822139883357033
179,6.0,0.2117,0.26669,0.28903,40.887,42.438,-90.0,-90.0,0.034936191511947934
179,6.0,0.5561,0.012904,0.01276,3.2528,3.3543,-179.58,-179.51,0.004873679995761604
179,6.0,1.0639,0.47991,0.41362,48.311,34.26,25.09,38.04,0.06455826924675928
179,6.0,1.1225,0.41362,0.55915,34.26,30.097,38.04,53.56,0.13092679895606651
179,6.0,1.3316,0.15596,0.4632,15.545,23.992,90.0,90.0,0.4727553242034317
179,6.0,1.3488,0.14342,0.21773,7.7013,12.158,90.0,90.0,0.18130855440697424
179,6.0,1.5526,0.23324,0.28302,14.966,21.386,67.2,62.21,0.08401409388033865
179,6.0,1.6165,0.38923,0.47991,39.719,48.311,-32.71,25.09,0.09095349328256896
179,6.0,1.634,0.55915,0.28302,30.097,21.386,53.56,62.21,0.29571120260515504
179,6.0,1.8521,0.38923,0.48425,39.719,22.765,-32.71,-57.59,0.09486332314852408
179,6.0,1.9205,0.23324,0.31319,14.966,14.791,67.2,70.18,0.12800485405276008
179,6.0,1.9645,0.20707,0.2391,17.959,20.007,90.0,-90.0,0.0624623926168697
179,6.0,2.0408,0.21009,0.15596,23.574,15.545,90.0,90.0,0.12939215455170583
179,6.0,2.0722,0.20132,0.48186,13.108,20.456,-90.0,-90.0,0.37903395456513694
179,6.0,2.0926,0.47991,0.55915,48.311,30.097,25.09,53.56,0.06636852970930723
179,6.0,2.1801,0.29785,0.26301,25.981,17.397,-90.0,-90.0,0.054025343160863604
179,6.0,2.2137,0.2391,0.48186,20.007,20.456,-90.0,-90.0,0.304341300174464
179,6.0,2.3188,0.4632,0.30832,23.992,21.996,90.0,90.0,0.17676685340800202
179,6.0,2.3383,0.20132,0.16396,13.108,9.5896,-90.0,-90.0,0.08914901208063764
179,6.0,2.374,0.48425,0.65141,22.765,25.418,-57.59,-81.12,0.12878479188020503
179,6.0,2.3769,0.30832,0.10385,21.996,7.3819,90.0,90.0,0.4725951964402598
179,6.0,2.4605,0.26669,0.13068,40.887,19.525,-90.0,90.0,0.30979760557361136
179,6.0,2.4641,0.28903,1.0378,42.438,68.769,-90.0,-90.0,0.5551707434699494
179,6.0,2.4727,0.13068,0.28903,19.525,42.438,90.0,-90.0,0.3447337970855593
179,6.0,2.5202,0.48186,0.82618,20.456,21.339,-90.0,-90.0,0.23415380116372686
179,6.0,2.5209,0.12335,0.14342,14.518,7.7013,90.0,90.0,0.06547056433994414
179,6.0,2.5258,1.0378,0.21009,68.769,23.574,-90.0,90.0,0.6937082852912545
179,6.0,2.5334,0.21773,0.60451,12.158,19.119,90.0,90.0,0.44348521692336906
179,6.0,2.6022,0.10385,0.17394,7.3819,10.779,90.0,90.0,0.22399296486752318
179,6.0,2.608,0.21009,0.4632,23.574,23.992,90.0,90.0,0.34336316965172586
179,6.0,2.6111,0.38923,0.41362,39.719,34.26,-32.71,38.04,0.026395224035809683
179,6.0,2.657,0.16361,0.30832,9.2169,21.996,90.0,90.0,0.27519185266987645
179,6.0,2.674,0.26669,1.0378,40.887,68.769,-90.0,-90.0,0.5901069349818974
179,6.0,2.675,0.71667,0.18659,38.366,10.803,-90.0,-90.0,0.5844308604667472
179,6.0,2.6929,0.12335,0.21773,14.518,12.158,90.0,90.0,0.24677911874691838
179,6.0,2.742,0.41362,0.28302,34.26,21.386,38.04,62.21,0.16478440364908853
179,6.0,2.7769,0.18659,0.20435,10.803,9.3926,-90.0,-90.0,0.03948627734877963
179,6.0,2.8319,0.2391,0.82618,20.007,21.339,-90.0,-90.0,0.5384951013381909
179,6.0,2.9352,0.29785,0.15596,25.981,15.545,-90.0,90.0,0.2809843779189154
179,6.0,2.9778,0.010879,0.012739,1.7186,1.9371,166.27,167.57,0.06854636085716748
179,6.0,2.9808,0.26669,0.82618,40.887,21.339,-90.0,-90.0,0.49106794607695453
179,6.0,3.0195,0.19469,0.082007,6.8772,4.7568,74.85,78.29,0.3754927203980645
179,6.0,3.1655,0.20707,0.13068,17.959,19.525,90.0,90.0,0.19990805769550535
179,6.0,3.1702,0.82618,0.28903,21.339,42.438,-90.0,-90.0,0.4561317545650066
179,6.0,3.1751,0.47991,0.64455,48.311,67.327,25.09,90.0,0.12809681321439112
179,6.0,3.1798,0.38923,0.64455,39.719,67.327,-32.71,90.0,0.21905030649696008
179,6.0,3.1857,0.23324,0.55915,14.966,30.097,67.2,53.56,0.3797252964854937
179,6.0,3.218,0.60451,0.3958,19.119,9.4502,90.0,90.0,0.18392769962566488
179,6.0,3.2566,0.20698,0.16396,7.8304,9.5896,-90.0,-90.0,0.1011904729657227
179,6.0,3.4085,0.12335,0.20707,14.518,17.959,90.0,90.0,0.22497802967315017
179,6.0,3.4124,0.3958,0.22033,9.4502,7.0621,90.0,90.0,0.2544021554185762
179,6.0,3.4307,0.13068,1.0378,19.525,68.769,90.0,-90.0,0.8999045405555087
179,6.0,3.44,0.48425,0.47991,22.765,48.311,-57.59,25.09,0.003909829865955117
179,6.0,3.4718,0.28302,0.31319,21.386,14.791,62.21,70.18,0.04399076017242143
179,6.0,3.536,0.64455,0.71667,67.327,38.366,90.0,-90.0,0.046062612425995325
179,6.0,3.5823,0.16361,0.4632,9.2169,23.992,90.0,90.0,0.45195870607787847
179,6.0,3.5888,0.15596,0.30832,15.545,21.996,90.0,90.0,0.29598847079542967
179,6.0,3.6969,0.38923,0.55915,39.719,30.097,-32.71,53.56,0.1573220229918762
179,6.0,3.7239,0.47991,0.28302,48.311,21.386,25.09,62.21,0.2293426728958478
179,6.0,3.7997,0.2391,0.13068,20.007,19.525,-90.0,90.0,0.26237045031237505
179,6.0,3.8523,0.14342,0.60451,7.7013,19.119,90.0,90.0,0.6247937713303433
179,6.0,3.864,0.26669,0.2391,40.887,20.007,-90.0,-90.0,0.04742715526123631
179,6.0,3.8784,0.14342,0.20698,7.7013,7.8304,90.0,-90.0,0.15931866444448783
179,6.0,3.9585,0.41362,0.64455,34.26,67.327,38.04,90.0,0.1926550824611504
179,6.0,3.9746,0.3706,0.71667,22.412,38.366,-90.0,-90.0,0.286413810182701
179,6.0,3.9755,0.12335,0.2391,14.518,20.007,90.0,-90.0,0.28744042229001987
179,6.0,3.9948,0.20132,0.20698,13.108,7.8304,-90.0,-90.0,0.012041460885085065
179,6.0,4.003,0.21009,0.29785,23.574,25.981,90.0,-90.0,0.15159222336720957
179,6.0,4.0345,0.0020328,0.0024659,0.7682,1.0765,-169.94,-170.72,0.08388080856744873
179,6.0,4.0425,0.38923,0.65141,39.719,25.418,-32.71,-81.12,0.2236481150287291
179,6.0,4.0644,0.2391,0.28903,20.007,42.438,-90.0,-90.0,0.08236334677318424
179,6.0,4.1004,0.20707,0.48186,17.959,20.456,90.0,-90.0,0.3668036927913337
179,6.0,4.122,0.20132,0.82618,13.108,21.339,-90.0,-90.0,0.6131877557288639
179,6.0,4.1312,0.17394,0.10542,10.779,8.1,90.0,90.0,0.2174764538597025
179,6.0,4.1811,0.29785,0.4632,25.981,23.992,-90.0,90.0,0.1917709462845163
179,6.0,4.2171,0.20132,0.2391,13.108,20.007,-90.0,-90.0,0.07469265439067296
179,6.0,4.2319,0.16361,0.15596,9.2169,15.545,90.0,90.0,0.020796618125553223
179,6.0,4.2938,0.23324,0.41362,14.966,34.26,67.2,38.04,0.24879849752942718
179,6.0,4.304,0.3706,0.14342,22.412,7.7013,-90.0,90.0,0.4122956968171797
179,6.0,4.3075,0.12335,0.20698,14.518,7.8304,90.0,-90.0,0.22478922878443197
179,6.0,4.3272,0.48186,0.16396,20.456,9.5896,-90.0,-90.0,0.4681829666457746
179,6.0,4.3581,0.48425,0.41362,22.765,34.26,-57.59,38.04,0.0684680991127144
179,6.0,4.4008,0.48425,0.64455,22.765,67.327,-57.59,90.0,0.124186983348436
179,6.0,4.4291,0.4632,0.10385,23.992,7.3819,90.0,90.0,0.6493620498482618
179,6.0,4.4484,0.26669,0.20707,40.887,17.959,-90.0,90.0,0.10988954787810601
179,6.0,4.4514,0.010303,0.012904,2.9494,3.2528,-178.32,-179.58,0.0977606545551275
179,6.0,4.456,0.55915,0.64455,30.097,67.327,53.56,90.0,0.061728283505083886
179,6.0,4.471,0.22033,0.099555,7.0621,4.8063,90.0,90.0,0.3450105577540772
179,6.0,4.5058,0.16361,0.10385,9.2169,7.3819,90.0,90.0,0.19740334377038338
179,6.0,4.516,0.19469,0.31319,6.8772,14.791,74.85,70.18,0.20646424168313227
179,6.0,4.5488,1.0378,0.15596,68.769,15.545,-90.0,90.0,0.8231004398429603
179,6.0,4.5658,0.0029234,0.0030468,0.89499,1.1907,-177.36,-177.53,0.017955704294810637
179,6.0,4.5668,0.20707,0.82618,17.959,21.339,90.0,-90.0,0.6009574939550606
179,6.0,4.5994,0.20707,0.28903,17.959,42.438,90.0,-90.0,0.14482573939005394
179,6.0,4.6234,0.3706,0.20698,22.412,7.8304,-90.0,-90.0,0.25297703237269187
179,6.0,4.6328,0.0041097,0.0065089,0.34537,0.45757,-98.78,-100.61,0.19969747888359235
179,6.0,4.6369,0.13068,0.82618,19.525,21.339,90.0,-90.0,0.8008655516505658
179,6.0,4.6759,0.12335,0.60451,14.518,19.119,90.0,90.0,0.6902643356702874
179,6.0,4.6886,0.65141,0.71667,25.418,38.366,-81.12,-90.0,0.0414648038942263
179,6.0,4.7535,0.3706,0.18659,22.412,10.803,-90.0,-90.0,0.2980170502840461
179,6.0,4.7738,0.21009,0.30832,23.574,21.996,90.0,90.0,0.16659631624372384
179,6.0,4.8218,0.010303,0.01276,2.9494,3.3543,-178.32,-179.51,0.0928869745593659
179,6.0,4.8376,0.12335,0.48186,14.518,20.456,90.0,-90.0,0.5917817224644839
179,6.0,4.898,0.48186,0.20698,20.456,7.8304,-90.0,-90.0,0.3669924936800519
179,6.0,4.9671,0.28903,0.21009,42.438,23.574,-90.0,90.0,0.13853754182130507
179,6.0,4.9722,0.30832,0.17394,21.996,10.779,90.0,90.0,0.24860223157273664
199,5.5,0.6355,0.19984,0.090017,11.31,3.9351,9.01,11.48,0.34635788593522165
278,6.8,0.6942,0.12748,0.33165,20.102,33.272,74.1,74.12,0.41523794683270004
278,6.8,2.0206,0.21882,0.56511,21.577,58.235,156.06,155.1,0.4120459788002489
278,6.8,2.2096,0.14539,0.11806,14.374,14.544,39.66,42.07,0.09043175766417999
278,6.8,3.9655,0.19918,0.46427,19.74,23.625,133.81,135.98,0.3675248934830677
278,6.8,4.3184,0.30951,0.23213,25.885,15.765,144.81,152.04,0.12494341385966001
278,6.8,4.7819,0.26661,0.22838,28.167,41.373,158.84,156.01,0.06721836626838262
278,6.8,4.83,0.079164,0.23213,12.706,15.765,156.91,152.04,0.46720354127360075
278,6.8,4.9253,0.23213,0.25968,15.765,37.873,152.04,150.98,0.048707231080478364
279,6.9,2.4481,0.19608,0.12883,15.923,12.785,-35.6,-34.43,0.1824162914519094
279,6.9,2.5816,0.17612,0.14813,26.732,21.717,-33.86,-32.6,0.0751656539513782
279,6.9,2.79,0.12419,0.12927,10.506,14.625,95.42,97.6,0.017411121724837275
279,6.9,2.8774,0.082567,0.12883,9.4917,12.785,-32.35,-34.43,0.1932105016211122
279,6.9,3.165,0.12645,0.12162,20.955,26.345,90.0,90.0,0.01691383460377127
279,6.9,3.2782,0.25298,0.37427,35.711,20.624,-58.64,-60.75,0.1700988289457489
279,6.9,3.5955,0.19109,0.11298,10.175,18.08,90.0,90.0,0.22823639002752938
279,6.9,3.9553,0.12381,0.1702,24.204,46.412,-90.0,-85.79,0.13820383215149068
279,6.9,4.5765,0.26297,0.14377,22.052,17.704,-20.92,-15.33,0.2622379336308248
279,6.9,4.7812,0.14648,0.1702,18.707,46.412,-83.01,-85.79,0.06518122445492902
280,7.2,0.0924,0.051148,0.048216,8.2775,8.281,-16.07,-16.05,0.025637478044912898
280,7.2,0.1025,0.01095,0.010724,3.0949,3.1325,-25.5,-25.5,0.00905731386529518
280,7.2,0.1226,0.36479,0.37378,47.939,49.956,76.93,76.64,0.010573135200293016
280,7.2,0.1842,0.029696,0.018793,5.4592,5.3991,-16.77,-16.74,0.19870184077948827
280,7.2,0.2152,0.022056,0.018793,5.3471,5.3991,-16.68,-16.74,0.06953063933843762
280,7.2,0.2763,0.01979,0.022056,5.2749,5.3471,-16.63,-16.68,0.04708095889132102
280,7.2,0.3362,0.047047,0.059817,4.8735,4.6968,-54.23,-54.33,0.10429269266981689
280,7.2,0.3849,0.022056,0.029696,5.3471,5.4592,-16.68,-16.77,0.12917120144105065
280,7.2,0.4738,0.01979,0.018793,5.2749,5.3991,-16.63,-16.74,0.022449680447116593
280,7.2,0.5857,0.014078,0.015443,5.4808,5.7081,-15.93,-16.1,0.040190710578513755
280,7.2,0.6543,0.01979,0.029696,5.2749,5.4592,-16.63,-16.77,0.17625216033237168
280,7.2,0.9148,0.018127,0.016343,2.4346,2.5965,2.81,2.65,0.04499415404237972
280,7.2,1.0642,0.029696,0.012995,5.4592,4.1796,-16.77,-17.06,0.35892167070173664
280,7.2,1.1003,0.014078,0.014706,5.4808,5.8699,-15.93,-15.7,0.018953600768492063
280,7.2,1.2132,0.018793,0.012995,5.3991,4.1796,-16.74,-17.06,0.16021982992224837
280,7.2,1.3641,0.01979,0.025166,5.2749,6.2241,-16.63,-16.29,0.10436839806116271
280,7.2,1.4283,0.022056,0.012995,5.3471,4.1796,-16.68,-17.06,0.22975046926068599
280,7.2,1.445,0.02777,0.043767,4.7466,4.4232,-16.79,-17.24,0.1975708992572447
280,7.2,1.486,0.014957,0.019432,5.3651,5.3843,-36.46,-36.26,0.11367300814161885
280,7.2,1.6278,0.022056,0.025166,5.3471,6.2241,-16.68,-16.29,0.05728743916984169
280,7.2,1.6366,0.036719,0.043943,6.3583,7.3272,5.27,4.56,0.07799885781708871
280,7.2,1.6668,0.01979,0.012995,5.2749,4.1796,-16.63,-17.06,0.18266951036936496
280,7.2,1.6854,0.014706,0.015443,5.8699,5.7081,-15.7,-16.1,0.021237109810021693
280,7.2,1.7857,0.010113,0.0092838,4.5404,3.9809,-31.83,-31.42,0.03715423131974127
280,7.2,1.8363,0.018793,0.025166,5.3991,6.2241,-16.74,-16.29,0.1268180785082793
280,7.2,1.9529,0.01979,0.015955,5.2749,5.2862,-16.63,-16.71,0.09354898567686698
280,7.2,1.9826,0.017987,0.010689,5.1464,4.8415,-15.23,-15.45,0.2260216575871712
280,7.2,2.0127,0.029696,0.025166,5.4592,6.2241,-16.77,-16.29,0.07188376227120896
280,7.2,2.0277,0.014706,0.010689,5.8699,4.8415,-15.7,-15.45,0.13855748456504346
280,7.2,2.0911,0.025166,0.015955,6.2241,5.2862,-16.29,-16.71,0.1979173837380297
280,7.2,2.1126,0.015443,0.015127,5.7081,4.9068,-16.1,-16.59,0.008978864548245147
280,7.2,2.1168,0.022056,0.015955,5.3471,5.2862,-16.68,-16.71,0.140629944568188
280,7.2,2.1309,0.033826,0.021631,7.9495,6.1531,-36.92,-37.43,0.1941740472179987
280,7.2,2.1585,0.018793,0.015955,5.3991,5.2862,-16.74,-16.71,0.07109930522975039
280,7.2,2.292,0.010113,0.012697,4.5404,4.7578,-31.83,-32.23,0.09882111234888002
280,7.2,2.2927,0.029696,0.015955,5.4592,5.2862,-16.77,-16.71,0.26980114600923866
280,7.2,2.3012,0.028729,0.022794,3.765,3.9747,-18.13,-17.5,0.10049996537971362
280,7.2,2.4307,0.043767,0.04176,4.4232,4.422,-17.24,-18.05,0.020386289013296643
280,7.2,2.4504,0.046042,0.034537,7.2106,8.0615,-61.77,-60.82,0.12486956992144527
280,7.2,2.4642,0.014078,0.015127,5.4808,4.9068,-15.93,-16.59,0.03121184603026861
280,7.2,2.5179,0.011404,0.0092838,4.2681,3.9809,-30.9,-31.42,0.08933143271652932
280,7.2,2.5841,0.016138,0.012349,6.5959,6.1796,-32.69,-32.2,0.1162179205037186
280,7.2,2.6363,0.014832,0.017987,4.8118,5.1464,-15.84,-15.23,0.08375901785742745
280,7.2,2.6441,0.045458,0.034268,5.3837,5.4104,-60.34,-59.42,0.12272156607543039
280,7.2,2.683,0.012995,0.015955,4.1796,5.2862,-17.06,-16.71,0.08912052469249798
280,7.2,2.7093,0.034537,0.03951,8.0615,5.6504,-60.82,-59.65,0.05842241909130608
280,7.2,2.7653,0.015443,0.025166,5.7081,6.2241,-16.1,-16.29,0.21208252082181578
280,7.2,2.8449,0.017489,0.020056,5.9315,5.3535,-33.7,-33.8,0.05947934319806358
280,7.2,2.8537,0.023389,0.012995,3.449,4.1796,-17.71,-17.06,0.25523537004711394
280,7.2,2.8911,0.01979,0.015443,5.2749,5.7081,-16.63,-16.1,0.10771412276065306
280,7.2,2.9042,0.022056,0.015443,5.3471,5.7081,-16.68,-16.1,0.1547950816519741
280,7.2,2.9148,0.029696,0.015127,5.4592,4.9068,-16.77,-16.59,0.2929451476412699
280,7.2,2.9905,0.011021,0.012349,4.7379,6.1796,-31.92,-32.2,0.049410788236426306
280,7.2,2.9907,0.013714,0.014129,5.5213,5.8368,-14.43,-15.2,0.012947279999425909
280,7.2,2.9923,0.014078,0.010689,5.4808,4.8415,-15.93,-15.45,0.1196038837965514
280,7.2,3.0037,0.024846,0.036381,2.6846,3.0116,-55.68,-54.2,0.16561815140365166
280,7.2,3.0037,0.051148,0.02777,8.2775,4.7466,-16.07,-16.79,0.26525277675451053
280,7.2,3.0079,0.02777,0.048216,4.7466,8.281,-16.79,-16.05,0.23961529870959763
280,7.2,3.0087,0.018793,0.015127,5.3991,4.9068,-16.74,-16.59,0.09424330686178162
280,7.2,3.0204,0.022056,0.015127,5.3471,4.9068,-16.68,-16.59,0.16377394620021923
280,7.2,3.0221,0.012995,0.025166,4.1796,6.2241,-17.06,-16.29,0.2870379084305277
280,7.2,3.0354,0.016647,0.017489,5.0904,5.9315,-32.97,-33.7,0.02142899821826827
280,7.2,3.0374,0.018793,0.015443,5.3991,5.7081,-16.74,-16.1,0.08526444231353647
280,7.2,3.0707,0.029696,0.015443,5.4592,5.7081,-16.77,-16.1,0.28396628309302474
280,7.2,3.1916,0.01979,0.015127,5.2749,4.9068,-16.63,-16.59,0.11669298730889821
280,7.2,3.1992,0.014078,0.025166,5.4808,6.2241,-15.93,-16.29,0.25227323140032953
280,7.2,3.2177,0.02777,0.033763,4.7466,5.0379,-16.79,-16.51,0.0848651490078729
280,7.2,3.2466,0.015273,0.014832,4.0687,4.8118,-15.48,-15.84,0.012724634956578829
280,7.2,3.2665,0.043767,0.033763,4.4232,5.0379,-17.24,-16.51,0.1127057502493718
280,7.2,3.2672,0.012995,0.015127,4.1796,4.9068,-17.06,-16.59,0.06597652306046675
280,7.2,3.3408,0.016138,0.011021,6.5959,4.7379,-32.69,-31.92,0.1656287087401449
280,7.2,3.3427,0.014706,0.015127,5.8699,4.9068,-15.7,-16.59,0.012258245261776546
280,7.2,3.3545,0.0092838,0.012697,3.9809,4.7578,-31.42,-32.23,0.1359753436686213
280,7.2,3.3563,0.017878,0.014957,5.159,5.3651,-35.66,-36.46,0.0774744392861979
280,7.2,3.4031,0.0073848,0.010689,4.4551,4.8415,-14.61,-15.45,0.16059833911161348
280,7.2,3.4107,0.017878,0.019432,5.159,5.3843,-35.66,-36.26,0.03619856885542094
280,7.2,3.4144,0.0073848,0.0097491,4.4551,4.6298,-14.61,-13.74,0.12062578716770345
280,7.2,3.4149,0.014832,0.010689,4.8118,4.8415,-15.84,-15.45,0.14226263972974373
280,7.2,3.452,0.01979,0.014078,5.2749,5.4808,-16.63,-15.93,0.14790483333916682
280,7.2,3.4706,0.016138,0.016647,6.5959,5.0904,-32.69,-32.97,0.013486268403301693
280,7.2,3.4777,0.022056,0.014078,5.3471,5.4808,-16.68,-15.93,0.19498579223048784
280,7.2,3.4804,0.36479,0.50737,47.939,37.767,76.93,77.88,0.14328185999578408
280,7.2,3.4964,0.036719,0.038231,6.3583,4.688,5.27,5.98,0.01752481273806694
280,7.2,3.5105,0.018626,0.022591,6.1693,7.4025,-36.0,-35.31,0.08381585695261795
280,7.2,3.5364,0.50737,0.37378,37.767,49.956,77.88,76.64,0.13270872479549106
280,7.2,3.5486,0.015443,0.010689,5.7081,4.8415,-16.1,-15.45,0.15979459437506516
280,7.2,3.5895,0.038194,0.027304,4.2458,4.6462,-0.34,0.76,0.1457688684904921
280,7.2,3.6162,0.014078,0.018793,5.4808,5.3991,-15.93,-16.74,0.12545515289205023
280,7.2,3.6526,0.016138,0.013689,6.5959,6.644,-32.69,-33.33,0.07147798763820346
280,7.2,3.6535,0.029696,0.014078,5.4592,5.4808,-16.77,-15.93,0.3241569936715385
280,7.2,3.6651,0.046042,0.044524,7.2106,8.0436,-61.77,-62.1,0.01456000643265365
280,7.2,3.6954,0.015977,0.0099782,4.8168,4.8257,-29.44,-29.97,0.2044430306366416
280,7.2,3.7074,0.0073848,0.013673,4.4551,4.3947,-14.61,-13.94,0.2675250758408052
280,7.2,3.714,0.028729,0.015144,3.765,3.3889,-18.13,-19.13,0.2780799083623373
280,7.2,3.7234,0.023389,0.015955,3.449,5.2862,-17.71,-16.71,0.16611484535461596
280,7.2,3.749,0.023389,0.029696,3.449,5.4592,-17.71,-16.77,0.1036863006546227
280,7.2,3.7833,0.01171,0.027831,4.5773,4.381,-11.96,-11.53,0.3759719162447721
280,7.2,3.7907,0.020504,0.0085674,2.8783,2.6853,-22.52,-21.81,0.3789895491961559
280,7.2,3.8002,0.013673,0.0097491,4.3947,4.6298,-13.94,-13.74,0.14689928867310176
280,7.2,3.8252,0.023389,0.018793,3.449,5.3991,-17.71,-16.74,0.09501554012486557
280,7.2,3.8355,0.0099782,0.013024,4.8257,4.9621,-29.97,-30.65,0.11569218298847672
280,7.2,3.8529,0.0073848,0.017987,4.4551,5.1464,-14.61,-15.23,0.38661999669878466
280,7.2,3.8628,0.37814,0.19459,27.134,25.915,90.0,83.56,0.28853210179774075
280,7.2,3.8628,0.19262,0.19459,25.673,25.915,90.0,83.56,0.004419139543770378
280,7.2,3.8689,0.02777,0.04176,4.7466,4.422,-16.79,-18.05,0.17718461024394805
280,7.2,3.8977,0.0095636,0.015127,3.5389,4.9068,-16.94,-16.59,0.19913140355095948
280,7.2,3.8988,0.025166,0.015127,6.2241,4.9068,-16.29,-16.59,0.22106138537006093
280,7.2,3.9543,0.012995,0.015443,4.1796,5.7081,-17.06,-16.1,0.0749553876087119
280,7.2,3.9659,0.051148,0.014026,8.2775,5.7101,-16.07,-15.43,0.5618948219420044
280,7.2,3.9667,0.0091477,0.010724,2.8181,3.1325,-24.43,-25.5,0.06904489188607421
280,7.2,3.9713,0.01373,0.01124,4.475,5.0763,-25.83,-26.49,0.08690422600371273
280,7.2,3.9871,0.048216,0.014026,8.281,5.7101,-16.05,-15.43,0.5362573438970915
280,7.2,3.9884,0.0091477,0.01095,2.8181,3.0949,-24.43,-25.5,0.07810220575136939
280,7.2,4.007,0.023389,0.022056,3.449,5.3471,-17.71,-16.68,0.025484900786427955
280,7.2,4.0094,0.014706,0.017987,5.8699,5.1464,-15.7,-15.23,0.08746417302212772
280,7.2,4.0856,0.014706,0.025166,5.8699,6.2241,-15.7,-16.29,0.23331963063183747
280,7.2,4.0924,0.37378,0.50282,49.956,59.797,76.64,79.5,0.12879648401815808
280,7.2,4.1055,0.36479,0.50282,47.939,59.797,76.93,79.5,0.1393696192184511
280,7.2,4.1207,0.0073848,0.014706,4.4551,5.8699,-14.61,-15.7,0.29915582367665694
280,7.2,4.131,0.04176,0.042687,4.422,5.3915,-18.05,-18.29,0.009535144096990855
280,7.2,4.1414,0.023389,0.01979,3.449,5.2749,-17.71,-16.63,0.07256585967774898
280,7.2,4.1523,0.010113,0.011021,4.5404,4.7379,-31.83,-31.92,0.037340995149747425
280,7.2,4.1583,0.020504,0.0089399,2.8783,2.7162,-22.52,-23.21,0.3605059322875501
280,7.2,4.2856,0.011404,0.010113,4.2681,4.5404,-30.9,-31.83,0.05217720139678805
280,7.2,4.3322,0.015273,0.017987,4.0687,5.1464,-15.48,-15.23,0.07103438290084862
280,7.2,4.3349,0.24601,0.19459,23.768,25.915,75.69,83.56,0.1018322429238464
280,7.2,4.3404,0.014832,0.0095636,4.8118,3.5389,-15.84,-16.94,0.1905783134538832
280,7.2,4.3739,0.044324,0.0080932,3.1528,3.3469,-10.78,-11.85,0.7385186733490132
280,7.2,4.3846,0.051148,0.043767,8.2775,4.4232,-16.07,-17.24,0.06768187749726584
280,7.2,4.3992,0.043767,0.048216,4.4232,8.281,-17.24,-16.05,0.04204439945235294
280,7.2,4.4019,0.025183,0.0098183,5.0962,5.0988,-41.92,-42.6,0.4090711675634304
280,7.2,4.5087,0.01979,0.014706,5.2749,5.8699,-16.63,-15.7,0.12895123257067476
280,7.2,4.539,0.014078,0.012995,5.4808,4.1796,-15.93,-17.06,0.03476467703019814
280,7.2,4.5426,0.043767,0.042687,4.4232,5.3915,-17.24,-18.29,0.010851144916305788
280,7.2,4.5503,0.010689,0.015127,4.8415,4.9068,-15.45,-16.59,0.15081572982682
280,7.2,4.5531,0.0085674,0.0098008,2.6853,2.6904,-21.81,-21.94,0.05841248287626444
280,7.2,4.5531,0.022056,0.014706,5.3471,5.8699,-16.68,-15.7,0.17603219146199578
280,7.2,4.5538,0.010178,0.027824,3.149,4.2286,-28.6,-27.72,0.4367571181213614
280,7.2,4.5721,0.0091477,0.0089399,2.8181,2.7162,-24.43,-23.21,0.00997925253613019
280,7.2,4.6337,0.055972,0.038194,6.5739,4.2458,0.34,-0.34,0.1659756816992617
280,7.2,4.65,0.015443,0.015955,5.7081,5.2862,-16.1,-16.71,0.014165137083786083
280,7.2,4.6709,0.012697,0.016647,4.7578,5.0904,-32.23,-32.97,0.117634859944314
280,7.2,4.6752,0.50737,0.24601,37.767,23.768,77.88,75.69,0.31437202349494836
280,7.2,4.7,0.018793,0.014706,5.3991,5.8699,-16.74,-15.7,0.10650155212355816
280,7.2,4.7416,0.04176,0.033763,4.422,5.0379,-18.05,-16.51,0.09231946123607515
280,7.2,4.7445,0.029696,0.014706,5.4592,5.8699,-16.77,-15.7,0.30520339290304643
280,7.2,4.7473,0.013689,0.012349,6.644,6.1796,-33.33,-32.2,0.04473993286551514
280,7.2,4.7929,0.043943,0.038231,7.3272,4.688,4.56,5.98,0.060474045079021765
280,7.2,4.7957,0.016647,0.011021,5.0904,4.7379,-32.97,-31.92,0.1791149771434466
280,7.2,4.8338,0.026356,0.0064679,3.8194,4.105,-17.98,-16.66,0.6101162022026565
280,7.2,4.8464,0.016647,0.020056,5.0904,5.3535,-32.97,-33.8,0.08090834141633185
280,7.2,4.8986,0.0092838,0.013024,3.9809,4.9621,-31.42,-30.65,0.1470186116242329
280,7.2,4.911,0.0098008,0.012444,2.6904,2.6898,-21.94,-21.51,0.1036984755803696
280,7.2,4.9127,0.014832,0.014706,4.8118,5.8699,-15.84,-15.7,0.003705155164700269
280,7.2,4.9202,0.013673,0.017987,4.3947,5.1464,-13.94,-15.23,0.11909492085797946
280,7.2,4.9247,0.046042,0.03951,7.2106,5.6504,-61.77,-59.65,0.06644715083013919
280,7.2,4.9295,0.0080932,0.0044101,3.3469,0.88815,-11.85,-11.62,0.26367183555194096
280,7.2,4.9348,0.014078,0.017987,5.4808,5.1464,-15.93,-15.23,0.10641777379061979
280,7.2,4.9433,0.015977,0.013024,4.8168,4.9621,-29.44,-30.65,0.08875084764816488
280,7.2,4.9618,0.032819,0.040004,3.8125,4.3885,-2.83,-1.48,0.08597807470610364
280,7.2,4.9905,0.010113,0.016647,4.5404,5.0904,-31.83,-32.97,0.21645597229319402
