EQID,RSN_1,RSN_2,Station_1,Station_2,Station_ID_1,Station_ID_2,Magnitude,Distance_km,PGA_1_g,PGA_2_g,PGV_1_cm_s,PGV_2_cm_s,Azimuth_1_deg,Azimuth_2_deg
25,30,31,Cholame - Shandon Array #5,Cholame - Shandon Array #8,1014,1015,6.19,4.0246,0.37893,0.24724,23.545,11.633,37.23,49.04
29,42,43,Cedar Springs Pumphouse,"Cedar Springs, Allen Ranch",112,111,5.33,4.8122,0.067895,0.04291,3.7417,1.006,106.38,113.31
30,63,70,Fairmont Dam,Lake Hughes #1,121,24271,6.61,3.3558,0.093858,0.11833,7.1308,15.868,80.55,81.01
30,71,73,Lake Hughes #12,Lake Hughes #9,128,127,6.61,4.1183,0.32124,0.15347,14.67,5.0014,53.18,56.42
30,79,80,Pasadena - CIT Athenaeum,Pasadena - Old Seismo Lab,80053,266,6.61,4.7236,0.10575,0.14498,9.8125,9.857,-152.39,-146.13
30,58,59,Cedar Springs Pumphouse,"Cedar Springs, Allen Ranch",112,111,6.61,4.8122,0.027202,0.01797,2.2686,1.466,163.6,165.83
30,75,76,Maricopa Array #2,Maricopa Array #3,1042,1043,6.61,4.9345,0.010852,0.0089858,6.8215,2.2535,20.33,22.82
35,104,105,"Shelter Cove, Sta A","Shelter Cove, Sta B",1277,1278,5.2,1.1236,0.030089,0.081286,1.3527,2.3069,96.73,97.34
42,128,129,Forgaria Cornino,San Rocco,8014,8022,5.5,0.6355,0.096891,0.054682,3.7615,1.705,23.46,25.42
43,132,133,Forgaria Cornino,San Rocco,8014,8022,5.91,0.6355,0.22448,0.11489,9.4961,6.5788,9.28,11.66
48,146,147,Gilroy Array #1,Gilroy Array #2,47379,47380,5.74,1.7383,0.10589,0.24761,7.649,24.335,-102.94,-103.31
48,147,148,Gilroy Array #2,Gilroy Array #3,47380,47381,5.74,1.8614,0.24761,0.2469,24.335,23.918,-103.31,-108.71
48,148,149,Gilroy Array #3,Gilroy Array #4,47381,57382,5.74,1.9923,0.2469,0.24506,23.918,27.921,-108.71,-105.12
48,152,154,"SJB Overpass, Bent 3 g.l.","San Juan Bautista, 24 Polk St",47315,47126,5.74,3.388,0.10906,0.10131,6.7232,6.8595,-130.78,-140.12
48,146,148,Gilroy Array #1,Gilroy Array #3,47379,47381,5.74,3.5566,0.10589,0.2469,7.649,23.918,-102.94,-108.71
48,147,149,Gilroy Array #2,Gilroy Array #4,47380,57382,5.74,3.6854,0.24761,0.24506,24.335,27.921,-103.31,-105.12
48,149,150,Gilroy Array #4,Gilroy Array #6,57382,57383,5.74,4.3716,0.24506,0.37961,27.921,36.21,-105.12,-101.3
50,170,173,EC County Center FF,El Centro Array #10,1136,412,6.53,1.4921,0.22388,0.19857,52.42,50.431,-90.0,-90.0
50,183,184,El Centro Array #8,El Centro Differential Array,958,5165,6.53,1.6913,0.52691,0.43726,52.408,57.838,-90.0,-90.0
50,181,182,El Centro Array #6,El Centro Array #7,5158,5028,6.53,1.9389,0.44817,0.43676,87.818,82.682,90.0,-90.0
50,170,184,EC County Center FF,El Centro Differential Array,1136,5165,6.53,2.5457,0.22388,0.43726,52.42,57.838,-90.0,-90.0
50,180,181,El Centro Array #5,El Centro Array #6,952,5158,6.53,2.6484,0.41145,0.44817,78.294,87.818,90.0,90.0
50,177,178,El Centro Array #2,El Centro Array #3,5115,5057,6.53,2.7735,,0.26473,,45.329,90.0,90.0
50,182,183,El Centro Array #7,El Centro Array #8,5028,958,6.53,3.2942,0.43676,0.52691,82.682,52.408,-90.0,-90.0
50,179,180,El Centro Array #4,El Centro Array #5,955,952,6.53,3.3297,0.38078,0.41145,79.11,78.294,90.0,90.0
50,170,183,EC County Center FF,El Centro Array #8,1136,958,6.53,3.445,0.22388,0.52691,52.42,52.408,-90.0,-90.0
50,173,184,El Centro Array #10,El Centro Differential Array,412,5165,6.53,3.5364,0.19857,0.43726,50.431,57.838,-90.0,-90.0
50,173,174,El Centro Array #10,El Centro Array #11,412,5058,6.53,4.0924,0.19857,0.37492,50.431,40.773,-90.0,-90.0
50,175,176,El Centro Array #12,El Centro Array #13,931,5059,6.53,4.4185,0.14074,0.11768,22.27,16.349,-90.0,-90.0
50,158,159,Aeropuerto Mexicali,Agrarias,6616,6618,6.53,4.422,0.29094,0.23865,34.949,38.371,90.0,90.0
50,180,182,El Centro Array #5,El Centro Array #7,952,5028,6.53,4.5783,0.41145,0.43676,78.294,82.682,90.0,-90.0
50,182,184,El Centro Array #7,El Centro Differential Array,5028,5165,6.53,4.6752,0.43676,0.43726,82.682,57.838,-90.0,-90.0
50,158,160,Aeropuerto Mexicali,Bonds Corner,6616,5054,6.53,4.7171,0.29094,0.68661,34.949,49.562,90.0,90.0
50,173,183,El Centro Array #10,El Centro Array #8,412,958,6.53,4.7762,0.19857,0.52691,50.431,52.408,-90.0,-90.0
51,206,207,El Centro Array #8,El Centro Differential Array,958,5165,5.01,1.6913,0.13414,0.15199,8.2072,9.0438,-23.93,-35.84
51,204,205,El Centro Array #6,El Centro Array #7,5158,5028,5.01,1.9389,0.23052,0.1803,18.475,10.707,14.94,-0.19
51,203,204,El Centro Array #5,El Centro Array #6,952,5158,5.01,2.6484,0.21893,0.23052,12.914,18.475,32.16,14.94
51,200,201,El Centro Array #2,El Centro Array #3,5115,5057,5.01,2.7735,0.12721,0.12695,7.6929,9.4702,68.2,68.21
51,205,206,El Centro Array #7,El Centro Array #8,5028,958,5.01,3.2942,0.1803,0.13414,10.707,8.2072,-0.19,-23.93
51,202,203,El Centro Array #4,El Centro Array #5,955,952,5.01,3.3297,0.17185,0.21893,10.161,12.914,51.98,32.16
51,198,207,El Centro Array #10,El Centro Differential Array,412,5165,5.01,3.5364,0.052531,0.15199,3.3531,9.0438,-48.83,-35.84
51,198,199,El Centro Array #10,El Centro Array #11,412,5058,5.01,4.0924,0.052531,0.1873,3.3531,10.216,-48.83,-62.7
51,203,205,El Centro Array #5,El Centro Array #7,952,5028,5.01,4.5783,0.21893,0.1803,12.914,10.707,32.16,-0.19
51,205,207,El Centro Array #7,El Centro Differential Array,5028,5165,5.01,4.6752,0.1803,0.15199,10.707,9.0438,-0.19,-35.84
51,198,206,El Centro Array #10,El Centro Array #8,412,958,5.01,4.7762,0.052531,0.13414,3.3531,8.2072,-48.83,-23.93
61,248,249,Convict Creek,Fish & Game (FIS),54099,43,5.94,0.0881,0.30842,0.38956,16.346,17.864,-18.47,-17.69
71,306,308,SMART1 C00,SMART1 I12,25,27,5.9,0.1957,0.10942,0.12079,10.314,9.8928,-129.61,-129.56
71,306,307,SMART1 C00,SMART1 I06,25,26,5.9,0.1985,0.10942,0.087219,10.314,8.5577,-129.61,-129.63
71,307,308,SMART1 I06,SMART1 I12,26,27,5.9,0.3941,0.087219,0.12079,8.5577,9.8928,-129.63,-129.56
71,310,3565,SMART1 M07,SMART1 M06,29,60,5.9,0.5764,0.1048,0.083264,8.769,8.9608,-130.99,-129.72
71,308,309,SMART1 I12,SMART1 M01,27,28,5.9,0.7867,0.12079,0.14269,9.8928,11.397,-129.56,-128.48
71,307,3565,SMART1 I06,SMART1 M06,26,60,5.9,0.8183,0.087219,0.083264,8.5577,8.9608,-129.63,-129.72
71,307,310,SMART1 I06,SMART1 M07,26,29,5.9,0.8634,0.087219,0.1048,8.5577,8.769,-129.63,-130.99
71,312,3575,SMART1 O07,SMART1 O06,31,65,5.9,0.8803,0.083597,0.11127,8.7062,8.9533,-131.85,-129.83
71,306,309,SMART1 C00,SMART1 M01,25,28,5.9,0.9556,0.10942,0.14269,10.314,11.397,-129.61,-128.48
71,310,312,SMART1 M07,SMART1 O07,29,31,5.9,0.9786,0.1048,0.083597,8.769,8.7062,-130.99,-131.85
71,311,3578,SMART1 O01,SMART1 O12,30,68,5.9,0.989,0.11259,0.14664,10.807,11.566,-127.3,-129.32
71,3565,3575,SMART1 M06,SMART1 O06,60,65,5.9,1.0063,0.083264,0.11127,8.9608,8.9533,-129.72,-129.83
71,306,3565,SMART1 C00,SMART1 M06,25,60,5.9,1.0168,0.10942,0.083264,10.314,8.9608,-129.61,-129.72
71,306,310,SMART1 C00,SMART1 M07,25,29,5.9,1.0239,0.10942,0.1048,10.314,8.769,-129.61,-130.99
71,311,3571,SMART1 O01,SMART1 O02,30,63,5.9,1.1148,0.11259,0.20004,10.807,14.738,-127.3,-125.71
71,309,311,SMART1 M01,SMART1 O01,28,30,5.9,1.1302,0.14269,0.11259,11.397,10.807,-128.48,-127.3
71,307,309,SMART1 I06,SMART1 M01,26,28,5.9,1.1319,0.087219,0.14269,8.5577,11.397,-129.63,-128.48
71,312,3565,SMART1 O07,SMART1 M06,31,60,5.9,1.1497,0.083597,0.083264,8.7062,8.9608,-131.85,-129.72
71,308,310,SMART1 I12,SMART1 M07,27,29,5.9,1.1976,0.12079,0.1048,9.8928,8.769,-129.56,-130.99
71,308,3565,SMART1 I12,SMART1 M06,27,60,5.9,1.2123,0.12079,0.083264,9.8928,8.9608,-129.56,-129.72
71,309,3578,SMART1 M01,SMART1 O12,28,68,5.9,1.2501,0.14269,0.14664,11.397,11.566,-128.48,-129.32
71,309,3571,SMART1 M01,SMART1 O02,28,63,5.9,1.2833,0.14269,0.20004,11.397,14.738,-128.48,-125.71
71,310,3575,SMART1 M07,SMART1 O06,29,65,5.9,1.2897,0.1048,0.11127,8.769,8.9533,-130.99,-129.83
71,3565,3573,SMART1 M06,SMART1 O04,60,64,5.9,1.7456,0.083264,0.11235,8.9608,7.9286,-129.72,-125.63
71,308,3578,SMART1 I12,SMART1 O12,27,68,5.9,1.8018,0.12079,0.14664,9.8928,11.566,-129.56,-129.32
71,307,312,SMART1 I06,SMART1 O07,26,31,5.9,1.8065,0.087219,0.083597,8.5577,8.7062,-129.63,-131.85
71,307,3575,SMART1 I06,SMART1 O06,26,65,5.9,1.8246,0.087219,0.11127,8.5577,8.9533,-129.63,-129.83
71,309,3565,SMART1 M01,SMART1 M06,28,60,5.9,1.9047,0.14269,0.083264,11.397,8.9608,-128.48,-129.72
71,308,3577,SMART1 I12,SMART1 O10,27,67,5.9,1.9082,0.12079,0.10337,9.8928,9.6895,-129.56,-133.18
71,307,3573,SMART1 I06,SMART1 O04,26,64,5.9,1.9102,0.087219,0.11235,8.5577,7.9286,-129.63,-125.63
71,308,311,SMART1 I12,SMART1 O01,27,30,5.9,1.9118,0.12079,0.11259,9.8928,10.807,-129.56,-127.3
71,308,3571,SMART1 I12,SMART1 O02,27,63,5.9,1.9143,0.12079,0.20004,9.8928,14.738,-129.56,-125.71
71,3571,3573,SMART1 O02,SMART1 O04,63,64,5.9,1.9609,0.20004,0.11235,14.738,7.9286,-125.71,-125.63
71,309,310,SMART1 M01,SMART1 M07,28,29,5.9,1.979,0.14269,0.1048,11.397,8.769,-128.48,-130.99
71,306,312,SMART1 C00,SMART1 O07,25,31,5.9,1.9843,0.10942,0.083597,10.314,8.7062,-129.61,-131.85
71,3571,3578,SMART1 O02,SMART1 O12,63,68,5.9,1.9877,0.20004,0.14664,14.738,11.566,-125.71,-129.32
71,306,3577,SMART1 C00,SMART1 O10,25,67,5.9,1.9928,0.10942,0.10337,10.314,9.6895,-129.61,-133.18
71,3577,3578,SMART1 O10,SMART1 O12,67,68,5.9,1.9956,0.10337,0.14664,9.6895,11.566,-133.18,-129.32
71,306,3578,SMART1 C00,SMART1 O12,25,68,5.9,1.9974,0.10942,0.14664,10.314,11.566,-129.61,-129.32
71,306,3573,SMART1 C00,SMART1 O04,25,64,5.9,1.9985,0.10942,0.11235,10.314,7.9286,-129.61,-125.63
71,306,3571,SMART1 C00,SMART1 O02,25,63,5.9,2.0119,0.10942,0.20004,10.314,14.738,-129.61,-125.71
71,306,3575,SMART1 C00,SMART1 O06,25,65,5.9,2.0231,0.10942,0.11127,10.314,8.9533,-129.61,-129.83
71,3573,3575,SMART1 O04,SMART1 O06,64,65,5.9,2.0332,0.11235,0.11127,7.9286,8.9533,-125.63,-129.83
71,306,311,SMART1 C00,SMART1 O01,25,30,5.9,2.0855,0.10942,0.11259,10.314,10.807,-129.61,-127.3
71,308,3573,SMART1 I12,SMART1 O04,27,64,5.9,2.0922,0.12079,0.11235,9.8928,7.9286,-129.56,-125.63
71,307,3577,SMART1 I06,SMART1 O10,26,67,5.9,2.102,0.087219,0.10337,8.5577,9.6895,-129.63,-133.18
71,307,3571,SMART1 I06,SMART1 O02,26,63,5.9,2.1168,0.087219,0.20004,8.5577,14.738,-129.63,-125.71
71,308,312,SMART1 I12,SMART1 O07,27,31,5.9,2.1666,0.12079,0.083597,9.8928,8.7062,-129.56,-131.85
71,309,3577,SMART1 M01,SMART1 O10,28,67,5.9,2.1947,0.14269,0.10337,11.397,9.6895,-128.48,-133.18
71,307,3578,SMART1 I06,SMART1 O12,26,68,5.9,2.1959,0.087219,0.14664,8.5577,11.566,-129.63,-129.32
71,309,3573,SMART1 M01,SMART1 O04,28,64,5.9,2.2004,0.14269,0.11235,11.397,7.9286,-128.48,-125.63
71,310,3577,SMART1 M07,SMART1 O10,29,67,5.9,2.2143,0.1048,0.10337,8.769,9.6895,-130.99,-133.18
71,308,3575,SMART1 I12,SMART1 O06,27,65,5.9,2.2185,0.12079,0.11127,9.8928,8.9533,-129.56,-129.83
71,307,311,SMART1 I06,SMART1 O01,26,30,5.9,2.2613,0.087219,0.11259,8.5577,10.807,-129.63,-127.3
71,310,3573,SMART1 M07,SMART1 O04,29,64,5.9,2.3027,0.1048,0.11235,8.769,7.9286,-130.99,-125.63
71,3565,3571,SMART1 M06,SMART1 O02,60,63,5.9,2.6624,0.083264,0.20004,8.9608,14.738,-129.72,-125.71
71,3565,3577,SMART1 M06,SMART1 O10,60,67,5.9,2.6652,0.083264,0.10337,8.9608,9.6895,-129.72,-133.18
71,312,3573,SMART1 O07,SMART1 O04,31,64,5.9,2.7186,0.083597,0.11235,8.7062,7.9286,-131.85,-125.63
71,311,3577,SMART1 O01,SMART1 O10,30,67,5.9,2.8324,0.11259,0.10337,10.807,9.6895,-127.3,-133.18
71,309,3575,SMART1 M01,SMART1 O06,28,65,5.9,2.8891,0.14269,0.11127,11.397,8.9533,-128.48,-129.83
71,311,3573,SMART1 O01,SMART1 O04,30,64,5.9,2.8898,0.11259,0.11235,10.807,7.9286,-127.3,-125.63
71,310,3578,SMART1 M07,SMART1 O12,29,68,5.9,2.919,0.1048,0.14664,8.769,11.566,-130.99,-129.32
71,309,312,SMART1 M01,SMART1 O07,28,31,5.9,2.9376,0.14269,0.083597,11.397,8.7062,-128.48,-131.85
71,312,3577,SMART1 O07,SMART1 O10,31,67,5.9,2.9536,0.083597,0.10337,8.7062,9.6895,-131.85,-133.18
71,310,3571,SMART1 M07,SMART1 O02,29,63,5.9,2.9563,0.1048,0.20004,8.769,14.738,-130.99,-125.71
71,3565,3578,SMART1 M06,SMART1 O12,60,68,5.9,3.0141,0.083264,0.14664,8.9608,11.566,-129.72,-129.32
71,311,3565,SMART1 O01,SMART1 M06,30,60,5.9,3.0148,0.11259,0.083264,10.807,8.9608,-127.3,-129.72
71,310,311,SMART1 M07,SMART1 O01,29,30,5.9,3.108,0.1048,0.11259,8.769,10.807,-130.99,-127.3
71,3573,3578,SMART1 O04,SMART1 O12,64,68,5.9,3.4248,0.11235,0.14664,7.9286,11.566,-125.63,-129.32
71,3571,3577,SMART1 O02,SMART1 O10,63,67,5.9,3.4586,0.20004,0.10337,14.738,9.6895,-125.71,-133.18
71,3571,3575,SMART1 O02,SMART1 O06,63,65,5.9,3.4816,0.20004,0.11127,14.738,8.9533,-125.71,-129.83
71,3575,3577,SMART1 O06,SMART1 O10,65,67,5.9,3.5,0.11127,0.10337,8.9533,9.6895,-129.83,-133.18
71,312,3571,SMART1 O07,SMART1 O02,31,63,5.9,3.8073,0.083597,0.20004,8.7062,14.738,-131.85,-125.71
71,312,3578,SMART1 O07,SMART1 O12,31,68,5.9,3.8941,0.083597,0.14664,8.7062,11.566,-131.85,-129.32
71,311,3575,SMART1 O01,SMART1 O06,30,65,5.9,3.9759,0.11259,0.11127,10.807,8.9533,-127.3,-129.83
71,3573,3577,SMART1 O04,SMART1 O10,64,67,5.9,3.9907,0.11235,0.10337,7.9286,9.6895,-125.63,-133.18
71,3575,3578,SMART1 O06,SMART1 O12,65,68,5.9,4.0202,0.11127,0.14664,8.9533,11.566,-129.83,-129.32
71,311,312,SMART1 O01,SMART1 O07,30,31,5.9,4.0675,0.11259,0.083597,10.807,8.7062,-127.3,-131.85
76,326,328,Parkfield - Cholame 2WA,Parkfield - Cholame 3W,36228,36410,6.36,1.0639,0.11029,0.092588,10.525,8.0297,49.68,49.95
76,328,330,Parkfield - Cholame 3W,Parkfield - Cholame 4W,36410,36411,6.36,1.1225,0.092588,0.13433,8.0297,9.9776,49.95,50.84
76,360,362,Parkfield - Vineyard Cany 1W,Parkfield - Vineyard Cany 2W,36448,36447,6.36,1.3316,0.089073,0.081517,11.554,7.3056,84.31,84.76
76,348,350,Parkfield - Gold Hill 1W,Parkfield - Gold Hill 2W,36415,36416,6.36,1.3488,0.094082,0.081027,13.704,12.135,61.71,62.88
76,335,344,Parkfield - Fault Zone 10,Parkfield - Fault Zone 6,36444,36454,6.36,1.4567,0.10062,0.056452,17.227,11.538,70.06,68.9
76,329,331,Parkfield - Cholame 4AW,Parkfield - Cholame 5W,36412,36227,6.36,1.5526,0.062929,0.13658,5.9724,10.643,51.81,52.74
76,324,326,Parkfield - Cholame 1E,Parkfield - Cholame 2WA,36452,36228,6.36,1.6165,0.091789,0.11029,12.963,10.525,48.48,49.68
76,335,345,Parkfield - Fault Zone 10,Parkfield - Fault Zone 7,36444,36431,6.36,1.6257,0.10062,0.11849,17.227,19.171,70.06,67.83
76,329,330,Parkfield - Cholame 4AW,Parkfield - Cholame 4W,36412,36411,6.36,1.634,0.062929,0.13433,5.9724,9.9776,51.81,50.84
76,341,342,Parkfield - Fault Zone 2,Parkfield - Fault Zone 3,36413,36408,6.36,1.7791,0.12017,0.15565,21.734,21.05,55.56,56.06
76,324,325,Parkfield - Cholame 1E,Parkfield - Cholame 2E,36452,36230,6.36,1.8521,0.091789,0.029969,12.963,4.8123,48.48,46.67
76,331,332,Parkfield - Cholame 5W,Parkfield - Cholame 6W,36227,36451,6.36,1.9205,0.13658,0.12147,10.643,10.45,52.74,53.76
76,344,345,Parkfield - Fault Zone 6,Parkfield - Fault Zone 7,36454,36431,6.36,1.9645,0.056452,0.11849,11.538,19.171,68.9,67.83
76,339,360,Parkfield - Fault Zone 15,Parkfield - Vineyard Cany 1W,36445,36448,6.36,2.0408,0.16227,0.089073,18.862,11.554,81.19,84.31
76,326,330,Parkfield - Cholame 2WA,Parkfield - Cholame 4W,36228,36411,6.36,2.0926,0.11029,0.13433,10.525,9.9776,49.68,50.84
76,332,333,Parkfield - Cholame 6W,Parkfield - Cholame 8W,36451,36226,6.36,2.1089,0.12147,0.098653,10.45,9.0145,53.76,54.97
76,338,340,Parkfield - Fault Zone 14,Parkfield - Fault Zone 16,36456,36457,6.36,2.1204,0.25923,0.16373,29.233,13.962,77.31,78.99
76,359,361,Parkfield - Vineyard Cany 1E,Parkfield - Vineyard Cany 2E,36455,36177,6.36,2.1801,0.17816,,21.791,,85.32,85.79
76,335,347,Parkfield - Fault Zone 10,Parkfield - Fault Zone 9,36444,36443,6.36,2.2137,0.10062,0.050859,17.227,10.448,70.06,73.26
76,345,346,Parkfield - Fault Zone 7,Parkfield - Fault Zone 8,36431,36449,6.36,2.2137,0.11849,0.12107,19.171,15.941,67.83,65.42
76,362,363,Parkfield - Vineyard Cany 2W,Parkfield - Vineyard Cany 3W,36447,36176,6.36,2.3188,0.081517,0.12079,7.3056,11.865,84.76,86.62
76,339,340,Parkfield - Fault Zone 15,Parkfield - Fault Zone 16,36445,36457,6.36,2.3479,0.16227,0.16373,18.862,13.962,81.19,78.99
76,325,327,Parkfield - Cholame 2E,Parkfield - Cholame 3E,36230,36450,6.36,2.374,0.029969,0.045545,4.8123,5.9891,46.67,45.49
76,363,364,Parkfield - Vineyard Cany 3W,Parkfield - Vineyard Cany 4W,36176,36446,6.36,2.3769,0.12079,0.050585,11.865,5.8167,86.62,86.28
76,337,338,Parkfield - Fault Zone 12,Parkfield - Fault Zone 14,36138,36456,6.36,2.4641,0.11236,0.25923,14.328,29.233,73.55,77.31
76,337,347,Parkfield - Fault Zone 12,Parkfield - Fault Zone 9,36138,36443,6.36,2.4727,0.11236,0.050859,14.328,10.448,73.55,73.26
76,336,346,Parkfield - Fault Zone 11,Parkfield - Fault Zone 8,36453,36449,6.36,2.5202,0.081442,0.12107,9.0554,15.941,68.92,65.42
76,343,348,Parkfield - Fault Zone 4,Parkfield - Gold Hill 1W,36414,36415,6.36,2.5209,0.093996,0.094082,15.022,13.704,64.58,61.71
76,338,339,Parkfield - Fault Zone 14,Parkfield - Fault Zone 15,36456,36445,6.36,2.5258,0.25923,0.16227,29.233,18.862,77.31,81.19
76,350,352,Parkfield - Gold Hill 2W,Parkfield - Gold Hill 3W,36416,36420,6.36,2.5334,0.081027,0.13278,12.135,10.322,62.88,64.23
76,364,365,Parkfield - Vineyard Cany 4W,Parkfield - Vineyard Cany 5W,36446,36440,6.36,2.6022,0.050585,,5.8167,,86.28,85.6
76,339,362,Parkfield - Fault Zone 15,Parkfield - Vineyard Cany 2W,36445,36447,6.36,2.608,0.16227,0.081517,18.862,7.3056,81.19,84.76
76,324,328,Parkfield - Cholame 1E,Parkfield - Cholame 3W,36452,36410,6.36,2.6111,0.091789,0.092588,12.963,8.0297,48.48,49.95
76,357,358,Parkfield - Stone Corral 3E,Parkfield - Stone Corral 4E,36437,36438,6.36,2.6396,0.12205,0.064385,8.0402,7.9794,48.96,50.88
76,343,350,Parkfield - Fault Zone 4,Parkfield - Gold Hill 2W,36414,36416,6.36,2.6929,0.093996,0.081027,15.022,12.135,64.58,62.88
76,328,329,Parkfield - Cholame 3W,Parkfield - Cholame 4AW,36410,36412,6.36,2.742,0.092588,0.062929,8.0297,5.9724,49.95,51.81
76,356,357,Parkfield - Stone Corral 2E,Parkfield - Stone Corral 3E,36422,36437,6.36,2.7769,0.074142,0.12205,7.7779,8.0402,50.06,48.96
76,336,345,Parkfield - Fault Zone 11,Parkfield - Fault Zone 7,36453,36431,6.36,2.8319,0.081442,0.11849,9.0554,19.171,68.92,67.83
76,359,360,Parkfield - Vineyard Cany 1E,Parkfield - Vineyard Cany 1W,36455,36448,6.36,2.9352,0.17816,0.089073,21.791,11.554,85.32,84.31
76,335,337,Parkfield - Fault Zone 10,Parkfield - Fault Zone 12,36444,36138,6.36,3.1616,0.10062,0.11236,17.227,14.328,70.06,73.55
76,344,347,Parkfield - Fault Zone 6,Parkfield - Fault Zone 9,36454,36443,6.36,3.1655,0.056452,0.050859,11.538,10.448,68.9,73.26
76,336,337,Parkfield - Fault Zone 11,Parkfield - Fault Zone 12,36453,36138,6.36,3.1702,0.081442,0.11236,9.0554,14.328,68.92,73.55
76,326,334,Parkfield - Cholame 2WA,Parkfield - Fault Zone 1,36228,36407,6.36,3.1751,0.11029,0.12229,10.525,19.046,49.68,51.88
76,324,334,Parkfield - Cholame 1E,Parkfield - Fault Zone 1,36452,36407,6.36,3.1798,0.091789,0.12229,12.963,19.046,48.48,51.88
76,330,331,Parkfield - Cholame 4W,Parkfield - Cholame 5W,36411,36227,6.36,3.1857,0.13433,0.13658,9.9776,10.643,50.84,52.74
76,352,353,Parkfield - Gold Hill 3W,Parkfield - Gold Hill 4W,36420,36433,6.36,3.218,0.13278,0.074686,10.322,6.9618,64.23,66.97
76,349,351,Parkfield - Gold Hill 2E,Parkfield - Gold Hill 3E,36421,36439,6.36,3.2566,0.08191,0.089935,8.6572,10.307,59.29,58.71
76,343,344,Parkfield - Fault Zone 4,Parkfield - Fault Zone 6,36414,36454,6.36,3.4085,0.093996,0.056452,15.022,11.538,64.58,68.9
76,353,354,Parkfield - Gold Hill 4W,Parkfield - Gold Hill 5W,36433,36434,6.36,3.4124,0.074686,0.062852,6.9618,7.1914,66.97,69.25
76,338,347,Parkfield - Fault Zone 14,Parkfield - Fault Zone 9,36456,36443,6.36,3.4307,0.25923,0.050859,29.233,10.448,77.31,73.26
76,335,336,Parkfield - Fault Zone 10,Parkfield - Fault Zone 11,36444,36453,6.36,3.4347,0.10062,0.081442,17.227,9.0554,70.06,68.92
76,325,326,Parkfield - Cholame 2E,Parkfield - Cholame 2WA,36230,36228,6.36,3.44,0.029969,0.11029,4.8123,10.525,46.67,49.68
76,329,332,Parkfield - Cholame 4AW,Parkfield - Cholame 6W,36412,36451,6.36,3.4718,0.062929,0.12147,5.9724,10.45,51.81,53.76
76,360,363,Parkfield - Vineyard Cany 1W,Parkfield - Vineyard Cany 3W,36448,36176,6.36,3.5888,0.089073,0.12079,11.554,11.865,84.31,86.62
76,324,330,Parkfield - Cholame 1E,Parkfield - Cholame 4W,36452,36411,6.36,3.6969,0.091789,0.13433,12.963,9.9776,48.48,50.84
76,326,329,Parkfield - Cholame 2WA,Parkfield - Cholame 4AW,36228,36412,6.36,3.7239,0.11029,0.062929,10.525,5.9724,49.68,51.81
76,337,340,Parkfield - Fault Zone 12,Parkfield - Fault Zone 16,36138,36457,6.36,3.7395,0.11236,0.16373,14.328,13.962,73.55,78.99
76,335,346,Parkfield - Fault Zone 10,Parkfield - Fault Zone 8,36444,36449,6.36,3.7539,0.10062,0.12107,17.227,15.941,70.06,65.42
76,340,360,Parkfield - Fault Zone 16,Parkfield - Vineyard Cany 1W,36457,36448,6.36,3.7727,0.16373,0.089073,13.962,11.554,78.99,84.31
76,345,347,Parkfield - Fault Zone 7,Parkfield - Fault Zone 9,36431,36443,6.36,3.7997,0.11849,0.050859,19.171,10.448,67.83,73.26
76,348,352,Parkfield - Gold Hill 1W,Parkfield - Gold Hill 3W,36415,36420,6.36,3.8523,0.094082,0.13278,13.704,10.322,61.71,64.23
76,348,349,Parkfield - Gold Hill 1W,Parkfield - Gold Hill 2E,36415,36421,6.36,3.8784,0.094082,0.08191,13.704,8.6572,61.71,59.29
76,328,334,Parkfield - Cholame 3W,Parkfield - Fault Zone 1,36410,36407,6.36,3.9585,0.092588,0.12229,8.0297,19.046,49.95,51.88
76,343,345,Parkfield - Fault Zone 4,Parkfield - Fault Zone 7,36414,36431,6.36,3.9755,0.093996,0.11849,15.022,19.171,64.58,67.83
76,339,359,Parkfield - Fault Zone 15,Parkfield - Vineyard Cany 1E,36445,36455,6.36,4.003,0.16227,0.17816,18.862,21.791,81.19,85.32
76,340,359,Parkfield - Fault Zone 16,Parkfield - Vineyard Cany 1E,36457,36455,6.36,4.0241,0.16373,0.17816,13.962,21.791,78.99,85.32
76,331,333,Parkfield - Cholame 5W,Parkfield - Cholame 8W,36227,36226,6.36,4.0246,0.13658,0.098653,10.643,9.0145,52.74,54.97
76,334,341,Parkfield - Fault Zone 1,Parkfield - Fault Zone 2,36407,36413,6.36,4.0413,0.12229,0.12017,19.046,21.734,51.88,55.56
76,324,327,Parkfield - Cholame 1E,Parkfield - Cholame 3E,36452,36450,6.36,4.0425,0.091789,0.045545,12.963,5.9891,48.48,45.49
76,337,345,Parkfield - Fault Zone 12,Parkfield - Fault Zone 7,36138,36431,6.36,4.0644,0.11236,0.11849,14.328,19.171,73.55,67.83
76,344,346,Parkfield - Fault Zone 6,Parkfield - Fault Zone 8,36454,36449,6.36,4.1004,0.056452,0.12107,11.538,15.941,68.9,65.42
76,365,366,Parkfield - Vineyard Cany 5W,Parkfield - Vineyard Cany 6W,36440,36441,6.36,4.1312,,0.060661,,7.9841,85.6,86.21
76,359,362,Parkfield - Vineyard Cany 1E,Parkfield - Vineyard Cany 2W,36455,36447,6.36,4.1811,0.17816,0.081517,21.791,7.3056,85.32,84.76
76,328,331,Parkfield - Cholame 3W,Parkfield - Cholame 5W,36410,36227,6.36,4.2938,0.092588,0.13658,8.0297,10.643,49.95,52.74
76,342,348,Parkfield - Fault Zone 3,Parkfield - Gold Hill 1W,36408,36415,6.36,4.304,0.15565,0.094082,21.05,13.704,56.06,61.71
76,343,349,Parkfield - Fault Zone 4,Parkfield - Gold Hill 2E,36414,36421,6.36,4.3075,0.093996,0.08191,15.022,8.6572,64.58,59.29
76,346,351,Parkfield - Fault Zone 8,Parkfield - Gold Hill 3E,36449,36439,6.36,4.3272,0.12107,0.089935,15.941,10.307,65.42,58.71
76,325,328,Parkfield - Cholame 2E,Parkfield - Cholame 3W,36230,36410,6.36,4.3581,0.029969,0.092588,4.8123,8.0297,46.67,49.95
76,325,334,Parkfield - Cholame 2E,Parkfield - Fault Zone 1,36230,36407,6.36,4.4008,0.029969,0.12229,4.8123,19.046,46.67,51.88
76,362,364,Parkfield - Vineyard Cany 2W,Parkfield - Vineyard Cany 4W,36447,36446,6.36,4.4291,0.081517,0.050585,7.3056,5.8167,84.76,86.28
76,330,334,Parkfield - Cholame 4W,Parkfield - Fault Zone 1,36411,36407,6.36,4.456,0.13433,0.12229,9.9776,19.046,50.84,51.88
76,354,355,Parkfield - Gold Hill 5W,Parkfield - Gold Hill 6W,36434,36432,6.36,4.471,0.062852,0.063115,7.1914,6.0455,69.25,70.14
76,338,360,Parkfield - Fault Zone 14,Parkfield - Vineyard Cany 1W,36456,36448,6.36,4.5488,0.25923,0.089073,29.233,11.554,77.31,84.31
76,336,344,Parkfield - Fault Zone 11,Parkfield - Fault Zone 6,36453,36454,6.36,4.5668,0.081442,0.056452,9.0554,11.538,68.92,68.9
76,337,344,Parkfield - Fault Zone 12,Parkfield - Fault Zone 6,36138,36454,6.36,4.5994,0.11236,0.056452,14.328,11.538,73.55,68.9
76,342,349,Parkfield - Fault Zone 3,Parkfield - Gold Hill 2E,36408,36421,6.36,4.6234,0.15565,0.08191,21.05,8.6572,56.06,59.29
76,336,347,Parkfield - Fault Zone 11,Parkfield - Fault Zone 9,36453,36443,6.36,4.6369,0.081442,0.050859,9.0554,10.448,68.92,73.26
76,343,352,Parkfield - Fault Zone 4,Parkfield - Gold Hill 3W,36414,36420,6.36,4.6759,0.093996,0.13278,15.022,10.322,64.58,64.23
76,335,343,Parkfield - Fault Zone 10,Parkfield - Fault Zone 4,36444,36414,6.36,4.6846,0.10062,0.093996,17.227,15.022,70.06,64.58
76,342,356,Parkfield - Fault Zone 3,Parkfield - Stone Corral 2E,36408,36422,6.36,4.7535,0.15565,0.074142,21.05,7.7779,56.06,50.06
76,340,362,Parkfield - Fault Zone 16,Parkfield - Vineyard Cany 2W,36457,36447,6.36,4.7722,0.16373,0.081517,13.962,7.3056,78.99,84.76
76,339,363,Parkfield - Fault Zone 15,Parkfield - Vineyard Cany 3W,36445,36176,6.36,4.7738,0.16227,0.12079,18.862,11.865,81.19,86.62
76,343,346,Parkfield - Fault Zone 4,Parkfield - Fault Zone 8,36414,36449,6.36,4.8376,0.093996,0.12107,15.022,15.941,64.58,65.42
76,346,349,Parkfield - Fault Zone 8,Parkfield - Gold Hill 2E,36449,36421,6.36,4.898,0.12107,0.08191,15.941,8.6572,65.42,59.29
76,337,339,Parkfield - Fault Zone 12,Parkfield - Fault Zone 15,36138,36445,6.36,4.9671,0.11236,0.16227,14.328,18.862,73.55,81.19
76,363,365,Parkfield - Vineyard Cany 3W,Parkfield - Vineyard Cany 5W,36176,36440,6.36,4.9722,0.12079,,11.865,,86.62,85.6
77,383,385,Pleasant Valley P.P. - yard,SUB (temp),1162,8,5.09,0.1876,0.16254,0.16063,8.7481,8.4437,-90.0,-90.0
77,374,375,Burnett Construction,Coalinga-14th & Elm (Old CHP),1606,46617,5.09,1.4895,0.084203,0.12378,4.1336,5.3745,75.57,77.61
77,382,389,Palmer Ave,VEW (temp),1609,10,5.09,1.8947,0.2324,0.12564,9.2067,8.6062,64.34,85.25
77,379,384,Oil City,SGT (temp),1604,7,5.09,2.069,0.28745,0.22049,8.1041,6.3818,90.0,103.17
77,372,381,Anticline Ridge Free-Field,Oil Fields Fire Station,1607,1608,5.09,2.308,0.55772,0.21522,19.051,6.4217,90.0,90.0
77,372,379,Anticline Ridge Free-Field,Oil City,1607,1604,5.09,2.4623,0.55772,0.28745,19.051,8.1041,90.0,90.0
77,377,382,LLN (temp),Palmer Ave,5,1609,5.09,2.6095,0.11002,0.2324,6.0018,9.2067,28.22,64.34
77,372,389,Anticline Ridge Free-Field,VEW (temp),1607,10,5.09,3.0516,0.55772,0.12564,19.051,8.6062,90.0,85.25
77,381,386,Oil Fields Fire Station,Skunk Hollow,1608,1605,5.09,3.195,0.21522,0.13126,6.4217,5.6443,90.0,-116.26
77,377,378,LLN (temp),MIT (temp),5,6,5.09,3.9919,0.11002,,6.0018,,28.22,-52.37
77,381,389,Oil Fields Fire Station,VEW (temp),1608,10,5.09,4.0263,0.21522,0.12564,6.4217,8.6062,90.0,85.25
77,375,388,Coalinga-14th & Elm (Old CHP),TRA (temp),46617,9,5.09,4.275,0.12378,0.11534,5.3745,7.7096,77.61,62.87
77,372,384,Anticline Ridge Free-Field,SGT (temp),1607,7,5.09,4.3247,0.55772,0.22049,19.051,6.3818,90.0,103.17
77,377,389,LLN (temp),VEW (temp),5,10,5.09,4.4859,0.11002,0.12564,6.0018,8.6062,28.22,85.25
77,372,382,Anticline Ridge Free-Field,Palmer Ave,1607,1609,5.09,4.5441,0.55772,0.2324,19.051,9.2067,90.0,64.34
77,378,381,MIT (temp),Oil Fields Fire Station,6,1608,5.09,4.5736,,0.21522,,6.4217,-52.37,90.0
77,379,381,Oil City,Oil Fields Fire Station,1604,1608,5.09,4.5855,0.28745,0.21522,8.1041,6.4217,90.0,90.0
77,381,382,Oil Fields Fire Station,Palmer Ave,1608,1609,5.09,4.6635,0.21522,0.2324,6.4217,9.2067,90.0,64.34
77,379,389,Oil City,VEW (temp),1604,10,5.09,4.6768,0.28745,0.12564,8.1041,8.6062,90.0,85.25
77,378,382,MIT (temp),Palmer Ave,6,1609,5.09,4.9335,,0.2324,,9.2067,-52.37,64.34
77,378,386,MIT (temp),Skunk Hollow,6,1605,5.09,4.9766,,0.13126,,5.6443,-52.37,-116.26
78,391,392,Burnett Construction,Coalinga-14th & Elm (Old CHP),1606,46617,5.38,1.4895,0.18426,0.055942,8.6764,5.5344,117.69,112.77
79,396,397,Burnett Construction,Coalinga-14th & Elm (Old CHP),1606,46617,5.18,1.4895,0.13536,0.16315,7.7919,7.3303,130.49,125.75
79,394,404,Anticline Ridge Free-Field,Transmitter Hill,1607,1651,5.18,1.9924,0.31076,0.18433,12.512,10.319,90.0,90.0
79,394,399,Anticline Ridge Free-Field,Oil Fields Fire Station - FF,1607,1608,5.18,2.308,0.31076,0.091786,12.512,3.9647,90.0,89.86
79,394,398,Anticline Ridge Free-Field,Oil City,1607,1604,5.18,2.4623,0.31076,0.37377,12.512,12.217,90.0,90.0
79,399,404,Oil Fields Fire Station - FF,Transmitter Hill,1608,1651,5.18,2.6101,0.091786,0.18433,3.9647,10.319,89.86,90.0
79,398,404,Oil City,Transmitter Hill,1604,1651,5.18,2.6963,0.37377,0.18433,12.217,10.319,90.0,90.0
79,399,402,Oil Fields Fire Station - FF,Skunk Hollow,1608,1605,5.18,3.195,0.091786,0.1433,3.9647,5.4032,89.86,72.46
79,402,404,Skunk Hollow,Transmitter Hill,1605,1651,5.18,4.4004,0.1433,0.18433,5.4032,10.319,72.46,90.0
79,394,401,Anticline Ridge Free-Field,Palmer Ave,1607,1609,5.18,4.5441,0.31076,0.15745,12.512,4.4321,90.0,90.0
79,398,399,Oil City,Oil Fields Fire Station - FF,1604,1608,5.18,4.5855,0.37377,0.091786,12.217,3.9647,90.0,89.86
79,399,401,Oil Fields Fire Station - FF,Palmer Ave,1608,1609,5.18,4.6635,0.091786,0.15745,3.9647,4.4321,89.86,90.0
80,405,406,Burnett Construction,Coalinga-14th & Elm (Old CHP),1606,46617,5.77,1.4895,0.28441,0.42486,16.885,22.208,142.85,135.38
80,408,415,Oil Fields Fire Station - FF,Transmitter Hill,1608,1651,5.77,2.6101,0.19235,0.84463,16.782,47.589,90.0,90.0
80,407,415,Oil City,Transmitter Hill,1604,1651,5.77,2.6963,0.68604,0.84463,32.372,47.589,90.0,90.0
80,408,413,Oil Fields Fire Station - FF,Skunk Hollow,1608,1605,5.77,3.195,0.19235,0.30843,16.782,15.222,90.0,88.32
80,413,415,Skunk Hollow,Transmitter Hill,1605,1651,5.77,4.4004,0.30843,0.84463,15.222,47.589,88.32,90.0
80,407,408,Oil City,Oil Fields Fire Station - FF,1604,1608,5.77,4.5855,0.68604,0.19235,32.372,16.782,90.0,90.0
80,408,410,Oil Fields Fire Station - FF,Palmer Ave,1608,1609,5.77,4.6635,0.19235,0.29473,16.782,16.488,90.0,93.67
86,428,3586,SMART1 I01,SMART1 I12,62,27,6.5,0.0909,0.034142,0.031166,3.8718,3.8073,-102.65,-102.7
86,429,3582,SMART1 I07,SMART1 I06,61,26,6.5,0.1017,0.029654,0.031401,3.9904,3.9795,-102.81,-102.76
86,425,428,SMART1 C00,SMART1 I01,25,62,6.5,0.1933,0.027166,0.034142,3.7148,3.8718,-102.73,-102.65
86,425,3586,SMART1 C00,SMART1 I12,25,27,6.5,0.1957,0.027166,0.031166,3.7148,3.8073,-102.73,-102.7
86,425,3582,SMART1 C00,SMART1 I06,25,26,6.5,0.1985,0.027166,0.031401,3.7148,3.9795,-102.73,-102.76
86,425,429,SMART1 C00,SMART1 I07,25,61,6.5,0.2042,0.027166,0.029654,3.7148,3.9904,-102.73,-102.81
86,428,3582,SMART1 I01,SMART1 I06,62,26,6.5,0.3786,0.034142,0.031401,3.8718,3.9795,-102.65,-102.76
86,429,3586,SMART1 I07,SMART1 I12,61,27,6.5,0.3893,0.029654,0.031166,3.9904,3.8073,-102.81,-102.7
86,3582,3586,SMART1 I06,SMART1 I12,26,27,6.5,0.3941,0.031401,0.031166,3.9795,3.8073,-102.76,-102.7
86,428,429,SMART1 I01,SMART1 I07,62,61,6.5,0.3975,0.034142,0.029654,3.8718,3.9904,-102.65,-102.81
86,428,430,SMART1 I01,SMART1 M01,62,28,6.5,0.7623,0.034142,0.032601,3.8718,3.8192,-102.65,-102.35
86,430,3586,SMART1 M01,SMART1 I12,28,27,6.5,0.7867,0.032601,0.031166,3.8192,3.8073,-102.35,-102.7
86,431,3582,SMART1 M06,SMART1 I06,60,26,6.5,0.8183,0.026968,0.031401,3.8355,3.9795,-102.86,-102.76
86,429,431,SMART1 I07,SMART1 M06,61,60,6.5,0.8448,0.029654,0.026968,3.9904,3.8355,-102.81,-102.86
86,426,433,SMART1 E01,SMART1 O07,32,31,6.5,0.855,0.02807,0.025249,3.3911,3.79,-103.6,-103.46
86,425,430,SMART1 C00,SMART1 M01,25,28,6.5,0.9556,0.027166,0.032601,3.7148,3.8192,-102.73,-102.35
86,432,3604,SMART1 O01,SMART1 O12,30,68,6.5,0.989,0.029192,0.023449,3.4893,3.4523,-101.92,-102.46
86,425,431,SMART1 C00,SMART1 M06,25,60,6.5,1.0168,0.027166,0.026968,3.7148,3.8355,-102.73,-102.86
86,433,3600,SMART1 O07,SMART1 O08,31,66,6.5,1.1037,0.025249,0.030726,3.79,3.9755,-103.46,-103.89
86,432,3596,SMART1 O01,SMART1 O02,30,63,6.5,1.1148,0.029192,0.031653,3.4893,4.3132,-101.92,-101.59
86,430,432,SMART1 M01,SMART1 O01,28,30,6.5,1.1302,0.032601,0.029192,3.8192,3.4893,-102.35,-101.92
86,430,3582,SMART1 M01,SMART1 I06,28,26,6.5,1.1319,0.032601,0.031401,3.8192,3.9795,-102.35,-102.76
86,431,433,SMART1 M06,SMART1 O07,60,31,6.5,1.1497,0.026968,0.025249,3.8355,3.79,-102.86,-103.46
86,429,430,SMART1 I07,SMART1 M01,61,28,6.5,1.1598,0.029654,0.032601,3.9904,3.8192,-102.81,-102.35
86,428,431,SMART1 I01,SMART1 M06,62,60,6.5,1.1882,0.034142,0.026968,3.8718,3.8355,-102.65,-102.86
86,431,3586,SMART1 M06,SMART1 I12,60,27,6.5,1.2123,0.026968,0.031166,3.8355,3.8073,-102.86,-102.7
86,430,3604,SMART1 M01,SMART1 O12,28,68,6.5,1.2501,0.032601,0.023449,3.8192,3.4523,-102.35,-102.46
86,430,3596,SMART1 M01,SMART1 O02,28,63,6.5,1.2833,0.032601,0.031653,3.8192,4.3132,-102.35,-101.59
86,431,3600,SMART1 M06,SMART1 O08,60,66,6.5,1.7272,0.026968,0.030726,3.8355,3.9755,-102.86,-103.89
86,426,3600,SMART1 E01,SMART1 O08,32,66,6.5,1.7427,0.02807,0.030726,3.3911,3.9755,-103.6,-103.89
86,431,3598,SMART1 M06,SMART1 O04,60,64,6.5,1.7456,0.026968,0.029962,3.8355,3.7508,-102.86,-101.82
86,429,433,SMART1 I07,SMART1 O07,61,31,6.5,1.7807,0.029654,0.025249,3.9904,3.79,-102.81,-103.46
86,3586,3604,SMART1 I12,SMART1 O12,27,68,6.5,1.8018,0.031166,0.023449,3.8073,3.4523,-102.7,-102.46
86,433,3582,SMART1 O07,SMART1 I06,31,26,6.5,1.8065,0.025249,0.031401,3.79,3.9795,-103.46,-102.76
86,428,3604,SMART1 I01,SMART1 O12,62,68,6.5,1.8304,0.034142,0.023449,3.8718,3.4523,-102.65,-102.46
86,428,3596,SMART1 I01,SMART1 O02,62,63,6.5,1.8481,0.034142,0.031653,3.8718,4.3132,-102.65,-101.59
86,426,431,SMART1 E01,SMART1 M06,32,60,6.5,1.8538,0.02807,0.026968,3.3911,3.8355,-103.6,-102.86
86,429,3600,SMART1 I07,SMART1 O08,61,66,6.5,1.8796,0.029654,0.030726,3.9904,3.9755,-102.81,-103.89
86,428,432,SMART1 I01,SMART1 O01,62,30,6.5,1.8922,0.034142,0.029192,3.8718,3.4893,-102.65,-101.92
86,430,431,SMART1 M01,SMART1 M06,28,60,6.5,1.9047,0.032601,0.026968,3.8192,3.8355,-102.35,-102.86
86,3586,3602,SMART1 I12,SMART1 O10,27,67,6.5,1.9082,0.031166,0.023963,3.8073,3.181,-102.7,-103.59
86,3582,3598,SMART1 I06,SMART1 O04,26,64,6.5,1.9102,0.031401,0.029962,3.9795,3.7508,-102.76,-101.82
86,432,3586,SMART1 O01,SMART1 I12,30,27,6.5,1.9118,0.029192,0.031166,3.4893,3.8073,-101.92,-102.7
86,3586,3596,SMART1 I12,SMART1 O02,27,63,6.5,1.9143,0.031166,0.031653,3.8073,4.3132,-102.7,-101.59
86,3582,3600,SMART1 I06,SMART1 O08,26,66,6.5,1.9565,0.031401,0.030726,3.9795,3.9755,-102.76,-103.89
86,3596,3598,SMART1 O02,SMART1 O04,63,64,6.5,1.9609,0.031653,0.029962,4.3132,3.7508,-101.59,-101.82
86,425,433,SMART1 C00,SMART1 O07,25,31,6.5,1.9843,0.027166,0.025249,3.7148,3.79,-102.73,-103.46
86,3596,3604,SMART1 O02,SMART1 O12,63,68,6.5,1.9877,0.031653,0.023449,4.3132,3.4523,-101.59,-102.46
86,425,3602,SMART1 C00,SMART1 O10,25,67,6.5,1.9928,0.027166,0.023963,3.7148,3.181,-102.73,-103.59
86,3602,3604,SMART1 O10,SMART1 O12,67,68,6.5,1.9956,0.023963,0.023449,3.181,3.4523,-103.59,-102.46
86,425,3604,SMART1 C00,SMART1 O12,25,68,6.5,1.9974,0.027166,0.023449,3.7148,3.4523,-102.73,-102.46
86,428,3602,SMART1 I01,SMART1 O10,62,67,6.5,1.9983,0.034142,0.023963,3.8718,3.181,-102.65,-103.59
86,425,3598,SMART1 C00,SMART1 O04,25,64,6.5,1.9985,0.027166,0.029962,3.7148,3.7508,-102.73,-101.82
86,428,3598,SMART1 I01,SMART1 O04,62,64,6.5,2.005,0.034142,0.029962,3.8718,3.7508,-102.65,-101.82
86,429,3598,SMART1 I07,SMART1 O04,61,64,6.5,2.0096,0.029654,0.029962,3.9904,3.7508,-102.81,-101.82
86,429,3602,SMART1 I07,SMART1 O10,61,67,6.5,2.0097,0.029654,0.023963,3.9904,3.181,-102.81,-103.59
86,425,3596,SMART1 C00,SMART1 O02,25,63,6.5,2.0119,0.027166,0.031653,3.7148,4.3132,-102.73,-101.59
86,425,3600,SMART1 C00,SMART1 O08,25,66,6.5,2.0583,0.027166,0.030726,3.7148,3.9755,-102.73,-103.89
86,425,432,SMART1 C00,SMART1 O01,25,30,6.5,2.0855,0.027166,0.029192,3.7148,3.4893,-102.73,-101.92
86,3586,3598,SMART1 I12,SMART1 O04,27,64,6.5,2.0922,0.031166,0.029962,3.8073,3.7508,-102.7,-101.82
86,3582,3602,SMART1 I06,SMART1 O10,26,67,6.5,2.102,0.031401,0.023963,3.9795,3.181,-102.76,-103.59
86,3582,3596,SMART1 I06,SMART1 O02,26,63,6.5,2.1168,0.031401,0.031653,3.9795,4.3132,-102.76,-101.59
86,426,427,SMART1 E01,SMART1 E02,32,33,6.5,2.1514,0.02807,0.019831,3.3911,1.8157,-103.6,-104.47
86,3600,3602,SMART1 O08,SMART1 O10,66,67,6.5,2.1564,0.030726,0.023963,3.9755,3.181,-103.89,-103.59
86,433,3586,SMART1 O07,SMART1 I12,31,27,6.5,2.1666,0.025249,0.031166,3.79,3.8073,-103.46,-102.7
86,428,433,SMART1 I01,SMART1 O07,62,31,6.5,2.177,0.034142,0.025249,3.8718,3.79,-102.65,-103.46
86,3586,3600,SMART1 I12,SMART1 O08,27,66,6.5,2.1794,0.031166,0.030726,3.8073,3.9755,-102.7,-103.89
86,429,3604,SMART1 I07,SMART1 O12,61,68,6.5,2.1795,0.029654,0.023449,3.9904,3.4523,-102.81,-102.46
86,429,3596,SMART1 I07,SMART1 O02,61,63,6.5,2.189,0.029654,0.031653,3.9904,4.3132,-102.81,-101.59
86,430,3602,SMART1 M01,SMART1 O10,28,67,6.5,2.1947,0.032601,0.023963,3.8192,3.181,-102.35,-103.59
86,3582,3604,SMART1 I06,SMART1 O12,26,68,6.5,2.1959,0.031401,0.023449,3.9795,3.4523,-102.76,-102.46
86,430,3598,SMART1 M01,SMART1 O04,28,64,6.5,2.2004,0.032601,0.029962,3.8192,3.7508,-102.35,-101.82
86,428,3600,SMART1 I01,SMART1 O08,62,66,6.5,2.2325,0.034142,0.030726,3.8718,3.9755,-102.65,-103.89
86,432,3582,SMART1 O01,SMART1 I06,30,26,6.5,2.2613,0.029192,0.031401,3.4893,3.9795,-101.92,-102.76
86,429,432,SMART1 I07,SMART1 O01,61,30,6.5,2.2897,0.029654,0.029192,3.9904,3.4893,-102.81,-101.92
86,426,429,SMART1 E01,SMART1 I07,32,61,6.5,2.5909,0.02807,0.029654,3.3911,3.9904,-103.6,-102.81
86,426,3582,SMART1 E01,SMART1 I06,32,26,6.5,2.6032,0.02807,0.031401,3.3911,3.9795,-103.6,-102.76
86,431,3596,SMART1 M06,SMART1 O02,60,63,6.5,2.6624,0.026968,0.031653,3.8355,4.3132,-102.86,-101.59
86,431,3602,SMART1 M06,SMART1 O10,60,67,6.5,2.6652,0.026968,0.023963,3.8355,3.181,-102.86,-103.59
86,433,3598,SMART1 O07,SMART1 O04,31,64,6.5,2.7186,0.025249,0.029962,3.79,3.7508,-103.46,-101.82
86,425,426,SMART1 C00,SMART1 E01,25,32,6.5,2.7911,0.027166,0.02807,3.7148,3.3911,-102.73,-103.6
86,432,3602,SMART1 O01,SMART1 O10,30,67,6.5,2.8324,0.029192,0.023963,3.4893,3.181,-101.92,-103.59
86,432,3598,SMART1 O01,SMART1 O04,30,64,6.5,2.8898,0.029192,0.029962,3.4893,3.7508,-101.92,-101.82
86,430,433,SMART1 M01,SMART1 O07,28,31,6.5,2.9376,0.032601,0.025249,3.8192,3.79,-102.35,-103.46
86,430,3600,SMART1 M01,SMART1 O08,28,66,6.5,2.9434,0.032601,0.030726,3.8192,3.9755,-102.35,-103.89
86,427,433,SMART1 E02,SMART1 O07,33,31,6.5,2.9488,0.019831,0.025249,1.8157,3.79,-104.47,-103.46
86,433,3602,SMART1 O07,SMART1 O10,31,67,6.5,2.9536,0.025249,0.023963,3.79,3.181,-103.46,-103.59
86,426,3586,SMART1 E01,SMART1 I12,32,27,6.5,2.9802,0.02807,0.031166,3.3911,3.8073,-103.6,-102.7
86,426,428,SMART1 E01,SMART1 I01,32,62,6.5,2.9806,0.02807,0.034142,3.3911,3.8718,-103.6,-102.65
86,431,3604,SMART1 M06,SMART1 O12,60,68,6.5,3.0141,0.026968,0.023449,3.8355,3.4523,-102.86,-102.46
86,431,432,SMART1 M06,SMART1 O01,60,30,6.5,3.0148,0.026968,0.029192,3.8355,3.4893,-102.86,-101.92
86,426,3598,SMART1 E01,SMART1 O04,32,64,6.5,3.1132,0.02807,0.029962,3.3911,3.7508,-103.6,-101.82
86,3598,3604,SMART1 O04,SMART1 O12,64,68,6.5,3.4248,0.029962,0.023449,3.7508,3.4523,-101.82,-102.46
86,427,3600,SMART1 E02,SMART1 O08,33,66,6.5,3.4416,0.019831,0.030726,1.8157,3.9755,-104.47,-103.89
86,3596,3602,SMART1 O02,SMART1 O10,63,67,6.5,3.4586,0.031653,0.023963,4.3132,3.181,-101.59,-103.59
86,3598,3600,SMART1 O04,SMART1 O08,64,66,6.5,3.4722,0.029962,0.030726,3.7508,3.9755,-101.82,-103.89
86,3600,3604,SMART1 O08,SMART1 O12,66,68,6.5,3.5862,0.030726,0.023449,3.9755,3.4523,-103.89,-102.46
86,426,430,SMART1 E01,SMART1 M01,32,28,6.5,3.7317,0.02807,0.032601,3.3911,3.8192,-103.6,-102.35
86,426,3602,SMART1 E01,SMART1 O10,32,67,6.5,3.7721,0.02807,0.023963,3.3911,3.181,-103.6,-103.59
86,433,3596,SMART1 O07,SMART1 O02,31,63,6.5,3.8073,0.025249,0.031653,3.79,4.3132,-103.46,-101.59
86,433,3604,SMART1 O07,SMART1 O12,31,68,6.5,3.8941,0.025249,0.023449,3.79,3.4523,-103.46,-102.46
86,3598,3602,SMART1 O04,SMART1 O10,64,67,6.5,3.9907,0.029962,0.023963,3.7508,3.181,-101.82,-103.59
86,427,431,SMART1 E02,SMART1 M06,33,60,6.5,4.0051,0.019831,0.026968,1.8157,3.8355,-104.47,-102.86
86,432,3600,SMART1 O01,SMART1 O08,30,66,6.5,4.0229,0.029192,0.030726,3.4893,3.9755,-101.92,-103.89
86,432,433,SMART1 O01,SMART1 O07,30,31,6.5,4.0675,0.029192,0.025249,3.4893,3.79,-101.92,-103.46
86,3596,3600,SMART1 O02,SMART1 O08,63,66,6.5,4.068,0.031653,0.030726,4.3132,3.9755,-101.59,-103.89
86,426,3596,SMART1 E01,SMART1 O02,32,63,6.5,4.4887,0.02807,0.031653,3.3911,4.3132,-103.6,-101.59
86,427,429,SMART1 E02,SMART1 I07,33,61,6.5,4.7257,0.019831,0.029654,1.8157,3.9904,-104.47,-102.81
86,426,3604,SMART1 E01,SMART1 O12,32,68,6.5,4.7363,0.02807,0.023449,3.3911,3.4523,-103.6,-102.46
86,427,3582,SMART1 E02,SMART1 I06,33,26,6.5,4.7448,0.019831,0.031401,1.8157,3.9795,-104.47,-102.76
86,426,432,SMART1 E01,SMART1 O01,32,30,6.5,4.8556,0.02807,0.029192,3.3911,3.4893,-103.6,-101.92
86,425,427,SMART1 C00,SMART1 E02,25,33,6.5,4.9283,0.027166,0.019831,3.7148,1.8157,-102.73,-104.47
90,454,455,Gilroy - Gavilan Coll.,Gilroy Array #1,47006,47379,6.19,0.3553,0.10779,0.077057,3.0739,2.7458,42.73,44.07
90,454,456,Gilroy - Gavilan Coll.,Gilroy Array #2,47006,47380,6.19,1.4621,0.10779,0.17395,3.0739,9.0354,42.73,39.12
90,455,456,Gilroy Array #1,Gilroy Array #2,47379,47380,6.19,1.7383,0.077057,0.17395,2.7458,9.0354,44.07,39.12
90,456,457,Gilroy Array #2,Gilroy Array #3,47380,47381,6.19,1.8614,0.17395,0.19817,9.0354,13.189,39.12,31.64
90,457,458,Gilroy Array #3,Gilroy Array #4,47381,57382,6.19,1.9923,0.19817,0.29315,13.189,18.084,31.64,25.41
90,454,457,Gilroy - Gavilan Coll.,Gilroy Array #3,47006,47381,6.19,3.2409,0.10779,0.19817,3.0739,13.189,42.73,31.64
90,455,457,Gilroy Array #1,Gilroy Array #3,47379,47381,6.19,3.5566,0.077057,0.19817,2.7458,13.189,44.07,31.64
90,456,458,Gilroy Array #2,Gilroy Array #4,47380,57382,6.19,3.6854,0.17395,0.29315,9.0354,18.084,39.12,25.41
90,458,459,Gilroy Array #4,Gilroy Array #6,57382,57383,6.19,4.3716,0.29315,0.2672,18.084,26.775,25.41,3.55
90,462,464,Hollister City Hall,Hollister Differential Array #3,1028,1656,6.19,4.3808,0.070129,0.075245,9.376,9.025,8.6,7.29
90,459,460,Gilroy Array #6,Gilroy Array #7,57383,57425,6.19,4.5062,0.2672,0.14166,26.775,5.9009,3.55,-17.24
90,462,471,Hollister City Hall,San Justo Dam (L Abut),1028,1655,6.19,4.7516,0.070129,0.075804,9.376,6.8105,8.6,17.06
95,487,3616,SMART1 I01,SMART1 I12,62,27,5.8,0.0909,0.11086,0.077051,4.5826,3.2183,40.78,40.74
95,488,3612,SMART1 I07,SMART1 I06,61,26,5.8,0.1017,0.043511,0.054263,3.0294,3.1777,40.25,40.31
95,486,487,SMART1 C00,SMART1 I01,25,62,5.8,0.1933,0.063735,0.11086,3.619,4.5826,40.52,40.78
95,486,3616,SMART1 C00,SMART1 I12,25,27,5.8,0.1957,0.063735,0.077051,3.619,3.2183,40.52,40.74
95,486,3612,SMART1 C00,SMART1 I06,25,26,5.8,0.1985,0.063735,0.054263,3.619,3.1777,40.52,40.31
95,486,488,SMART1 C00,SMART1 I07,25,61,5.8,0.2042,0.063735,0.043511,3.619,3.0294,40.52,40.25
95,487,3612,SMART1 I01,SMART1 I06,62,26,5.8,0.3786,0.11086,0.054263,4.5826,3.1777,40.78,40.31
95,488,3616,SMART1 I07,SMART1 I12,61,27,5.8,0.3893,0.043511,0.077051,3.0294,3.2183,40.25,40.74
95,3612,3616,SMART1 I06,SMART1 I12,26,27,5.8,0.3941,0.054263,0.077051,3.1777,3.2183,40.31,40.74
95,487,488,SMART1 I01,SMART1 I07,62,61,5.8,0.3975,0.11086,0.043511,4.5826,3.0294,40.78,40.25
95,490,3621,SMART1 M07,SMART1 M06,29,60,5.8,0.5764,0.074741,0.058299,4.0437,3.3345,39.15,39.42
95,487,489,SMART1 I01,SMART1 M01,62,28,5.8,0.7623,0.11086,0.039985,4.5826,2.0303,40.78,41.78
95,489,3616,SMART1 M01,SMART1 I12,28,27,5.8,0.7867,0.039985,0.077051,2.0303,3.2183,41.78,40.74
95,3612,3621,SMART1 I06,SMART1 M06,26,60,5.8,0.8183,0.054263,0.058299,3.1777,3.3345,40.31,39.42
95,488,490,SMART1 I07,SMART1 M07,61,29,5.8,0.8202,0.043511,0.074741,3.0294,4.0437,40.25,39.15
95,488,3621,SMART1 I07,SMART1 M06,61,60,5.8,0.8448,0.043511,0.058299,3.0294,3.3345,40.25,39.42
95,490,3612,SMART1 M07,SMART1 I06,29,26,5.8,0.8634,0.074741,0.054263,4.0437,3.1777,39.15,40.31
95,492,3630,SMART1 O07,SMART1 O06,31,65,5.8,0.8803,0.058141,0.097241,3.1232,4.7831,37.9,38.31
95,486,489,SMART1 C00,SMART1 M01,25,28,5.8,0.9556,0.063735,0.039985,3.619,2.0303,40.52,41.78
95,490,492,SMART1 M07,SMART1 O07,29,31,5.8,0.9786,0.074741,0.058141,4.0437,3.1232,39.15,37.9
95,491,3633,SMART1 O01,SMART1 O12,30,68,5.8,0.989,0.055625,0.027211,2.0895,1.5573,43.26,42.62
95,3621,3630,SMART1 M06,SMART1 O06,60,65,5.8,1.0063,0.058299,0.097241,3.3345,4.7831,39.42,38.31
95,486,3621,SMART1 C00,SMART1 M06,25,60,5.8,1.0168,0.063735,0.058299,3.619,3.3345,40.52,39.42
95,486,490,SMART1 C00,SMART1 M07,25,29,5.8,1.0239,0.063735,0.074741,3.619,4.0437,40.52,39.15
95,491,3626,SMART1 O01,SMART1 O02,30,63,5.8,1.1148,0.055625,0.044912,2.0895,2.2599,43.26,43.03
95,489,491,SMART1 M01,SMART1 O01,28,30,5.8,1.1302,0.039985,0.055625,2.0303,2.0895,41.78,43.26
95,489,3612,SMART1 M01,SMART1 I06,28,26,5.8,1.1319,0.039985,0.054263,2.0303,3.1777,41.78,40.31
95,492,3621,SMART1 O07,SMART1 M06,31,60,5.8,1.1497,0.058141,0.058299,3.1232,3.3345,37.9,39.42
95,488,489,SMART1 I07,SMART1 M01,61,28,5.8,1.1598,0.043511,0.039985,3.0294,2.0303,40.25,41.78
95,487,3621,SMART1 I01,SMART1 M06,62,60,5.8,1.1882,0.11086,0.058299,4.5826,3.3345,40.78,39.42
95,490,3616,SMART1 M07,SMART1 I12,29,27,5.8,1.1976,0.074741,0.077051,4.0437,3.2183,39.15,40.74
95,3616,3621,SMART1 I12,SMART1 M06,27,60,5.8,1.2123,0.077051,0.058299,3.2183,3.3345,40.74,39.42
95,487,490,SMART1 I01,SMART1 M07,62,29,5.8,1.217,0.11086,0.074741,4.5826,4.0437,40.78,39.15
95,489,3633,SMART1 M01,SMART1 O12,28,68,5.8,1.2501,0.039985,0.027211,2.0303,1.5573,41.78,42.62
95,489,3626,SMART1 M01,SMART1 O02,28,63,5.8,1.2833,0.039985,0.044912,2.0303,2.2599,41.78,43.03
95,490,3630,SMART1 M07,SMART1 O06,29,65,5.8,1.2897,0.074741,0.097241,4.0437,4.7831,39.15,38.31
95,3621,3628,SMART1 M06,SMART1 O04,60,64,5.8,1.7456,0.058299,0.051454,3.3345,2.7131,39.42,40.91
95,488,492,SMART1 I07,SMART1 O07,61,31,5.8,1.7807,0.043511,0.058141,3.0294,3.1232,40.25,37.9
95,3616,3633,SMART1 I12,SMART1 O12,27,68,5.8,1.8018,0.077051,0.027211,3.2183,1.5573,40.74,42.62
95,492,3612,SMART1 O07,SMART1 I06,31,26,5.8,1.8065,0.058141,0.054263,3.1232,3.1777,37.9,40.31
95,3612,3630,SMART1 I06,SMART1 O06,26,65,5.8,1.8246,0.054263,0.097241,3.1777,4.7831,40.31,38.31
95,487,3633,SMART1 I01,SMART1 O12,62,68,5.8,1.8304,0.11086,0.027211,4.5826,1.5573,40.78,42.62
95,487,3626,SMART1 I01,SMART1 O02,62,63,5.8,1.8481,0.11086,0.044912,4.5826,2.2599,40.78,43.03
95,488,3630,SMART1 I07,SMART1 O06,61,65,5.8,1.8481,0.043511,0.097241,3.0294,4.7831,40.25,38.31
95,487,491,SMART1 I01,SMART1 O01,62,30,5.8,1.8922,0.11086,0.055625,4.5826,2.0895,40.78,43.26
95,489,3621,SMART1 M01,SMART1 M06,28,60,5.8,1.9047,0.039985,0.058299,2.0303,3.3345,41.78,39.42
95,3616,3631,SMART1 I12,SMART1 O10,27,67,5.8,1.9082,0.077051,0.04461,3.2183,1.8657,40.74,40.24
95,3612,3628,SMART1 I06,SMART1 O04,26,64,5.8,1.9102,0.054263,0.051454,3.1777,2.7131,40.31,40.91
95,491,3616,SMART1 O01,SMART1 I12,30,27,5.8,1.9118,0.055625,0.077051,2.0895,3.2183,43.26,40.74
95,3616,3626,SMART1 I12,SMART1 O02,27,63,5.8,1.9143,0.077051,0.044912,3.2183,2.2599,40.74,43.03
95,3626,3628,SMART1 O02,SMART1 O04,63,64,5.8,1.9609,0.044912,0.051454,2.2599,2.7131,43.03,40.91
95,489,490,SMART1 M01,SMART1 M07,28,29,5.8,1.979,0.039985,0.074741,2.0303,4.0437,41.78,39.15
95,486,492,SMART1 C00,SMART1 O07,25,31,5.8,1.9843,0.063735,0.058141,3.619,3.1232,40.52,37.9
95,3626,3633,SMART1 O02,SMART1 O12,63,68,5.8,1.9877,0.044912,0.027211,2.2599,1.5573,43.03,42.62
95,486,3631,SMART1 C00,SMART1 O10,25,67,5.8,1.9928,0.063735,0.04461,3.619,1.8657,40.52,40.24
95,3631,3633,SMART1 O10,SMART1 O12,67,68,5.8,1.9956,0.04461,0.027211,1.8657,1.5573,40.24,42.62
95,486,3633,SMART1 C00,SMART1 O12,25,68,5.8,1.9974,0.063735,0.027211,3.619,1.5573,40.52,42.62
95,487,3631,SMART1 I01,SMART1 O10,62,67,5.8,1.9983,0.11086,0.04461,4.5826,1.8657,40.78,40.24
95,486,3628,SMART1 C00,SMART1 O04,25,64,5.8,1.9985,0.063735,0.051454,3.619,2.7131,40.52,40.91
95,487,3628,SMART1 I01,SMART1 O04,62,64,5.8,2.005,0.11086,0.051454,4.5826,2.7131,40.78,40.91
95,488,3628,SMART1 I07,SMART1 O04,61,64,5.8,2.0096,0.043511,0.051454,3.0294,2.7131,40.25,40.91
95,488,3631,SMART1 I07,SMART1 O10,61,67,5.8,2.0097,0.043511,0.04461,3.0294,1.8657,40.25,40.24
95,486,3626,SMART1 C00,SMART1 O02,25,63,5.8,2.0119,0.063735,0.044912,3.619,2.2599,40.52,43.03
95,486,3630,SMART1 C00,SMART1 O06,25,65,5.8,2.0231,0.063735,0.097241,3.619,4.7831,40.52,38.31
95,3628,3630,SMART1 O04,SMART1 O06,64,65,5.8,2.0332,0.051454,0.097241,2.7131,4.7831,40.91,38.31
95,486,491,SMART1 C00,SMART1 O01,25,30,5.8,2.0855,0.063735,0.055625,3.619,2.0895,40.52,43.26
95,3616,3628,SMART1 I12,SMART1 O04,27,64,5.8,2.0922,0.077051,0.051454,3.2183,2.7131,40.74,40.91
95,3612,3631,SMART1 I06,SMART1 O10,26,67,5.8,2.102,0.054263,0.04461,3.1777,1.8657,40.31,40.24
95,3612,3626,SMART1 I06,SMART1 O02,26,63,5.8,2.1168,0.054263,0.044912,3.1777,2.2599,40.31,43.03
95,492,3616,SMART1 O07,SMART1 I12,31,27,5.8,2.1666,0.058141,0.077051,3.1232,3.2183,37.9,40.74
95,487,492,SMART1 I01,SMART1 O07,62,31,5.8,2.177,0.11086,0.058141,4.5826,3.1232,40.78,37.9
95,488,3633,SMART1 I07,SMART1 O12,61,68,5.8,2.1795,0.043511,0.027211,3.0294,1.5573,40.25,42.62
95,488,3626,SMART1 I07,SMART1 O02,61,63,5.8,2.189,0.043511,0.044912,3.0294,2.2599,40.25,43.03
95,487,3630,SMART1 I01,SMART1 O06,62,65,5.8,2.1925,0.11086,0.097241,4.5826,4.7831,40.78,38.31
95,489,3631,SMART1 M01,SMART1 O10,28,67,5.8,2.1947,0.039985,0.04461,2.0303,1.8657,41.78,40.24
95,3612,3633,SMART1 I06,SMART1 O12,26,68,5.8,2.1959,0.054263,0.027211,3.1777,1.5573,40.31,42.62
95,489,3628,SMART1 M01,SMART1 O04,28,64,5.8,2.2004,0.039985,0.051454,2.0303,2.7131,41.78,40.91
95,490,3631,SMART1 M07,SMART1 O10,29,67,5.8,2.2143,0.074741,0.04461,4.0437,1.8657,39.15,40.24
95,3616,3630,SMART1 I12,SMART1 O06,27,65,5.8,2.2185,0.077051,0.097241,3.2183,4.7831,40.74,38.31
95,491,3612,SMART1 O01,SMART1 I06,30,26,5.8,2.2613,0.055625,0.054263,2.0895,3.1777,43.26,40.31
95,488,491,SMART1 I07,SMART1 O01,61,30,5.8,2.2897,0.043511,0.055625,3.0294,2.0895,40.25,43.26
95,490,3628,SMART1 M07,SMART1 O04,29,64,5.8,2.3027,0.074741,0.051454,4.0437,2.7131,39.15,40.91
95,3621,3626,SMART1 M06,SMART1 O02,60,63,5.8,2.6624,0.058299,0.044912,3.3345,2.2599,39.42,43.03
95,3621,3631,SMART1 M06,SMART1 O10,60,67,5.8,2.6652,0.058299,0.04461,3.3345,1.8657,39.42,40.24
95,492,3628,SMART1 O07,SMART1 O04,31,64,5.8,2.7186,0.058141,0.051454,3.1232,2.7131,37.9,40.91
95,491,3631,SMART1 O01,SMART1 O10,30,67,5.8,2.8324,0.055625,0.04461,2.0895,1.8657,43.26,40.24
95,489,3630,SMART1 M01,SMART1 O06,28,65,5.8,2.8891,0.039985,0.097241,2.0303,4.7831,41.78,38.31
95,491,3628,SMART1 O01,SMART1 O04,30,64,5.8,2.8898,0.055625,0.051454,2.0895,2.7131,43.26,40.91
95,490,3633,SMART1 M07,SMART1 O12,29,68,5.8,2.919,0.074741,0.027211,4.0437,1.5573,39.15,42.62
95,489,492,SMART1 M01,SMART1 O07,28,31,5.8,2.9376,0.039985,0.058141,2.0303,3.1232,41.78,37.9
95,492,3631,SMART1 O07,SMART1 O10,31,67,5.8,2.9536,0.058141,0.04461,3.1232,1.8657,37.9,40.24
95,490,3626,SMART1 M07,SMART1 O02,29,63,5.8,2.9563,0.074741,0.044912,4.0437,2.2599,39.15,43.03
95,3621,3633,SMART1 M06,SMART1 O12,60,68,5.8,3.0141,0.058299,0.027211,3.3345,1.5573,39.42,42.62
95,491,3621,SMART1 O01,SMART1 M06,30,60,5.8,3.0148,0.055625,0.058299,2.0895,3.3345,43.26,39.42
95,490,491,SMART1 M07,SMART1 O01,29,30,5.8,3.108,0.074741,0.055625,4.0437,2.0895,39.15,43.26
95,3628,3633,SMART1 O04,SMART1 O12,64,68,5.8,3.4248,0.051454,0.027211,2.7131,1.5573,40.91,42.62
95,3626,3631,SMART1 O02,SMART1 O10,63,67,5.8,3.4586,0.044912,0.04461,2.2599,1.8657,43.03,40.24
95,3626,3630,SMART1 O02,SMART1 O06,63,65,5.8,3.4816,0.044912,0.097241,2.2599,4.7831,43.03,38.31
95,3630,3631,SMART1 O06,SMART1 O10,65,67,5.8,3.5,0.097241,0.04461,4.7831,1.8657,38.31,40.24
95,492,3626,SMART1 O07,SMART1 O02,31,63,5.8,3.8073,0.058141,0.044912,3.1232,2.2599,37.9,43.03
95,492,3633,SMART1 O07,SMART1 O12,31,68,5.8,3.8941,0.058141,0.027211,3.1232,1.5573,37.9,42.62
95,491,3630,SMART1 O01,SMART1 O06,30,65,5.8,3.9759,0.055625,0.097241,2.0895,4.7831,43.26,38.31
95,3628,3631,SMART1 O04,SMART1 O10,64,67,5.8,3.9907,0.051454,0.04461,2.7131,1.8657,40.91,40.24
95,3630,3633,SMART1 O06,SMART1 O12,65,68,5.8,4.0202,0.097241,0.027211,4.7831,1.5573,38.31,42.62
95,491,492,SMART1 O01,SMART1 O07,30,31,5.8,4.0675,0.055625,0.058141,2.0895,3.1232,43.26,37.9
100,505,3642,SMART1 I01,SMART1 I12,62,27,6.32,0.0909,0.18317,0.17241,25.14,24.793,-30.45,-30.54
100,506,3638,SMART1 I07,SMART1 I06,61,26,6.32,0.1017,0.16118,0.16109,25.285,25.004,-30.45,-30.35
100,503,505,SMART1 C00,SMART1 I01,25,62,6.32,0.1933,0.1965,0.18317,26.205,25.14,-30.45,-30.45
100,503,3642,SMART1 C00,SMART1 I12,25,27,6.32,0.1957,0.1965,0.17241,26.205,24.793,-30.45,-30.54
100,503,3638,SMART1 C00,SMART1 I06,25,26,6.32,0.1985,0.1965,0.16109,26.205,25.004,-30.45,-30.35
100,503,506,SMART1 C00,SMART1 I07,25,61,6.32,0.2042,0.1965,0.16118,26.205,25.285,-30.45,-30.45
100,505,3638,SMART1 I01,SMART1 I06,62,26,6.32,0.3786,0.18317,0.16109,25.14,25.004,-30.45,-30.35
100,506,3642,SMART1 I07,SMART1 I12,61,27,6.32,0.3893,0.16118,0.17241,25.285,24.793,-30.45,-30.54
100,3638,3642,SMART1 I06,SMART1 I12,26,27,6.32,0.3941,0.16109,0.17241,25.004,24.793,-30.35,-30.54
100,505,506,SMART1 I01,SMART1 I07,62,61,6.32,0.3975,0.18317,0.16118,25.14,25.285,-30.45,-30.45
100,508,3647,SMART1 M07,SMART1 M06,29,60,6.32,0.5764,0.21805,0.18869,31.646,27.345,-30.49,-29.94
100,505,507,SMART1 I01,SMART1 M01,62,28,6.32,0.7623,0.18317,0.15966,25.14,23.753,-30.45,-30.46
100,507,3642,SMART1 M01,SMART1 I12,28,27,6.32,0.7867,0.15966,0.17241,23.753,24.793,-30.46,-30.54
100,3638,3647,SMART1 I06,SMART1 M06,26,60,6.32,0.8183,0.16109,0.18869,25.004,27.345,-30.35,-29.94
100,506,508,SMART1 I07,SMART1 M07,61,29,6.32,0.8202,0.16118,0.21805,25.285,31.646,-30.45,-30.49
100,506,3647,SMART1 I07,SMART1 M06,61,60,6.32,0.8448,0.16118,0.18869,25.285,27.345,-30.45,-29.94
100,504,510,SMART1 E01,SMART1 O07,32,31,6.32,0.855,0.19463,0.15678,27.009,22.911,-29.84,-30.26
100,508,3638,SMART1 M07,SMART1 I06,29,26,6.32,0.8634,0.21805,0.16109,31.646,25.004,-30.49,-30.35
100,510,3657,SMART1 O07,SMART1 O06,31,65,6.32,0.8803,0.15678,0.18484,22.911,29.906,-30.26,-29.41
100,503,507,SMART1 C00,SMART1 M01,25,28,6.32,0.9556,0.1965,0.15966,26.205,23.753,-30.45,-30.46
100,508,510,SMART1 M07,SMART1 O07,29,31,6.32,0.9786,0.21805,0.15678,31.646,22.911,-30.49,-30.26
100,509,3661,SMART1 O01,SMART1 O12,30,68,6.32,0.989,0.13458,0.11604,20.889,20.277,-30.5,-31.38
100,3647,3657,SMART1 M06,SMART1 O06,60,65,6.32,1.0063,0.18869,0.18484,27.345,29.906,-29.94,-29.41
100,503,3647,SMART1 C00,SMART1 M06,25,60,6.32,1.0168,0.1965,0.18869,26.205,27.345,-30.45,-29.94
100,503,508,SMART1 C00,SMART1 M07,25,29,6.32,1.0239,0.1965,0.21805,26.205,31.646,-30.45,-30.49
100,504,3657,SMART1 E01,SMART1 O06,32,65,6.32,1.0819,0.19463,0.18484,27.009,29.906,-29.84,-29.41
100,510,3658,SMART1 O07,SMART1 O08,31,66,6.32,1.1037,0.15678,0.20201,22.911,25.225,-30.26,-31.37
100,509,3653,SMART1 O01,SMART1 O02,30,63,6.32,1.1148,0.13458,0.17361,20.889,23.344,-30.5,-29.49
100,507,509,SMART1 M01,SMART1 O01,28,30,6.32,1.1302,0.15966,0.13458,23.753,20.889,-30.46,-30.5
100,507,3638,SMART1 M01,SMART1 I06,28,26,6.32,1.1319,0.15966,0.16109,23.753,25.004,-30.46,-30.35
100,510,3647,SMART1 O07,SMART1 M06,31,60,6.32,1.1497,0.15678,0.18869,22.911,27.345,-30.26,-29.94
100,506,507,SMART1 I07,SMART1 M01,61,28,6.32,1.1598,0.16118,0.15966,25.285,23.753,-30.45,-30.46
100,505,3647,SMART1 I01,SMART1 M06,62,60,6.32,1.1882,0.18317,0.18869,25.14,27.345,-30.45,-29.94
100,508,3642,SMART1 M07,SMART1 I12,29,27,6.32,1.1976,0.21805,0.17241,31.646,24.793,-30.49,-30.54
100,508,3658,SMART1 M07,SMART1 O08,29,66,6.32,1.1985,0.21805,0.20201,31.646,25.225,-30.49,-31.37
100,3642,3647,SMART1 I12,SMART1 M06,27,60,6.32,1.2123,0.17241,0.18869,24.793,27.345,-30.54,-29.94
100,505,508,SMART1 I01,SMART1 M07,62,29,6.32,1.217,0.18317,0.21805,25.14,31.646,-30.45,-30.49
100,507,3661,SMART1 M01,SMART1 O12,28,68,6.32,1.2501,0.15966,0.11604,23.753,20.277,-30.46,-31.38
100,507,3653,SMART1 M01,SMART1 O02,28,63,6.32,1.2833,0.15966,0.17361,23.753,23.344,-30.46,-29.49
100,508,3657,SMART1 M07,SMART1 O06,29,65,6.32,1.2897,0.21805,0.18484,31.646,29.906,-30.49,-29.41
100,3647,3658,SMART1 M06,SMART1 O08,60,66,6.32,1.7272,0.18869,0.20201,27.345,25.225,-29.94,-31.37
100,504,3658,SMART1 E01,SMART1 O08,32,66,6.32,1.7427,0.19463,0.20201,27.009,25.225,-29.84,-31.37
100,3647,3655,SMART1 M06,SMART1 O04,60,64,6.32,1.7456,0.18869,0.21342,27.345,28.563,-29.94,-28.5
100,506,510,SMART1 I07,SMART1 O07,61,31,6.32,1.7807,0.16118,0.15678,25.285,22.911,-30.45,-30.26
100,3642,3661,SMART1 I12,SMART1 O12,27,68,6.32,1.8018,0.17241,0.11604,24.793,20.277,-30.54,-31.38
100,510,3638,SMART1 O07,SMART1 I06,31,26,6.32,1.8065,0.15678,0.16109,22.911,25.004,-30.26,-30.35
100,504,508,SMART1 E01,SMART1 M07,32,29,6.32,1.8176,0.19463,0.21805,27.009,31.646,-29.84,-30.49
100,3638,3657,SMART1 I06,SMART1 O06,26,65,6.32,1.8246,0.16109,0.18484,25.004,29.906,-30.35,-29.41
100,505,3661,SMART1 I01,SMART1 O12,62,68,6.32,1.8304,0.18317,0.11604,25.14,20.277,-30.45,-31.38
100,505,3653,SMART1 I01,SMART1 O02,62,63,6.32,1.8481,0.18317,0.17361,25.14,23.344,-30.45,-29.49
100,506,3657,SMART1 I07,SMART1 O06,61,65,6.32,1.8481,0.16118,0.18484,25.285,29.906,-30.45,-29.41
100,504,3647,SMART1 E01,SMART1 M06,32,60,6.32,1.8538,0.19463,0.18869,27.009,27.345,-29.84,-29.94
100,506,3658,SMART1 I07,SMART1 O08,61,66,6.32,1.8796,0.16118,0.20201,25.285,25.225,-30.45,-31.37
100,505,509,SMART1 I01,SMART1 O01,62,30,6.32,1.8922,0.18317,0.13458,25.14,20.889,-30.45,-30.5
100,507,3647,SMART1 M01,SMART1 M06,28,60,6.32,1.9047,0.15966,0.18869,23.753,27.345,-30.46,-29.94
100,3642,3659,SMART1 I12,SMART1 O10,27,67,6.32,1.9082,0.17241,0.16872,24.793,23.743,-30.54,-32.39
100,3638,3655,SMART1 I06,SMART1 O04,26,64,6.32,1.9102,0.16109,0.21342,25.004,28.563,-30.35,-28.5
100,509,3642,SMART1 O01,SMART1 I12,30,27,6.32,1.9118,0.13458,0.17241,20.889,24.793,-30.5,-30.54
100,3642,3653,SMART1 I12,SMART1 O02,27,63,6.32,1.9143,0.17241,0.17361,24.793,23.344,-30.54,-29.49
100,3657,3658,SMART1 O06,SMART1 O08,65,66,6.32,1.9469,0.18484,0.20201,29.906,25.225,-29.41,-31.37
100,3638,3658,SMART1 I06,SMART1 O08,26,66,6.32,1.9565,0.16109,0.20201,25.004,25.225,-30.35,-31.37
100,3653,3655,SMART1 O02,SMART1 O04,63,64,6.32,1.9609,0.17361,0.21342,23.344,28.563,-29.49,-28.5
100,507,508,SMART1 M01,SMART1 M07,28,29,6.32,1.979,0.15966,0.21805,23.753,31.646,-30.46,-30.49
100,503,510,SMART1 C00,SMART1 O07,25,31,6.32,1.9843,0.1965,0.15678,26.205,22.911,-30.45,-30.26
100,3653,3661,SMART1 O02,SMART1 O12,63,68,6.32,1.9877,0.17361,0.11604,23.344,20.277,-29.49,-31.38
100,503,3659,SMART1 C00,SMART1 O10,25,67,6.32,1.9928,0.1965,0.16872,26.205,23.743,-30.45,-32.39
100,3659,3661,SMART1 O10,SMART1 O12,67,68,6.32,1.9956,0.16872,0.11604,23.743,20.277,-32.39,-31.38
100,503,3661,SMART1 C00,SMART1 O12,25,68,6.32,1.9974,0.1965,0.11604,26.205,20.277,-30.45,-31.38
100,505,3659,SMART1 I01,SMART1 O10,62,67,6.32,1.9983,0.18317,0.16872,25.14,23.743,-30.45,-32.39
100,503,3655,SMART1 C00,SMART1 O04,25,64,6.32,1.9985,0.1965,0.21342,26.205,28.563,-30.45,-28.5
100,505,3655,SMART1 I01,SMART1 O04,62,64,6.32,2.005,0.18317,0.21342,25.14,28.563,-30.45,-28.5
100,506,3655,SMART1 I07,SMART1 O04,61,64,6.32,2.0096,0.16118,0.21342,25.285,28.563,-30.45,-28.5
100,506,3659,SMART1 I07,SMART1 O10,61,67,6.32,2.0097,0.16118,0.16872,25.285,23.743,-30.45,-32.39
100,503,3653,SMART1 C00,SMART1 O02,25,63,6.32,2.0119,0.1965,0.17361,26.205,23.344,-30.45,-29.49
100,503,3657,SMART1 C00,SMART1 O06,25,65,6.32,2.0231,0.1965,0.18484,26.205,29.906,-30.45,-29.41
100,3655,3657,SMART1 O04,SMART1 O06,64,65,6.32,2.0332,0.21342,0.18484,28.563,29.906,-28.5,-29.41
100,503,3658,SMART1 C00,SMART1 O08,25,66,6.32,2.0583,0.1965,0.20201,26.205,25.225,-30.45,-31.37
100,503,509,SMART1 C00,SMART1 O01,25,30,6.32,2.0855,0.1965,0.13458,26.205,20.889,-30.45,-30.5
100,3642,3655,SMART1 I12,SMART1 O04,27,64,6.32,2.0922,0.17241,0.21342,24.793,28.563,-30.54,-28.5
100,3638,3659,SMART1 I06,SMART1 O10,26,67,6.32,2.102,0.16109,0.16872,25.004,23.743,-30.35,-32.39
100,3638,3653,SMART1 I06,SMART1 O02,26,63,6.32,2.1168,0.16109,0.17361,25.004,23.344,-30.35,-29.49
100,3658,3659,SMART1 O08,SMART1 O10,66,67,6.32,2.1564,0.20201,0.16872,25.225,23.743,-31.37,-32.39
100,510,3642,SMART1 O07,SMART1 I12,31,27,6.32,2.1666,0.15678,0.17241,22.911,24.793,-30.26,-30.54
100,505,510,SMART1 I01,SMART1 O07,62,31,6.32,2.177,0.18317,0.15678,25.14,22.911,-30.45,-30.26
100,3642,3658,SMART1 I12,SMART1 O08,27,66,6.32,2.1794,0.17241,0.20201,24.793,25.225,-30.54,-31.37
100,506,3661,SMART1 I07,SMART1 O12,61,68,6.32,2.1795,0.16118,0.11604,25.285,20.277,-30.45,-31.38
100,506,3653,SMART1 I07,SMART1 O02,61,63,6.32,2.189,0.16118,0.17361,25.285,23.344,-30.45,-29.49
100,505,3657,SMART1 I01,SMART1 O06,62,65,6.32,2.1925,0.18317,0.18484,25.14,29.906,-30.45,-29.41
100,507,3659,SMART1 M01,SMART1 O10,28,67,6.32,2.1947,0.15966,0.16872,23.753,23.743,-30.46,-32.39
100,3638,3661,SMART1 I06,SMART1 O12,26,68,6.32,2.1959,0.16109,0.11604,25.004,20.277,-30.35,-31.38
100,507,3655,SMART1 M01,SMART1 O04,28,64,6.32,2.2004,0.15966,0.21342,23.753,28.563,-30.46,-28.5
100,508,3659,SMART1 M07,SMART1 O10,29,67,6.32,2.2143,0.21805,0.16872,31.646,23.743,-30.49,-32.39
100,3642,3657,SMART1 I12,SMART1 O06,27,65,6.32,2.2185,0.17241,0.18484,24.793,29.906,-30.54,-29.41
100,505,3658,SMART1 I01,SMART1 O08,62,66,6.32,2.2325,0.18317,0.20201,25.14,25.225,-30.45,-31.37
100,509,3638,SMART1 O01,SMART1 I06,30,26,6.32,2.2613,0.13458,0.16109,20.889,25.004,-30.5,-30.35
100,506,509,SMART1 I07,SMART1 O01,61,30,6.32,2.2897,0.16118,0.13458,25.285,20.889,-30.45,-30.5
100,508,3655,SMART1 M07,SMART1 O04,29,64,6.32,2.3027,0.21805,0.21342,31.646,28.563,-30.49,-28.5
100,504,506,SMART1 E01,SMART1 I07,32,61,6.32,2.5909,0.19463,0.16118,27.009,25.285,-29.84,-30.45
100,504,3638,SMART1 E01,SMART1 I06,32,26,6.32,2.6032,0.19463,0.16109,27.009,25.004,-29.84,-30.35
100,3647,3653,SMART1 M06,SMART1 O02,60,63,6.32,2.6624,0.18869,0.17361,27.345,23.344,-29.94,-29.49
100,3647,3659,SMART1 M06,SMART1 O10,60,67,6.32,2.6652,0.18869,0.16872,27.345,23.743,-29.94,-32.39
100,510,3655,SMART1 O07,SMART1 O04,31,64,6.32,2.7186,0.15678,0.21342,22.911,28.563,-30.26,-28.5
100,503,504,SMART1 C00,SMART1 E01,25,32,6.32,2.7911,0.1965,0.19463,26.205,27.009,-30.45,-29.84
100,509,3659,SMART1 O01,SMART1 O10,30,67,6.32,2.8324,0.13458,0.16872,20.889,23.743,-30.5,-32.39
100,507,3657,SMART1 M01,SMART1 O06,28,65,6.32,2.8891,0.15966,0.18484,23.753,29.906,-30.46,-29.41
100,509,3655,SMART1 O01,SMART1 O04,30,64,6.32,2.8898,0.13458,0.21342,20.889,28.563,-30.5,-28.5
100,508,3661,SMART1 M07,SMART1 O12,29,68,6.32,2.919,0.21805,0.11604,31.646,20.277,-30.49,-31.38
100,507,510,SMART1 M01,SMART1 O07,28,31,6.32,2.9376,0.15966,0.15678,23.753,22.911,-30.46,-30.26
100,507,3658,SMART1 M01,SMART1 O08,28,66,6.32,2.9434,0.15966,0.20201,23.753,25.225,-30.46,-31.37
100,510,3659,SMART1 O07,SMART1 O10,31,67,6.32,2.9536,0.15678,0.16872,22.911,23.743,-30.26,-32.39
100,508,3653,SMART1 M07,SMART1 O02,29,63,6.32,2.9563,0.21805,0.17361,31.646,23.344,-30.49,-29.49
100,504,3642,SMART1 E01,SMART1 I12,32,27,6.32,2.9802,0.19463,0.17241,27.009,24.793,-29.84,-30.54
100,504,505,SMART1 E01,SMART1 I01,32,62,6.32,2.9806,0.19463,0.18317,27.009,25.14,-29.84,-30.45
100,3647,3661,SMART1 M06,SMART1 O12,60,68,6.32,3.0141,0.18869,0.11604,27.345,20.277,-29.94,-31.38
100,509,3647,SMART1 O01,SMART1 M06,30,60,6.32,3.0148,0.13458,0.18869,20.889,27.345,-30.5,-29.94
100,508,509,SMART1 M07,SMART1 O01,29,30,6.32,3.108,0.21805,0.13458,31.646,20.889,-30.49,-30.5
100,504,3655,SMART1 E01,SMART1 O04,32,64,6.32,3.1132,0.19463,0.21342,27.009,28.563,-29.84,-28.5
100,3655,3661,SMART1 O04,SMART1 O12,64,68,6.32,3.4248,0.21342,0.11604,28.563,20.277,-28.5,-31.38
100,3653,3659,SMART1 O02,SMART1 O10,63,67,6.32,3.4586,0.17361,0.16872,23.344,23.743,-29.49,-32.39
100,3655,3658,SMART1 O04,SMART1 O08,64,66,6.32,3.4722,0.21342,0.20201,28.563,25.225,-28.5,-31.37
100,3653,3657,SMART1 O02,SMART1 O06,63,65,6.32,3.4816,0.17361,0.18484,23.344,29.906,-29.49,-29.41
100,3657,3659,SMART1 O06,SMART1 O10,65,67,6.32,3.5,0.18484,0.16872,29.906,23.743,-29.41,-32.39
100,3658,3661,SMART1 O08,SMART1 O12,66,68,6.32,3.5862,0.20201,0.11604,25.225,20.277,-31.37,-31.38
100,504,507,SMART1 E01,SMART1 M01,32,28,6.32,3.7317,0.19463,0.15966,27.009,23.753,-29.84,-30.46
100,504,3659,SMART1 E01,SMART1 O10,32,67,6.32,3.7721,0.19463,0.16872,27.009,23.743,-29.84,-32.39
100,510,3653,SMART1 O07,SMART1 O02,31,63,6.32,3.8073,0.15678,0.17361,22.911,23.344,-30.26,-29.49
100,510,3661,SMART1 O07,SMART1 O12,31,68,6.32,3.8941,0.15678,0.11604,22.911,20.277,-30.26,-31.38
100,509,3657,SMART1 O01,SMART1 O06,30,65,6.32,3.9759,0.13458,0.18484,20.889,29.906,-30.5,-29.41
100,3655,3659,SMART1 O04,SMART1 O10,64,67,6.32,3.9907,0.21342,0.16872,28.563,23.743,-28.5,-32.39
100,3657,3661,SMART1 O06,SMART1 O12,65,68,6.32,4.0202,0.18484,0.11604,29.906,20.277,-29.41,-31.38
100,509,3658,SMART1 O01,SMART1 O08,30,66,6.32,4.0229,0.13458,0.20201,20.889,25.225,-30.5,-31.37
100,509,510,SMART1 O01,SMART1 O07,30,31,6.32,4.0675,0.13458,0.15678,20.889,22.911,-30.5,-30.26
100,3653,3658,SMART1 O02,SMART1 O08,63,66,6.32,4.068,0.17361,0.20201,23.344,25.225,-29.49,-31.37
100,504,3653,SMART1 E01,SMART1 O02,32,63,6.32,4.4887,0.19463,0.17361,27.009,23.344,-29.84,-29.49
100,504,3661,SMART1 E01,SMART1 O12,32,68,6.32,4.7363,0.19463,0.11604,27.009,20.277,-29.84,-31.38
100,504,509,SMART1 E01,SMART1 O01,32,30,6.32,4.8556,0.19463,0.13458,27.009,20.889,-29.84,-30.5
101,519,535,Hemet Fire Station,San Jacinto - Valley Cemetary,12331,12202,6.06,3.8689,0.13433,0.066714,5.0647,3.7474,-67.83,-66.33
101,519,542,Hemet Fire Station,Winchester Page Bros R,12331,13201,6.06,4.1607,0.13433,0.10736,5.0647,4.5053,-67.83,-64.32
109,573,3671,SMART1 I01,SMART1 I12,62,27,7.3,0.0909,0.1387,0.12905,28.869,28.589,-57.13,-57.22
109,574,3667,SMART1 I07,SMART1 I06,61,26,7.3,0.1017,0.12323,0.11593,24.675,24.006,-57.31,-57.21
109,570,573,SMART1 C00,SMART1 I01,25,62,7.3,0.1933,0.139,0.1387,27.614,28.869,-57.22,-57.13
109,570,3671,SMART1 C00,SMART1 I12,25,27,7.3,0.1957,0.139,0.12905,27.614,28.589,-57.22,-57.22
109,570,3667,SMART1 C00,SMART1 I06,25,26,7.3,0.1985,0.139,0.11593,27.614,24.006,-57.22,-57.21
109,570,574,SMART1 C00,SMART1 I07,25,61,7.3,0.2042,0.139,0.12323,27.614,24.675,-57.22,-57.31
109,573,3667,SMART1 I01,SMART1 I06,62,26,7.3,0.3786,0.1387,0.11593,28.869,24.006,-57.13,-57.21
109,574,3671,SMART1 I07,SMART1 I12,61,27,7.3,0.3893,0.12323,0.12905,24.675,28.589,-57.31,-57.22
109,3667,3671,SMART1 I06,SMART1 I12,26,27,7.3,0.3941,0.11593,0.12905,24.006,28.589,-57.21,-57.22
109,573,574,SMART1 I01,SMART1 I07,62,61,7.3,0.3975,0.1387,0.12323,28.869,24.675,-57.13,-57.31
109,576,3676,SMART1 M07,SMART1 M06,29,60,7.3,0.5764,0.15688,0.15106,24.672,22.561,-57.74,-57.15
109,573,575,SMART1 I01,SMART1 M01,62,28,7.3,0.7623,0.1387,0.13876,28.869,24.02,-57.13,-56.79
109,575,3671,SMART1 M01,SMART1 I12,28,27,7.3,0.7867,0.13876,0.12905,24.02,28.589,-56.79,-57.22
109,3667,3676,SMART1 I06,SMART1 M06,26,60,7.3,0.8183,0.11593,0.15106,24.006,22.561,-57.21,-57.15
109,574,576,SMART1 I07,SMART1 M07,61,29,7.3,0.8202,0.12323,0.15688,24.675,24.672,-57.31,-57.74
109,574,3676,SMART1 I07,SMART1 M06,61,60,7.3,0.8448,0.12323,0.15106,24.675,22.561,-57.31,-57.15
109,571,581,SMART1 E01,SMART1 O07,32,31,7.3,0.855,0.16295,0.15634,24.234,21.129,-57.98,-57.99
109,576,3667,SMART1 M07,SMART1 I06,29,26,7.3,0.8634,0.15688,0.11593,24.672,24.006,-57.74,-57.21
109,580,581,SMART1 O06,SMART1 O07,65,31,7.3,0.8803,0.17321,0.15634,23.021,21.129,-57.08,-57.99
109,570,575,SMART1 C00,SMART1 M01,25,28,7.3,0.9556,0.139,0.13876,27.614,24.02,-57.22,-56.79
109,576,581,SMART1 M07,SMART1 O07,29,31,7.3,0.9786,0.15688,0.15634,24.672,21.129,-57.74,-57.99
109,577,584,SMART1 O01,SMART1 O12,30,68,7.3,0.989,0.15903,0.14315,22.361,23.424,-56.34,-57.31
109,580,3676,SMART1 O06,SMART1 M06,65,60,7.3,1.0063,0.17321,0.15106,23.021,22.561,-57.08,-57.15
109,570,3676,SMART1 C00,SMART1 M06,25,60,7.3,1.0168,0.139,0.15106,27.614,22.561,-57.22,-57.15
109,570,576,SMART1 C00,SMART1 M07,25,29,7.3,1.0239,0.139,0.15688,27.614,24.672,-57.22,-57.74
109,571,580,SMART1 E01,SMART1 O06,32,65,7.3,1.0819,0.16295,0.17321,24.234,23.021,-57.98,-57.08
109,581,582,SMART1 O07,SMART1 O08,31,66,7.3,1.1037,0.15634,0.15615,21.129,25.604,-57.99,-58.95
109,577,578,SMART1 O01,SMART1 O02,30,63,7.3,1.1148,0.15903,0.20324,22.361,25.288,-56.34,-55.53
109,575,577,SMART1 M01,SMART1 O01,28,30,7.3,1.1302,0.13876,0.15903,24.02,22.361,-56.79,-56.34
109,575,3667,SMART1 M01,SMART1 I06,28,26,7.3,1.1319,0.13876,0.11593,24.02,24.006,-56.79,-57.21
109,581,3676,SMART1 O07,SMART1 M06,31,60,7.3,1.1497,0.15634,0.15106,21.129,22.561,-57.99,-57.15
109,574,575,SMART1 I07,SMART1 M01,61,28,7.3,1.1598,0.12323,0.13876,24.675,24.02,-57.31,-56.79
109,573,3676,SMART1 I01,SMART1 M06,62,60,7.3,1.1882,0.1387,0.15106,28.869,22.561,-57.13,-57.15
109,576,3671,SMART1 M07,SMART1 I12,29,27,7.3,1.1976,0.15688,0.12905,24.672,28.589,-57.74,-57.22
109,576,582,SMART1 M07,SMART1 O08,29,66,7.3,1.1985,0.15688,0.15615,24.672,25.604,-57.74,-58.95
109,3671,3676,SMART1 I12,SMART1 M06,27,60,7.3,1.2123,0.12905,0.15106,28.589,22.561,-57.22,-57.15
109,573,576,SMART1 I01,SMART1 M07,62,29,7.3,1.217,0.1387,0.15688,28.869,24.672,-57.13,-57.74
109,575,584,SMART1 M01,SMART1 O12,28,68,7.3,1.2501,0.13876,0.14315,24.02,23.424,-56.79,-57.31
109,575,578,SMART1 M01,SMART1 O02,28,63,7.3,1.2833,0.13876,0.20324,24.02,25.288,-56.79,-55.53
109,576,580,SMART1 M07,SMART1 O06,29,65,7.3,1.2897,0.15688,0.17321,24.672,23.021,-57.74,-57.08
109,582,3676,SMART1 O08,SMART1 M06,66,60,7.3,1.7272,0.15615,0.15106,25.604,22.561,-58.95,-57.15
109,571,582,SMART1 E01,SMART1 O08,32,66,7.3,1.7427,0.16295,0.15615,24.234,25.604,-57.98,-58.95
109,579,3676,SMART1 O04,SMART1 M06,64,60,7.3,1.7456,0.15019,0.15106,27.637,22.561,-55.35,-57.15
109,574,581,SMART1 I07,SMART1 O07,61,31,7.3,1.7807,0.12323,0.15634,24.675,21.129,-57.31,-57.99
109,584,3671,SMART1 O12,SMART1 I12,68,27,7.3,1.8018,0.14315,0.12905,23.424,28.589,-57.31,-57.22
109,581,3667,SMART1 O07,SMART1 I06,31,26,7.3,1.8065,0.15634,0.11593,21.129,24.006,-57.99,-57.21
109,571,576,SMART1 E01,SMART1 M07,32,29,7.3,1.8176,0.16295,0.15688,24.234,24.672,-57.98,-57.74
109,580,3667,SMART1 O06,SMART1 I06,65,26,7.3,1.8246,0.17321,0.11593,23.021,24.006,-57.08,-57.21
109,573,584,SMART1 I01,SMART1 O12,62,68,7.3,1.8304,0.1387,0.14315,28.869,23.424,-57.13,-57.31
109,573,578,SMART1 I01,SMART1 O02,62,63,7.3,1.8481,0.1387,0.20324,28.869,25.288,-57.13,-55.53
109,574,580,SMART1 I07,SMART1 O06,61,65,7.3,1.8481,0.12323,0.17321,24.675,23.021,-57.31,-57.08
109,571,3676,SMART1 E01,SMART1 M06,32,60,7.3,1.8538,0.16295,0.15106,24.234,22.561,-57.98,-57.15
109,574,582,SMART1 I07,SMART1 O08,61,66,7.3,1.8796,0.12323,0.15615,24.675,25.604,-57.31,-58.95
109,573,577,SMART1 I01,SMART1 O01,62,30,7.3,1.8922,0.1387,0.15903,28.869,22.361,-57.13,-56.34
109,575,3676,SMART1 M01,SMART1 M06,28,60,7.3,1.9047,0.13876,0.15106,24.02,22.561,-56.79,-57.15
109,583,3671,SMART1 O10,SMART1 I12,67,27,7.3,1.9082,0.11826,0.12905,27.018,28.589,-59.01,-57.22
109,579,3667,SMART1 O04,SMART1 I06,64,26,7.3,1.9102,0.15019,0.11593,27.637,24.006,-55.35,-57.21
109,577,3671,SMART1 O01,SMART1 I12,30,27,7.3,1.9118,0.15903,0.12905,22.361,28.589,-56.34,-57.22
109,578,3671,SMART1 O02,SMART1 I12,63,27,7.3,1.9143,0.20324,0.12905,25.288,28.589,-55.53,-57.22
109,580,582,SMART1 O06,SMART1 O08,65,66,7.3,1.9469,0.17321,0.15615,23.021,25.604,-57.08,-58.95
109,582,3667,SMART1 O08,SMART1 I06,66,26,7.3,1.9565,0.15615,0.11593,25.604,24.006,-58.95,-57.21
109,578,579,SMART1 O02,SMART1 O04,63,64,7.3,1.9609,0.20324,0.15019,25.288,27.637,-55.53,-55.35
109,575,576,SMART1 M01,SMART1 M07,28,29,7.3,1.979,0.13876,0.15688,24.02,24.672,-56.79,-57.74
109,570,581,SMART1 C00,SMART1 O07,25,31,7.3,1.9843,0.139,0.15634,27.614,21.129,-57.22,-57.99
109,578,584,SMART1 O02,SMART1 O12,63,68,7.3,1.9877,0.20324,0.14315,25.288,23.424,-55.53,-57.31
109,570,583,SMART1 C00,SMART1 O10,25,67,7.3,1.9928,0.139,0.11826,27.614,27.018,-57.22,-59.01
109,583,584,SMART1 O10,SMART1 O12,67,68,7.3,1.9956,0.11826,0.14315,27.018,23.424,-59.01,-57.31
109,570,584,SMART1 C00,SMART1 O12,25,68,7.3,1.9974,0.139,0.14315,27.614,23.424,-57.22,-57.31
109,573,583,SMART1 I01,SMART1 O10,62,67,7.3,1.9983,0.1387,0.11826,28.869,27.018,-57.13,-59.01
109,570,579,SMART1 C00,SMART1 O04,25,64,7.3,1.9985,0.139,0.15019,27.614,27.637,-57.22,-55.35
109,573,579,SMART1 I01,SMART1 O04,62,64,7.3,2.005,0.1387,0.15019,28.869,27.637,-57.13,-55.35
109,574,579,SMART1 I07,SMART1 O04,61,64,7.3,2.0096,0.12323,0.15019,24.675,27.637,-57.31,-55.35
109,574,583,SMART1 I07,SMART1 O10,61,67,7.3,2.0097,0.12323,0.11826,24.675,27.018,-57.31,-59.01
109,570,578,SMART1 C00,SMART1 O02,25,63,7.3,2.0119,0.139,0.20324,27.614,25.288,-57.22,-55.53
109,570,580,SMART1 C00,SMART1 O06,25,65,7.3,2.0231,0.139,0.17321,27.614,23.021,-57.22,-57.08
109,579,580,SMART1 O04,SMART1 O06,64,65,7.3,2.0332,0.15019,0.17321,27.637,23.021,-55.35,-57.08
109,570,582,SMART1 C00,SMART1 O08,25,66,7.3,2.0583,0.139,0.15615,27.614,25.604,-57.22,-58.95
109,570,577,SMART1 C00,SMART1 O01,25,30,7.3,2.0855,0.139,0.15903,27.614,22.361,-57.22,-56.34
109,579,3671,SMART1 O04,SMART1 I12,64,27,7.3,2.0922,0.15019,0.12905,27.637,28.589,-55.35,-57.22
109,583,3667,SMART1 O10,SMART1 I06,67,26,7.3,2.102,0.11826,0.11593,27.018,24.006,-59.01,-57.21
109,578,3667,SMART1 O02,SMART1 I06,63,26,7.3,2.1168,0.20324,0.11593,25.288,24.006,-55.53,-57.21
109,571,572,SMART1 E01,SMART1 E02,32,33,7.3,2.1514,0.16295,0.1434,24.234,13.676,-57.98,-58.97
109,582,583,SMART1 O08,SMART1 O10,66,67,7.3,2.1564,0.15615,0.11826,25.604,27.018,-58.95,-59.01
109,581,3671,SMART1 O07,SMART1 I12,31,27,7.3,2.1666,0.15634,0.12905,21.129,28.589,-57.99,-57.22
109,573,581,SMART1 I01,SMART1 O07,62,31,7.3,2.177,0.1387,0.15634,28.869,21.129,-57.13,-57.99
109,582,3671,SMART1 O08,SMART1 I12,66,27,7.3,2.1794,0.15615,0.12905,25.604,28.589,-58.95,-57.22
109,574,584,SMART1 I07,SMART1 O12,61,68,7.3,2.1795,0.12323,0.14315,24.675,23.424,-57.31,-57.31
109,574,578,SMART1 I07,SMART1 O02,61,63,7.3,2.189,0.12323,0.20324,24.675,25.288,-57.31,-55.53
109,573,580,SMART1 I01,SMART1 O06,62,65,7.3,2.1925,0.1387,0.17321,28.869,23.021,-57.13,-57.08
109,575,583,SMART1 M01,SMART1 O10,28,67,7.3,2.1947,0.13876,0.11826,24.02,27.018,-56.79,-59.01
109,584,3667,SMART1 O12,SMART1 I06,68,26,7.3,2.1959,0.14315,0.11593,23.424,24.006,-57.31,-57.21
109,575,579,SMART1 M01,SMART1 O04,28,64,7.3,2.2004,0.13876,0.15019,24.02,27.637,-56.79,-55.35
109,576,583,SMART1 M07,SMART1 O10,29,67,7.3,2.2143,0.15688,0.11826,24.672,27.018,-57.74,-59.01
109,580,3671,SMART1 O06,SMART1 I12,65,27,7.3,2.2185,0.17321,0.12905,23.021,28.589,-57.08,-57.22
109,573,582,SMART1 I01,SMART1 O08,62,66,7.3,2.2325,0.1387,0.15615,28.869,25.604,-57.13,-58.95
109,577,3667,SMART1 O01,SMART1 I06,30,26,7.3,2.2613,0.15903,0.11593,22.361,24.006,-56.34,-57.21
109,574,577,SMART1 I07,SMART1 O01,61,30,7.3,2.2897,0.12323,0.15903,24.675,22.361,-57.31,-56.34
109,576,579,SMART1 M07,SMART1 O04,29,64,7.3,2.3027,0.15688,0.15019,24.672,27.637,-57.74,-55.35
109,571,574,SMART1 E01,SMART1 I07,32,61,7.3,2.5909,0.16295,0.12323,24.234,24.675,-57.98,-57.31
109,571,3667,SMART1 E01,SMART1 I06,32,26,7.3,2.6032,0.16295,0.11593,24.234,24.006,-57.98,-57.21
109,578,3676,SMART1 O02,SMART1 M06,63,60,7.3,2.6624,0.20324,0.15106,25.288,22.561,-55.53,-57.15
109,583,3676,SMART1 O10,SMART1 M06,67,60,7.3,2.6652,0.11826,0.15106,27.018,22.561,-59.01,-57.15
109,579,581,SMART1 O04,SMART1 O07,64,31,7.3,2.7186,0.15019,0.15634,27.637,21.129,-55.35,-57.99
109,570,571,SMART1 C00,SMART1 E01,25,32,7.3,2.7911,0.139,0.16295,27.614,24.234,-57.22,-57.98
109,577,583,SMART1 O01,SMART1 O10,30,67,7.3,2.8324,0.15903,0.11826,22.361,27.018,-56.34,-59.01
109,575,580,SMART1 M01,SMART1 O06,28,65,7.3,2.8891,0.13876,0.17321,24.02,23.021,-56.79,-57.08
109,577,579,SMART1 O01,SMART1 O04,30,64,7.3,2.8898,0.15903,0.15019,22.361,27.637,-56.34,-55.35
109,576,584,SMART1 M07,SMART1 O12,29,68,7.3,2.919,0.15688,0.14315,24.672,23.424,-57.74,-57.31
109,575,581,SMART1 M01,SMART1 O07,28,31,7.3,2.9376,0.13876,0.15634,24.02,21.129,-56.79,-57.99
109,575,582,SMART1 M01,SMART1 O08,28,66,7.3,2.9434,0.13876,0.15615,24.02,25.604,-56.79,-58.95
109,572,581,SMART1 E02,SMART1 O07,33,31,7.3,2.9488,0.1434,0.15634,13.676,21.129,-58.97,-57.99
109,581,583,SMART1 O07,SMART1 O10,31,67,7.3,2.9536,0.15634,0.11826,21.129,27.018,-57.99,-59.01
109,576,578,SMART1 M07,SMART1 O02,29,63,7.3,2.9563,0.15688,0.20324,24.672,25.288,-57.74,-55.53
109,571,3671,SMART1 E01,SMART1 I12,32,27,7.3,2.9802,0.16295,0.12905,24.234,28.589,-57.98,-57.22
109,571,573,SMART1 E01,SMART1 I01,32,62,7.3,2.9806,0.16295,0.1387,24.234,28.869,-57.98,-57.13
109,584,3676,SMART1 O12,SMART1 M06,68,60,7.3,3.0141,0.14315,0.15106,23.424,22.561,-57.31,-57.15
109,577,3676,SMART1 O01,SMART1 M06,30,60,7.3,3.0148,0.15903,0.15106,22.361,22.561,-56.34,-57.15
109,576,577,SMART1 M07,SMART1 O01,29,30,7.3,3.108,0.15688,0.15903,24.672,22.361,-57.74,-56.34
109,571,579,SMART1 E01,SMART1 O04,32,64,7.3,3.1132,0.16295,0.15019,24.234,27.637,-57.98,-55.35
109,572,580,SMART1 E02,SMART1 O06,33,65,7.3,3.1509,0.1434,0.17321,13.676,23.021,-58.97,-57.08
109,579,584,SMART1 O04,SMART1 O12,64,68,7.3,3.4248,0.15019,0.14315,27.637,23.424,-55.35,-57.31
109,572,582,SMART1 E02,SMART1 O08,33,66,7.3,3.4416,0.1434,0.15615,13.676,25.604,-58.97,-58.95
109,578,583,SMART1 O02,SMART1 O10,63,67,7.3,3.4586,0.20324,0.11826,25.288,27.018,-55.53,-59.01
109,579,582,SMART1 O04,SMART1 O08,64,66,7.3,3.4722,0.15019,0.15615,27.637,25.604,-55.35,-58.95
109,578,580,SMART1 O02,SMART1 O06,63,65,7.3,3.4816,0.20324,0.17321,25.288,23.021,-55.53,-57.08
109,580,583,SMART1 O06,SMART1 O10,65,67,7.3,3.5,0.17321,0.11826,23.021,27.018,-57.08,-59.01
109,582,584,SMART1 O08,SMART1 O12,66,68,7.3,3.5862,0.15615,0.14315,25.604,23.424,-58.95,-57.31
109,571,575,SMART1 E01,SMART1 M01,32,28,7.3,3.7317,0.16295,0.13876,24.234,24.02,-57.98,-56.79
109,571,583,SMART1 E01,SMART1 O10,32,67,7.3,3.7721,0.16295,0.11826,24.234,27.018,-57.98,-59.01
109,578,581,SMART1 O02,SMART1 O07,63,31,7.3,3.8073,0.20324,0.15634,25.288,21.129,-55.53,-57.99
109,581,584,SMART1 O07,SMART1 O12,31,68,7.3,3.8941,0.15634,0.14315,21.129,23.424,-57.99,-57.31
109,572,576,SMART1 E02,SMART1 M07,33,29,7.3,3.9265,0.1434,0.15688,13.676,24.672,-58.97,-57.74
109,577,580,SMART1 O01,SMART1 O06,30,65,7.3,3.9759,0.15903,0.17321,22.361,23.021,-56.34,-57.08
109,579,583,SMART1 O04,SMART1 O10,64,67,7.3,3.9907,0.15019,0.11826,27.637,27.018,-55.35,-59.01
109,572,3676,SMART1 E02,SMART1 M06,33,60,7.3,4.0051,0.1434,0.15106,13.676,22.561,-58.97,-57.15
109,580,584,SMART1 O06,SMART1 O12,65,68,7.3,4.0202,0.17321,0.14315,23.021,23.424,-57.08,-57.31
109,577,582,SMART1 O01,SMART1 O08,30,66,7.3,4.0229,0.15903,0.15615,22.361,25.604,-56.34,-58.95
109,577,581,SMART1 O01,SMART1 O07,30,31,7.3,4.0675,0.15903,0.15634,22.361,21.129,-56.34,-57.99
109,578,582,SMART1 O02,SMART1 O08,63,66,7.3,4.068,0.20324,0.15615,25.288,25.604,-55.53,-58.95
109,571,578,SMART1 E01,SMART1 O02,32,63,7.3,4.4887,0.16295,0.20324,24.234,25.288,-57.98,-55.53
109,572,574,SMART1 E02,SMART1 I07,33,61,7.3,4.7257,0.1434,0.12323,13.676,24.675,-58.97,-57.31
109,571,584,SMART1 E01,SMART1 O12,32,68,7.3,4.7363,0.16295,0.14315,24.234,23.424,-57.98,-57.31
109,572,3667,SMART1 E02,SMART1 I06,33,26,7.3,4.7448,0.1434,0.11593,13.676,24.006,-58.97,-57.21
109,571,577,SMART1 E01,SMART1 O01,32,30,7.3,4.8556,0.16295,0.15903,24.234,22.361,-57.98,-56.34
109,570,572,SMART1 C00,SMART1 E02,25,33,7.3,4.9283,0.139,0.1434,27.614,13.676,-57.22,-58.97
113,674,675,Pasadena - Brown Gym,Pasadena - CIT Athenaeum,80046,80053,5.99,0.1443,0.14064,0.14147,13.175,10.617,88.19,87.73
113,675,676,Pasadena - CIT Athenaeum,Pasadena - CIT Bridge Lab,80053,80052,5.99,0.1443,0.14147,0.16979,10.617,13.333,87.73,88.19
113,675,677,Pasadena - CIT Athenaeum,Pasadena - CIT Calif Blvd,80053,80047,5.99,0.1443,0.14147,0.22155,10.617,14.992,87.73,88.19
113,675,678,Pasadena - CIT Athenaeum,Pasadena - CIT Indust. Rel,80053,80051,5.99,0.1443,0.14147,0.24102,10.617,13.398,87.73,88.19
113,675,679,Pasadena - CIT Athenaeum,Pasadena - CIT Keck Lab,80053,80049,5.99,0.1443,0.14147,0.15842,10.617,11.934,87.73,88.19
113,675,681,Pasadena - CIT Athenaeum,Pasadena - CIT Lura St,80053,80048,5.99,0.1443,0.14147,0.34929,10.617,15.613,87.73,88.19
113,675,682,Pasadena - CIT Athenaeum,Pasadena - CIT Mudd Lab,80053,80050,5.99,0.1443,0.14147,0.16139,10.617,14.307,87.73,88.19
113,629,630,LA - Century City CC North,LA - Century City CC South,24389,24390,5.99,0.2152,0.09187,0.063378,5.0123,4.2564,-8.08,-8.32
113,655,656,Leona Valley #5 - Ritter,Leona Valley #6,24055,24309,5.99,0.5227,0.050495,0.040111,2.2485,2.0663,70.9,70.71
113,593,673,Arleta - Nordhoff Fire Sta,Panorama City - Roscoe,24087,90007,5.99,1.581,0.089394,0.10648,5.4351,6.7512,25.73,23.31
113,658,659,Malibu - Point Dume Sch,Malibu - W Pacific Cst Hwy,24396,90051,5.99,1.649,0.044519,0.03889,2.3171,2.2856,-14.2,-13.12
113,673,695,Panorama City - Roscoe,Sun Valley - Roscoe Blvd,90007,90006,5.99,1.934,0.10648,0.20052,6.7512,10.004,23.31,25.02
113,590,683,Altadena - Eaton Canyon,Pasadena - Old House Rd,24402,90095,5.99,1.9349,0.22712,0.27789,8.9038,9.82,90.0,90.0
113,596,694,Beverly Hills - 12520 Mulhol,Studio City - Ventura & Coldwater Cyn Av,90014,90010,5.99,2.2088,0.11363,0.22331,6.4131,12.213,7.79,11.59
113,698,699,Sylmar - Olive View Med FF,Sylmar - Sayre St,24514,90001,5.99,2.315,0.056201,0.046336,3.8134,3.375,36.7,35.15
113,593,672,Arleta - Nordhoff Fire Sta,Pacoima Kagel Canyon USC,24087,90005,5.99,2.3396,0.089394,0.13182,5.4351,6.8665,25.73,29.57
113,593,695,Arleta - Nordhoff Fire Sta,Sun Valley - Roscoe Blvd,24087,90006,5.99,2.3496,0.089394,0.20052,5.4351,10.004,25.73,25.02
113,599,669,Brea - S Flower Av,Orange Co. Reservoir,90087,697,5.99,2.4247,0.10786,0.19268,6.6908,9.2234,-141.46,-148.81
113,596,643,Beverly Hills - 12520 Mulhol,LA - Wonderland Ave,90014,90017,5.99,2.7177,0.11363,0.046453,6.4131,1.6732,7.79,6.13
113,611,645,Compton - Castlegate St,LB - Orange Ave,90078,90080,5.99,2.7229,0.32104,0.21472,24.264,23.169,-81.94,-88.83
113,675,691,Pasadena - CIT Athenaeum,San Marino - SW Academy,80053,24401,5.99,2.7943,0.14147,0.17342,10.617,9.802,87.73,83.71
113,614,615,Downey - Birchdale,Downey - Co Maint Bldg,90079,14368,5.99,2.8036,0.31881,0.18366,28.534,23.498,-90.0,-88.42
113,674,691,Pasadena - Brown Gym,San Marino - SW Academy,80046,24401,5.99,2.9283,0.14064,0.17342,13.175,9.802,88.19,83.71
113,676,691,Pasadena - CIT Bridge Lab,San Marino - SW Academy,80052,24401,5.99,2.9283,0.16979,0.17342,13.333,9.802,88.19,83.71
113,677,691,Pasadena - CIT Calif Blvd,San Marino - SW Academy,80047,24401,5.99,2.9283,0.22155,0.17342,14.992,9.802,88.19,83.71
113,678,691,Pasadena - CIT Indust. Rel,San Marino - SW Academy,80051,24401,5.99,2.9283,0.24102,0.17342,13.398,9.802,88.19,83.71
113,679,691,Pasadena - CIT Keck Lab,San Marino - SW Academy,80049,24401,5.99,2.9283,0.15842,0.17342,11.934,9.802,88.19,83.71
113,681,691,Pasadena - CIT Lura St,San Marino - SW Academy,80048,24401,5.99,2.9283,0.34929,0.17342,15.613,9.802,88.19,83.71
113,682,691,Pasadena - CIT Mudd Lab,San Marino - SW Academy,80050,24401,5.99,2.9283,0.16139,0.17342,14.307,9.802,88.19,83.71
113,597,694,Beverly Hills - 14145 Mulhol,Studio City - Ventura & Coldwater Cyn Av,90013,90010,5.99,2.9323,0.11469,0.22331,8.0441,12.213,6.98,11.59
113,664,695,N Hollywood - Coldwater Can,Sun Valley - Roscoe Blvd,90009,90006,5.99,3.1143,0.17743,0.20052,10.512,10.004,21.19,25.02
113,596,597,Beverly Hills - 12520 Mulhol,Beverly Hills - 14145 Mulhol,90014,90013,5.99,3.1785,0.11363,0.11469,6.4131,8.0441,7.79,6.98
113,625,626,Inglewood - Union Oil,LA - 116th St School,14196,14403,5.99,3.1931,0.24541,0.30671,15.752,19.718,-61.44,-60.54
113,672,695,Pacoima Kagel Canyon USC,Sun Valley - Roscoe Blvd,90005,90006,5.99,3.226,0.13182,0.20052,6.8665,10.004,29.57,25.02
113,629,636,LA - Century City CC North,LA - N Faring Rd,24389,90016,5.99,3.2878,0.09187,0.055826,5.0123,2.6534,-8.08,-2.24
113,640,642,LA - S Grand Ave,LA - W 70th St,90022,90023,5.99,3.3539,0.18717,0.16134,8.8871,14.141,-32.85,-41.81
113,630,636,LA - Century City CC South,LA - N Faring Rd,24390,90016,5.99,3.475,0.063378,0.055826,4.2564,2.6534,-8.32,-2.24
113,668,692,"Norwalk - Imp Hwy, S Grnd",Santa Fe Springs - E.Joslin,634,90077,5.99,3.5859,0.18271,0.45947,20.256,33.066,-90.0,-90.0
113,632,634,LA - Cypress Ave,LA - Fletcher Dr,90033,90034,5.99,3.6217,0.14255,0.20296,8.1332,15.113,14.17,23.31
113,672,673,Pacoima Kagel Canyon USC,Panorama City - Roscoe,90005,90007,5.99,3.7127,0.13182,0.10648,6.8665,6.7512,29.57,23.31
113,607,608,Carson - Catskill Ave,Carson - Water St,90040,90081,5.99,3.8473,0.047487,0.11267,2.8943,10.088,-75.17,-78.23
113,611,615,Compton - Castlegate St,Downey - Co Maint Bldg,90078,14368,5.99,3.8587,0.32104,0.18366,24.264,23.498,-81.94,-88.42
113,635,638,LA - Hollywood Stor FF,LA - N Westmoreland,24303,90021,5.99,3.8791,0.15209,0.21335,7.7893,9.4388,1.58,1.12
113,632,637,LA - Cypress Ave,LA - N Figueroa St,90033,90032,5.99,3.9716,0.14255,0.15745,8.1332,11.784,14.17,40.93
113,599,600,Brea - S Flower Av,Brea Dam (Downstream),90087,951,5.99,4.0674,0.10786,0.25849,6.6908,10.653,-141.46,-129.19
113,627,641,LA - Baldwin Hills,LA - Saturn St,24157,90091,5.99,4.1512,0.15487,0.13776,6.8809,5.6693,-23.85,-12.91
113,654,660,Lawndale - Osage Ave,Manhattan Beach - Manhattan,90045,90046,5.99,4.1532,0.055301,,5.5615,,-52.04,-48.69
113,664,673,N Hollywood - Coldwater Can,Panorama City - Roscoe,90009,90007,5.99,4.1598,0.17743,0.10648,10.512,6.7512,21.19,23.31
113,612,613,Covina - S Grand Ave,Covina - W Badillo,90068,90070,5.99,4.1739,0.066502,0.1036,5.6592,7.8852,153.62,143.24
113,589,619,Alhambra - Fremont School,Garvey Res. - Control Bldg,24461,709,5.99,4.2079,0.31079,0.43646,20.114,19.003,38.52,-90.0
113,594,616,Baldwin Park - N Holly,El Monte - Fairview Av,90069,90066,5.99,4.2161,0.11061,0.2121,6.7166,14.365,116.56,90.0
113,631,636,LA - Chalon Rd,LA - N Faring Rd,90015,90016,5.99,4.2492,0.029336,0.055826,1.7942,2.6534,-3.82,-2.24
113,613,705,Covina - W Badillo,West Covina - S Orange Ave,90070,90071,5.99,4.2607,0.1036,0.15443,7.8852,8.9236,143.24,149.04
113,608,646,Carson - Water St,LB - Rancho Los Cerritos,90081,14242,5.99,4.2718,0.11267,0.17731,10.088,18.407,-78.23,-87.08
113,690,691,San Gabriel - E Grand Ave,San Marino - SW Academy,90019,24401,5.99,4.3275,0.25916,0.17342,20.401,9.802,90.0,83.71
113,592,616,Arcadia - Campus Dr,El Monte - Fairview Av,90093,90066,5.99,4.4018,0.27958,0.2121,13.61,14.365,90.0,90.0
113,589,639,Alhambra - Fremont School,LA - Obregon Park,24461,24400,5.99,4.4854,0.31079,0.40647,20.114,17.743,38.52,-37.31
113,594,705,Baldwin Park - N Holly,West Covina - S Orange Ave,90069,90071,5.99,4.4866,0.11061,0.15443,6.7166,8.9236,116.56,149.04
113,633,640,LA - E Vernon Ave,LA - S Grand Ave,90025,90022,5.99,4.5182,0.16103,0.18717,9.6838,8.8871,-43.07,-32.85
113,637,680,LA - N Figueroa St,Pasadena - CIT Kresge Lab,90032,80054,5.99,4.5386,0.15745,0.10337,11.784,7.9201,40.93,62.16
113,628,684,LA - Centinela St,Playa Del Rey - Saran,90054,90047,5.99,4.5599,0.058104,0.02933,2.5952,2.3834,-22.42,-31.08
113,622,650,Hacienda Heights - Colima,La Puente - Rimgrove Av,90073,90072,5.99,4.6189,0.19588,0.13673,7.3801,5.8636,-154.62,178.69
113,643,694,LA - Wonderland Ave,Studio City - Ventura & Coldwater Cyn Av,90017,90010,5.99,4.6191,0.046453,0.22331,1.6732,12.213,6.13,11.59
113,635,643,LA - Hollywood Stor FF,LA - Wonderland Ave,24303,90017,5.99,4.6231,0.15209,0.046453,7.7893,1.6732,1.58,6.13
113,595,615,Bell Gardens - Jaboneria,Downey - Co Maint Bldg,90094,14368,5.99,4.634,0.23156,0.18366,23.619,23.498,-87.88,-88.42
113,590,674,Altadena - Eaton Canyon,Pasadena - Brown Gym,24402,80046,5.99,4.6694,0.22712,0.14064,8.9038,13.175,90.0,88.19
113,590,676,Altadena - Eaton Canyon,Pasadena - CIT Bridge Lab,24402,80052,5.99,4.6694,0.22712,0.16979,8.9038,13.333,90.0,88.19
113,590,677,Altadena - Eaton Canyon,Pasadena - CIT Calif Blvd,24402,80047,5.99,4.6694,0.22712,0.22155,8.9038,14.992,90.0,88.19
113,590,678,Altadena - Eaton Canyon,Pasadena - CIT Indust. Rel,24402,80051,5.99,4.6694,0.22712,0.24102,8.9038,13.398,90.0,88.19
113,590,679,Altadena - Eaton Canyon,Pasadena - CIT Keck Lab,24402,80049,5.99,4.6694,0.22712,0.15842,8.9038,11.934,90.0,88.19
113,590,681,Altadena - Eaton Canyon,Pasadena - CIT Lura St,24402,80048,5.99,4.6694,0.22712,0.34929,8.9038,15.613,90.0,88.19
113,590,682,Altadena - Eaton Canyon,Pasadena - CIT Mudd Lab,24402,80050,5.99,4.6694,0.22712,0.16139,8.9038,14.307,90.0,88.19
113,620,648,Glendale - Las Palmas,La Crescenta - New York,90063,90060,5.99,4.7251,0.23146,0.15394,13.682,11.081,51.14,51.62
113,675,680,Pasadena - CIT Athenaeum,Pasadena - CIT Kresge Lab,80053,80054,5.99,4.7339,0.14147,0.10337,10.617,7.9201,87.73,62.16
113,597,636,Beverly Hills - 14145 Mulhol,LA - N Faring Rd,90013,90016,5.99,4.7955,0.11469,0.055826,8.0441,2.6534,6.98,-2.24
113,674,680,Pasadena - Brown Gym,Pasadena - CIT Kresge Lab,80046,80054,5.99,4.7989,0.14064,0.10337,13.175,7.9201,88.19,62.16
113,676,680,Pasadena - CIT Bridge Lab,Pasadena - CIT Kresge Lab,80052,80054,5.99,4.7989,0.16979,0.10337,13.333,7.9201,88.19,62.16
113,677,680,Pasadena - CIT Calif Blvd,Pasadena - CIT Kresge Lab,80047,80054,5.99,4.7989,0.22155,0.10337,14.992,7.9201,88.19,62.16
113,678,680,Pasadena - CIT Indust. Rel,Pasadena - CIT Kresge Lab,80051,80054,5.99,4.7989,0.24102,0.10337,13.398,7.9201,88.19,62.16
113,679,680,Pasadena - CIT Keck Lab,Pasadena - CIT Kresge Lab,80049,80054,5.99,4.7989,0.15842,0.10337,11.934,7.9201,88.19,62.16
113,680,681,Pasadena - CIT Kresge Lab,Pasadena - CIT Lura St,80054,80048,5.99,4.7989,0.10337,0.34929,7.9201,15.613,62.16,88.19
113,680,682,Pasadena - CIT Kresge Lab,Pasadena - CIT Mudd Lab,80054,80050,5.99,4.7989,0.10337,0.16139,7.9201,14.307,62.16,88.19
113,590,675,Altadena - Eaton Canyon,Pasadena - CIT Athenaeum,24402,80053,5.99,4.811,0.22712,0.14147,8.9038,10.617,90.0,87.73
113,645,646,LB - Orange Ave,LB - Rancho Los Cerritos,90080,14242,5.99,4.8525,0.21472,0.17731,23.169,18.407,-88.83,-87.08
113,615,645,Downey - Co Maint Bldg,LB - Orange Ave,14368,90080,5.99,4.853,0.18366,0.21472,23.498,23.169,-88.42,-88.83
113,674,683,Pasadena - Brown Gym,Pasadena - Old House Rd,80046,90095,5.99,4.9628,0.14064,0.27789,13.175,9.82,88.19,90.0
113,676,683,Pasadena - CIT Bridge Lab,Pasadena - Old House Rd,80052,90095,5.99,4.9628,0.16979,0.27789,13.333,9.82,88.19,90.0
113,677,683,Pasadena - CIT Calif Blvd,Pasadena - Old House Rd,80047,90095,5.99,4.9628,0.22155,0.27789,14.992,9.82,88.19,90.0
113,678,683,Pasadena - CIT Indust. Rel,Pasadena - Old House Rd,80051,90095,5.99,4.9628,0.24102,0.27789,13.398,9.82,88.19,90.0
113,679,683,Pasadena - CIT Keck Lab,Pasadena - Old House Rd,80049,90095,5.99,4.9628,0.15842,0.27789,11.934,9.82,88.19,90.0
113,681,683,Pasadena - CIT Lura St,Pasadena - Old House Rd,80048,90095,5.99,4.9628,0.34929,0.27789,15.613,9.82,88.19,90.0
113,682,683,Pasadena - CIT Mudd Lab,Pasadena - Old House Rd,80050,90095,5.99,4.9628,0.16139,0.27789,14.307,9.82,88.19,90.0
113,606,669,Carbon Canyon Dam,Orange Co. Reservoir,108,697,5.99,4.9726,0.17949,0.19268,7.4005,9.2234,-150.98,-148.81
113,619,690,Garvey Res. - Control Bldg,San Gabriel - E Grand Ave,709,90019,5.99,4.9873,0.43646,0.25916,19.003,20.401,-90.0,90.0
113,628,693,LA - Centinela St,Santa Monica - Second St,90054,90048,5.99,4.9976,0.058104,0.036312,2.5952,3.9134,-22.42,-19.75
114,3732,3737,Panorama City - Roscoe,Sun Valley - Roscoe Blvd,90007,90006,5.27,1.934,0.032856,0.080417,2.0947,3.3185,126.6,127.9
114,708,3733,Altadena - Eaton Canyon,Pasadena - Old House Rd,24402,90095,5.27,1.9349,0.22134,0.38617,11.154,13.646,-168.78,-159.07
114,3688,3736,Beverly Hills - 12520 Mulhol,Studio City - Ventura & Coldwater Cyn Av,90014,90010,5.27,2.2088,0.034721,0.069396,1.5322,3.5977,110.53,114.31
114,3688,3718,Beverly Hills - 12520 Mulhol,LA - Wonderland Ave,90014,90017,5.27,2.7177,0.034721,0.018387,1.5322,0.68918,110.53,108.33
114,3698,3724,Compton - Castlegate St,LB - Orange Ave,90078,90080,5.27,2.7229,0.089323,0.054081,4.0814,4.9225,41.06,33.45
114,709,3701,Downey - Co Maint Bldg,Downey - Birchdale,14368,90079,5.27,2.8036,0.059673,0.14618,5.1722,6.2366,37.78,27.17
114,3728,3737,N Hollywood - Coldwater Can,Sun Valley - Roscoe Blvd,90009,90006,5.27,3.1143,0.038844,0.080417,2.5939,3.3185,123.76,127.9
114,710,711,Inglewood - Union Oil,LA - 116th St School,14196,14403,5.27,3.1931,0.11568,0.13897,8.8927,10.574,58.36,60.7
114,3731,3737,Pacoima Kagel Canyon USC,Sun Valley - Roscoe Blvd,90005,90006,5.27,3.226,0.049526,0.080417,2.2067,3.3185,132.64,127.9
114,3715,3717,LA - S Grand Ave,LA - W 70th St,90022,90023,5.27,3.3539,0.12761,0.1323,7.4111,12.386,86.01,77.56
114,3709,3711,LA - Cypress Ave,LA - Fletcher Dr,90033,90034,5.27,3.6217,0.07409,0.10774,4.0154,6.1226,104.39,116.15
114,3731,3732,Pacoima Kagel Canyon USC,Panorama City - Roscoe,90005,90007,5.27,3.7127,0.049526,0.032856,2.2067,2.0947,132.64,126.6
114,3696,3697,Carson - Catskill Ave,Carson - Water St,90040,90081,5.27,3.8473,0.015864,0.047857,1.5041,5.0202,42.7,40.79
114,709,3698,Downey - Co Maint Bldg,Compton - Castlegate St,14368,90078,5.27,3.8587,0.059673,0.089323,5.1722,4.0814,37.78,41.06
114,713,3714,LA - Hollywood Stor FF,LA - N Westmoreland,24303,90021,5.27,3.8791,0.072352,0.066625,3.3483,3.591,102.88,100.68
114,3709,3713,LA - Cypress Ave,LA - N Figueroa St,90033,90032,5.27,3.9716,0.07409,0.086831,4.0154,5.1861,104.39,122.36
114,712,3716,LA - Baldwin Hills,LA - Saturn St,24157,90091,5.27,4.1512,0.097625,0.080226,8.5947,3.1284,90.0,90.92
114,3723,3726,Lawndale - Osage Ave,Manhattan Beach - Manhattan,90045,90046,5.27,4.1532,0.033147,0.038741,4.3445,4.3529,65.28,67.5
114,3728,3732,N Hollywood - Coldwater Can,Panorama City - Roscoe,90009,90007,5.27,4.1598,0.038844,0.032856,2.5939,2.0947,123.76,126.6
114,3699,3700,Covina - S Grand Ave,Covina - W Badillo,90068,90070,5.27,4.1739,0.027537,0.066662,2.6225,4.5567,-90.0,-90.0
114,3686,3702,Baldwin Park - N Holly,El Monte - Fairview Av,90069,90066,5.27,4.2161,0.05244,0.15512,4.0678,9.153,-90.91,-91.03
114,3700,3743,Covina - W Badillo,West Covina - S Orange Ave,90070,90071,5.27,4.2607,0.066662,0.071374,4.5567,4.7312,-90.0,-89.91
114,716,3734,San Marino - SW Academy,San Gabriel - E Grand Ave,24401,90019,5.27,4.3275,0.17794,0.13171,11.734,9.559,153.15,-147.14
114,3685,3702,Arcadia - Campus Dr,El Monte - Fairview Av,90093,90066,5.27,4.4018,0.16922,0.15512,11.638,9.153,-123.92,-91.03
114,707,714,Alhambra - Fremont School,LA - Obregon Park,24461,24400,5.27,4.4854,0.19436,0.32222,9.4594,16.305,90.0,90.0
114,3686,3743,Baldwin Park - N Holly,West Covina - S Orange Ave,90069,90071,5.27,4.4866,0.05244,0.071374,4.0678,4.7312,-90.91,-89.91
114,3710,3715,LA - E Vernon Ave,LA - S Grand Ave,90025,90022,5.27,4.5182,0.11109,0.12761,9.6004,7.4111,80.91,86.01
114,3707,3721,Hacienda Heights - Colima,La Puente - Rimgrove Av,90073,90072,5.27,4.6189,0.094299,0.073174,4.364,4.0975,-56.26,-72.89
114,3718,3736,LA - Wonderland Ave,Studio City - Ventura & Coldwater Cyn Av,90017,90010,5.27,4.6191,0.018387,0.069396,0.68918,3.5977,108.33,114.31
114,713,3718,LA - Hollywood Stor FF,LA - Wonderland Ave,24303,90017,5.27,4.6231,0.072352,0.018387,3.3483,0.68918,102.88,108.33
114,709,3687,Downey - Co Maint Bldg,Bell Gardens - Jaboneria,14368,90094,5.27,4.634,0.059673,0.12133,5.1722,9.5648,37.78,45.2
114,3704,3719,Glendale - Las Palmas,La Crescenta - New York,90063,90060,5.27,4.7251,0.18904,0.10334,8.4732,6.0763,147.56,150.85
114,709,3724,Downey - Co Maint Bldg,LB - Orange Ave,14368,90080,5.27,4.853,0.059673,0.054081,5.1722,4.9225,37.78,33.45
116,720,729,Calipatria Fire Station,Imperial Valley Wildlife Liquefaction Array,5061,5210,6.54,3.4996,0.23735,0.20194,15.705,31.613,-90.0,-90.0
118,809,810,UCSC,UCSC Lick Observatory,15,58135,6.93,0.1776,0.37348,0.45619,11.896,21.811,90.0,90.0
118,776,777,Hollister - South & Pine,Hollister City Hall,47524,1028,6.93,0.3474,0.28678,0.23371,51.01,44.665,-9.98,-10.13
118,763,765,Gilroy - Gavilan Coll.,Gilroy Array #1,47006,47379,6.93,0.3553,0.33673,0.43322,27.366,32.699,-43.31,-43.51
118,754,755,Coyote Lake Dam (Downst),Coyote Lake Dam - Southwest Abutment,57504,57217,6.93,0.673,0.16297,0.34283,19.181,30.989,-90.0,-90.0
118,749,750,Berkeley - Strawberry Canyon,Berkeley LBL,1005,58471,6.93,1.034,0.055303,0.091233,7.0769,15.425,-141.81,-142.25
118,761,762,Fremont - Emerson Court,Fremont - Mission San Jose,1686,57064,6.93,1.0424,0.14869,0.1329,13.407,12.51,-115.46,-114.03
118,773,774,Hayward - BART Sta,Hayward City Hall - North,58498,1129,6.93,1.0609,0.15833,0.052689,12.099,5.8386,-133.54,-133.07
118,763,766,Gilroy - Gavilan Coll.,Gilroy Array #2,47006,47380,6.93,1.4621,0.33673,0.35685,27.366,38.096,-43.31,-48.29
118,733,773,APEEL 2E Hayward Muir Sch,Hayward - BART Sta,58393,58498,6.93,1.4878,0.15743,0.15833,14.881,12.099,-133.31,-133.54
118,735,736,APEEL 7 - Pulgas,APEEL 9 - Crystal Springs Res,58378,1161,6.93,1.6748,0.11989,0.1114,15.64,18.215,-165.37,-167.39
118,765,766,Gilroy Array #1,Gilroy Array #2,47379,47380,6.93,1.7383,0.43322,0.35685,32.699,38.096,-43.51,-48.29
118,733,734,APEEL 2E Hayward Muir Sch,APEEL 3E Hayward CSUH,58393,58219,6.93,1.8487,0.15743,0.081274,14.881,6.6284,-133.31,-131.3
118,766,767,Gilroy Array #2,Gilroy Array #3,47380,47381,6.93,1.8614,0.35685,0.49823,38.096,43.521,-48.29,-49.4
118,759,760,Foster City - APEEL 1,Foster City - Menhaden Court,58375,1515,6.93,1.8661,0.28314,0.11019,36.945,21.145,-152.33,-153.47
118,767,768,Gilroy Array #3,Gilroy Array #4,47381,57382,6.93,1.9923,0.49823,0.31057,43.521,38.386,-49.4,-54.74
118,731,736,APEEL 10 - Skyline,APEEL 9 - Crystal Springs Res,58373,1161,6.93,2.0196,0.093941,0.1114,18.309,18.215,-169.94,-167.39
118,802,803,Saratoga - Aloha Ave,Saratoga - W Valley Coll.,58065,58235,6.93,2.0969,0.36939,0.29645,47.326,63.856,-131.33,-117.75
118,808,813,Treasure Island,Yerba Buena Island,58117,58163,6.93,2.2621,0.1362,0.057222,25.629,10.099,-151.15,-151.02
118,795,798,SF - Pacific Heights,SF - Telegraph Hill,58131,58133,6.93,2.344,0.054501,0.06022,10.991,7.2422,-155.73,-154.0
118,797,798,SF - Rincon Hill,SF - Telegraph Hill,58151,58133,6.93,2.4093,0.078602,0.06022,9.1161,7.2422,-153.61,-154.0
118,771,796,Golden Gate Bridge,SF - Presidio,1678,58222,6.93,2.4397,0.16475,0.14767,30.709,24.031,-157.68,-157.26
118,733,774,APEEL 2E Hayward Muir Sch,Hayward City Hall - North,58393,1129,6.93,2.4463,0.15743,0.052689,14.881,5.8386,-133.31,-133.07
118,795,796,SF - Pacific Heights,SF - Presidio,58131,58222,6.93,2.4704,0.054501,0.14767,10.991,24.031,-155.73,-157.26
118,734,773,APEEL 3E Hayward CSUH,Hayward - BART Sta,58219,58498,6.93,2.6329,0.081274,0.15833,6.6284,12.099,-131.3,-133.54
118,732,759,APEEL 2 - Redwood City,Foster City - APEEL 1,1002,58375,6.93,2.9039,0.2435,0.28314,43.945,36.945,-156.05,-152.33
118,734,774,APEEL 3E Hayward CSUH,Hayward City Hall - North,58219,1129,6.93,3.0661,0.081274,0.052689,6.6284,5.8386,-131.3,-133.07
118,732,760,APEEL 2 - Redwood City,Foster City - Menhaden Court,1002,1515,6.93,3.084,0.2435,0.11019,43.945,21.145,-156.05,-153.47
118,735,748,APEEL 7 - Pulgas,Belmont - Envirotech,58378,58262,6.93,3.1445,0.11989,0.10953,15.64,14.709,-165.37,-162.43
118,764,766,Gilroy - Historic Bldg.,Gilroy Array #2,57476,47380,6.93,3.2166,0.27618,0.35685,32.117,38.096,-66.22,-48.29
118,763,767,Gilroy - Gavilan Coll.,Gilroy Array #3,47006,47381,6.93,3.2409,0.33673,0.49823,27.366,43.521,-43.31,-49.4
118,731,735,APEEL 10 - Skyline,APEEL 7 - Pulgas,58373,58378,6.93,3.3186,0.093941,0.11989,18.309,15.64,-169.94,-165.37
118,784,788,Oakland - Title & Trust,Piedmont Jr High School Grounds,58224,58338,6.93,3.3445,0.21199,0.075944,28.232,9.2327,-145.01,-142.44
118,795,797,SF - Pacific Heights,SF - Rincon Hill,58131,58151,6.93,3.3688,0.054501,0.078602,10.991,9.1161,-155.73,-153.61
118,797,813,SF - Rincon Hill,Yerba Buena Island,58151,58163,6.93,3.5215,0.078602,0.057222,9.1161,10.099,-153.61,-151.02
118,765,767,Gilroy Array #1,Gilroy Array #3,47379,47381,6.93,3.5566,0.43322,0.49823,32.699,43.521,-43.51,-49.4
118,787,805,Palo Alto - SLAC Lab,Stanford Park. Garage,1601,17,6.93,3.6111,0.23512,,35.02,,-160.01,-153.24
118,766,768,Gilroy Array #2,Gilroy Array #4,47380,57382,6.93,3.6854,0.35685,0.31057,38.096,38.386,-48.29,-54.74
118,752,811,Capitola,WAHO,47125,14,6.93,3.7328,0.46822,0.5373,38.854,29.52,90.0,90.0
118,779,3548,LGPC,Los Gatos - Lexington Dam,16,57180,6.93,3.7364,0.59012,0.4438,83.531,91.449,90.0,-90.0
118,764,767,Gilroy - Historic Bldg.,Gilroy Array #3,57476,47381,6.93,3.8174,0.27618,0.49823,32.117,43.521,-66.22,-49.4
118,758,783,"Emeryville; Pacific Park #2, Free Field",Oakland - Outer Harbor Wharf,1662,58472,6.93,3.8297,0.23685,0.2829,34.111,41.663,-145.83,-147.88
118,798,808,SF - Telegraph Hill,Treasure Island,58133,58117,6.93,3.929,0.06022,0.1362,7.2422,25.629,-154.0,-151.15
118,763,764,Gilroy - Gavilan Coll.,Gilroy - Historic Bldg.,47006,57476,6.93,4.004,0.33673,0.27618,27.366,32.117,-43.31,-66.22
118,764,765,Gilroy - Historic Bldg.,Gilroy Array #1,57476,47379,6.93,4.0119,0.27618,0.43322,32.117,32.699,-66.22,-43.51
118,798,813,SF - Telegraph Hill,Yerba Buena Island,58133,58163,6.93,4.1531,0.06022,0.057222,7.2422,10.099,-154.0,-151.02
118,783,813,Oakland - Outer Harbor Wharf,Yerba Buena Island,58472,58163,6.93,4.1825,0.2829,0.057222,41.663,10.099,-147.88,-151.02
118,783,784,Oakland - Outer Harbor Wharf,Oakland - Title & Trust,58472,58224,6.93,4.2017,0.2829,0.21199,41.663,28.232,-147.88,-145.01
118,764,768,Gilroy - Historic Bldg.,Gilroy Array #4,57476,57382,6.93,4.2673,0.27618,0.31057,32.117,38.386,-66.22,-54.74
118,792,794,SF - 1295 Shafter,SF - Diamond Heights,1675,58130,6.93,4.3432,0.087445,0.10587,9.3835,12.341,-155.59,-158.03
118,787,812,Palo Alto - SLAC Lab,Woodside,1601,58127,6.93,4.3552,0.23512,0.081566,35.02,16.286,-160.01,-165.18
118,768,769,Gilroy Array #4,Gilroy Array #6,57382,57383,6.93,4.3716,0.31057,0.16374,38.386,13.894,-54.74,-60.21
118,777,778,Hollister City Hall,Hollister Differential Array,1028,1656,6.93,4.3808,0.23371,0.28051,44.665,43.121,-10.13,-17.59
118,796,798,SF - Presidio,SF - Telegraph Hill,58222,58133,6.93,4.4757,0.14767,0.06022,24.031,7.2422,-157.26,-154.0
118,769,770,Gilroy Array #6,Gilroy Array #7,57383,57425,6.93,4.5062,0.16374,0.31222,13.894,16.454,-60.21,-57.8
118,771,795,Golden Gate Bridge,SF - Pacific Heights,1678,58131,6.93,4.589,0.16475,0.054501,30.709,10.991,-157.68,-155.73
118,797,808,SF - Rincon Hill,Treasure Island,58151,58117,6.93,4.6159,0.078602,0.1362,9.1161,25.629,-153.61,-151.15
118,771,793,Golden Gate Bridge,SF - Cliff House,1678,58132,6.93,4.6581,0.16475,0.090198,30.709,16.543,-157.68,-160.95
118,776,778,Hollister - South & Pine,Hollister Differential Array,47524,1656,6.93,4.67,0.28678,0.28051,51.01,43.121,-9.98,-17.59
118,775,791,Hollister - SAGO Vault,SAGO South - Surface,1032,47189,6.93,4.7352,0.051259,0.069607,7.3444,10.8,9.91,5.71
118,771,789,Golden Gate Bridge,Point Bonita,1678,58043,6.93,4.7428,0.16475,0.073533,30.709,11.488,-157.68,-159.81
118,736,748,APEEL 9 - Crystal Springs Res,Belmont - Envirotech,1161,58262,6.93,4.7887,0.1114,0.10953,18.215,14.709,-167.39,-162.43
118,757,786,Dumbarton Bridge West End FF,Palo Alto - 1900 Embarc.,58664,58264,6.93,4.8262,0.12681,0.2028,19.054,36.023,-143.89,-142.32
118,758,784,"Emeryville; Pacific Park #2, Free Field",Oakland - Title & Trust,1662,58224,6.93,4.889,0.23685,0.21199,34.111,28.232,-145.83,-145.01
118,732,748,APEEL 2 - Redwood City,Belmont - Envirotech,1002,58262,6.93,4.9191,0.2435,0.10953,43.945,14.709,-156.05,-162.43
120,817,819,Baz,Oni,21,20,6.2,1.1632,0.041965,0.055806,2.0924,2.6211,-36.41,-34.83
125,882,3757,North Palm Springs,North Palm Springs Fire Sta #36,5070,5295,7.28,0.4588,0.13073,0.13359,13.068,12.796,-153.7,-152.75
125,834,835,Arcadia - Arcadia Av,Arcadia - Campus Dr,90099,90093,7.28,2.1432,0.028606,0.049089,9.4197,9.435,-77.09,-77.39
125,847,874,Compton - Castlegate St,LB - Orange Ave,90078,90080,7.28,2.7229,0.064557,0.05836,14.745,16.107,-82.91,-83.87
125,863,865,Inglewood - Union Oil,LA - 116th St School,14196,14403,7.28,3.1931,0.039,0.04209,13.338,13.279,-81.25,-80.79
125,871,873,LA - S Grand Ave,LA - W 70th St,90022,90023,7.28,3.3539,0.036466,0.059545,13.282,15.478,-77.92,-78.75
125,880,3753,Mission Creek Fault,Fun Valley,100,5069,7.28,3.551,0.12347,0.21019,12.49,19.963,-178.7,174.72
125,847,851,Compton - Castlegate St,Downey - Co Maint Bldg,90078,14368,7.28,3.8587,0.064557,0.046025,14.745,16.002,-82.91,-82.62
125,869,872,LA - N Westmoreland,LA - W 15th St,90021,90020,7.28,4.1142,0.03545,0.029788,8.8764,10.571,-74.92,-76.23
125,837,853,Baldwin Park - N Holly,El Monte - Fairview Av,90069,90066,7.28,4.2161,0.027942,0.04208,10.594,12.124,-79.85,-79.23
125,849,899,Covina - W Badillo,West Covina - S Orange Ave,90070,90071,7.28,4.2607,0.050363,0.046907,14.274,14.231,-81.66,-81.79
125,835,853,Arcadia - Campus Dr,El Monte - Fairview Av,90093,90066,7.28,4.4018,0.049089,0.04208,9.435,12.124,-77.39,-79.23
125,837,899,Baldwin Park - N Holly,West Covina - S Orange Ave,90069,90071,7.28,4.4866,0.027942,0.046907,10.594,14.231,-79.85,-81.79
125,866,871,LA - E Vernon Ave,LA - S Grand Ave,90025,90022,7.28,4.5182,0.037726,0.036466,12.204,13.282,-78.76,-77.92
125,859,877,Hacienda Heights - Colima,La Puente - Rimgrove Av,90073,90072,7.28,4.6189,0.049429,0.040006,9.3505,10.222,-84.89,-84.07
125,839,851,Bell Gardens - Jaboneria,Downey - Co Maint Bldg,90094,14368,7.28,4.634,0.037595,0.046025,11.455,16.002,-81.39,-82.62
125,857,875,Glendale - Las Palmas,La Crescenta - New York,90063,90060,7.28,4.7251,0.050314,0.026186,4.5636,6.1786,-71.41,-69.59
125,871,872,LA - S Grand Ave,LA - W 15th St,90022,90020,7.28,4.7801,0.036466,0.029788,13.282,10.571,-77.92,-76.23
125,851,874,Downey - Co Maint Bldg,LB - Orange Ave,14368,90080,7.28,4.853,0.046025,0.05836,16.002,16.107,-82.62,-83.87
126,912,914,LA - City Terrace,Los Angeles - 7-story Univ Hospital (FF),24592,24605,6.46,2.6811,0.050804,0.046775,5.2577,4.3176,-150.58,-149.96
126,906,932,Hemet Fire Station,San Jacinto - Valley Cemetary,12331,12202,6.46,3.8689,0.0897,0.053602,4.484,3.9414,130.41,128.58
126,930,931,San Bernardino - 2nd & Arrowhead,San Bernardino - E & Hospitality,23522,23542,6.46,4.2414,0.10238,0.094653,9.8069,13.097,-155.84,-162.54
126,913,914,LA - Temple & Hope,Los Angeles - 7-story Univ Hospital (FF),24611,24605,6.46,4.4343,0.025373,0.046775,3.5045,4.3176,-149.9,-149.96
127,1021,1022,Lake Hughes #4 - Camp Mend,Lake Hughes #4B - Camp Mend,24469,24523,6.69,0.0915,0.075756,0.047223,6.0644,4.2624,-101.4,-101.25
127,1028,1029,Leona Valley #2,Leona Valley #3,24306,24307,6.69,0.1112,0.075345,0.085849,7.519,8.5469,-90.0,-90.0
127,1027,1028,Leona Valley #1,Leona Valley #2,24305,24306,6.69,0.144,0.078738,0.075345,6.9052,7.519,-90.0,-90.0
127,1027,1029,Leona Valley #1,Leona Valley #3,24305,24307,6.69,0.2405,0.078738,0.085849,6.9052,8.5469,-90.0,-90.0
127,1029,1030,Leona Valley #3,Leona Valley #4,24307,24308,6.69,0.2405,0.085849,0.07412,8.5469,9.4138,-90.0,-90.0
127,1030,1031,Leona Valley #4,Leona Valley #5 - Ritter,24308,24055,6.69,0.2405,0.07412,0.1262,9.4138,13.379,-90.0,-90.0
127,1028,1030,Leona Valley #2,Leona Valley #4,24306,24308,6.69,0.3459,0.075345,0.07412,7.519,9.4138,-90.0,-90.0
127,1027,1030,Leona Valley #1,Leona Valley #4,24305,24308,6.69,0.4448,0.078738,0.07412,6.9052,9.4138,-90.0,-90.0
127,1029,1031,Leona Valley #3,Leona Valley #5 - Ritter,24307,24055,6.69,0.481,0.085849,0.1262,8.5469,13.379,-90.0,-90.0
127,1031,1032,Leona Valley #5 - Ritter,Leona Valley #6,24055,24309,6.69,0.5227,0.1262,0.14229,13.379,12.374,-90.0,-90.0
127,982,1084,Jensen Filter Plant Administrative Building,Sylmar - Converter Sta,655,74,6.69,0.5622,0.52425,0.69753,97.617,102.56,90.0,90.0
127,1028,1031,Leona Valley #2,Leona Valley #5 - Ritter,24306,24055,6.69,0.5853,0.075345,0.1262,7.519,13.379,-90.0,-90.0
127,1027,1031,Leona Valley #1,Leona Valley #5 - Ritter,24305,24055,6.69,0.6734,0.078738,0.1262,6.9052,13.379,-90.0,-90.0
127,1030,1032,Leona Valley #4,Leona Valley #6,24308,24309,6.69,0.6918,0.07412,0.14229,9.4138,12.374,-90.0,-90.0
127,1084,1085,Sylmar - Converter Sta,Sylmar - Converter Sta East,74,75,6.69,0.8341,0.69753,0.6861,102.56,88.996,90.0,90.0
127,1029,1032,Leona Valley #3,Leona Valley #6,24307,24309,6.69,0.8943,0.085849,0.14229,8.5469,12.374,-90.0,-90.0
127,1028,1032,Leona Valley #2,Leona Valley #6,24306,24309,6.69,1.0049,0.075345,0.14229,7.519,12.374,-90.0,-90.0
127,1027,1032,Leona Valley #1,Leona Valley #6,24305,24309,6.69,1.1269,0.078738,0.14229,6.9052,12.374,-90.0,-90.0
127,982,1085,Jensen Filter Plant Administrative Building,Sylmar - Converter Sta East,655,75,6.69,1.3777,0.52425,0.6861,97.617,88.996,90.0,90.0
127,1013,1063,LA Dam,Rinaldi Receiving Sta,0,77,6.69,1.5168,0.35455,0.70785,67.133,114.4,90.0,90.0
127,986,1009,LA - Brentwood VA Hospital,LA - Wadsworth VA Hospital North,638,5082,6.69,1.6487,0.17847,,20.798,,64.11,61.57
127,990,999,LA - City Terrace,LA - Obregon Park,24592,24400,6.69,1.8924,0.26944,0.48514,13.688,20.514,16.85,19.38
127,1001,1002,LA - S Grand Ave,LA - S. Vermont Ave,90022,90096,6.69,1.9259,0.25935,0.10507,19.971,7.9915,34.76,34.73
127,1013,1084,LA Dam,Sylmar - Converter Sta,0,74,6.69,1.9967,0.35455,0.69753,67.133,102.56,90.0,90.0
127,1013,1085,LA Dam,Sylmar - Converter Sta East,0,75,6.69,2.0099,0.35455,0.6861,67.133,88.996,90.0,90.0
127,988,1006,LA - Century City CC North,LA - UCLA Grounds,24389,24688,6.69,2.0127,0.23216,0.39297,21.979,21.985,55.17,59.38
127,1006,1009,LA - UCLA Grounds,LA - Wadsworth VA Hospital North,24688,5082,6.69,2.0946,0.39297,,21.985,,59.38,61.57
127,947,948,Arcadia - Arcadia Av,Arcadia - Campus Dr,90099,90093,6.69,2.1432,0.09158,0.10895,9.29,6.5497,-2.7,-4.57
127,986,1006,LA - Brentwood VA Hospital,LA - UCLA Grounds,638,24688,6.69,2.2796,0.17847,0.39297,20.798,21.985,64.11,59.38
127,982,1013,Jensen Filter Plant Administrative Building,LA Dam,655,0,6.69,2.3307,0.52425,0.35455,97.617,67.133,90.0,90.0
127,949,1082,Arleta - Nordhoff Fire Sta,Sun Valley - Roscoe Blvd,24087,90006,6.69,2.3496,0.32924,0.34535,29.289,32.419,63.08,51.53
127,996,1006,LA - N Faring Rd,LA - UCLA Grounds,90016,24688,6.69,2.364,0.27013,0.39297,20.687,21.985,58.63,59.38
127,978,995,Hollywood - Willoughby Ave,LA - Hollywood Stor FF,90018,24303,6.69,2.4046,0.20419,0.32937,21.524,23.169,43.37,37.92
127,1000,1008,LA - Pico & Sentous,LA - W 15th St,24612,90020,6.69,2.4976,0.13989,0.13829,13.1,12.477,30.62,34.52
127,996,1081,LA - N Faring Rd,Stone Canyon,90016,78,6.69,2.6045,0.27013,,20.687,,58.63,63.34
127,990,1007,LA - City Terrace,Los Angeles - 7-story Univ Hospital (FF),24592,24605,6.69,2.6811,0.26944,0.3496,13.688,22.194,16.85,18.9
127,942,990,Alhambra - Fremont School,LA - City Terrace,24461,24592,6.69,2.7047,0.087741,0.26944,8.7483,13.688,12.61,16.85
127,952,1011,Beverly Hills - 12520 Mulhol,LA - Wonderland Ave,90014,90017,6.69,2.7177,0.53527,0.14082,30.376,12.203,50.65,45.01
127,967,968,Downey - Birchdale,Downey - Co Maint Bldg,90079,14368,6.69,2.8036,0.14627,0.21671,9.554,13.817,25.21,27.69
127,1002,1008,LA - S. Vermont Ave,LA - W 15th St,90096,90020,6.69,2.8547,0.10507,0.13829,7.9915,12.477,34.73,34.52
127,1000,1002,LA - Pico & Sentous,LA - S. Vermont Ave,24612,90096,6.69,2.8563,0.13989,0.10507,13.1,7.9915,30.62,34.73
127,1000,1005,LA - Pico & Sentous,LA - Temple & Hope,24612,24611,6.69,2.9104,0.13989,0.17161,13.1,16.035,30.62,25.47
127,1046,1047,Newport Bch - Irvine Ave. F.S,Newport Bch - Newp & Coast,13160,13610,6.69,2.9505,0.047642,0.09298,4.418,6.295,24.42,26.3
127,986,989,LA - Brentwood VA Hospital,LA - Chalon Rd,638,90015,6.69,3.0478,0.17847,0.20143,20.798,22.367,64.11,68.63
127,1042,1082,N Hollywood - Coldwater Can,Sun Valley - Roscoe Blvd,90009,90006,6.69,3.1143,0.26844,0.34535,24.169,32.419,49.21,51.53
127,1062,1073,Rancho Palos Verdes - Luconia,San Pedro - Palos Verdes,90044,14159,6.69,3.1284,0.14104,0.095537,9.0792,6.3654,49.76,47.92
127,952,953,Beverly Hills - 12520 Mulhol,Beverly Hills - 14145 Mulhol,90014,90013,6.69,3.1785,0.53527,0.43974,30.376,59.805,50.65,59.92
127,953,1081,Beverly Hills - 14145 Mulhol,Stone Canyon,90013,78,6.69,3.1919,0.43974,,59.805,,59.92,63.34
127,981,984,Inglewood - Union Oil,LA - 116th St School,14196,14403,6.69,3.1931,0.096938,0.16985,8.404,12.431,40.17,36.96
127,978,1011,Hollywood - Willoughby Ave,LA - Wonderland Ave,90018,90017,6.69,3.204,0.20419,0.14082,21.524,12.203,43.37,45.01
127,988,1009,LA - Century City CC North,LA - Wadsworth VA Hospital North,24389,5082,6.69,3.2769,0.23216,,21.979,,55.17,61.57
127,988,996,LA - Century City CC North,LA - N Faring Rd,24389,90016,6.69,3.2878,0.23216,0.27013,21.979,20.687,55.17,58.63
127,999,1007,LA - Obregon Park,Los Angeles - 7-story Univ Hospital (FF),24400,24605,6.69,3.3351,0.48514,0.3496,20.514,22.194,19.38,18.9
127,989,1081,LA - Chalon Rd,Stone Canyon,90015,78,6.69,3.3369,0.20143,,22.367,,68.63,63.34
127,1063,1085,Rinaldi Receiving Sta,Sylmar - Converter Sta East,77,75,6.69,3.458,0.70785,0.6861,114.4,88.996,90.0,90.0
127,1063,1084,Rinaldi Receiving Sta,Sylmar - Converter Sta,77,74,6.69,3.5133,0.70785,0.69753,114.4,102.56,90.0,90.0
127,1004,1063,LA - Sepulveda VA Hospital,Rinaldi Receiving Sta,637,77,6.69,3.5703,0.75323,0.70785,72.483,114.4,90.0,90.0
127,991,993,LA - Cypress Ave,LA - Fletcher Dr,90033,90034,6.69,3.6217,0.21574,0.2159,11.855,17.655,18.72,18.04
127,991,1007,LA - Cypress Ave,Los Angeles - 7-story Univ Hospital (FF),90033,24605,6.69,3.6393,0.21574,0.3496,11.855,22.194,18.72,18.9
127,1085,1086,Sylmar - Converter Sta East,Sylmar - Olive View Med FF,75,24514,6.69,3.7376,0.6861,0.64005,88.996,94.527,90.0,-90.0
127,982,1063,Jensen Filter Plant Administrative Building,Rinaldi Receiving Sta,655,77,6.69,3.8231,0.52425,0.70785,97.617,114.4,90.0,90.0
127,961,962,Carson - Catskill Ave,Carson - Water St,90040,90081,6.69,3.8473,0.087389,0.088724,6.3098,7.6952,42.56,39.02
127,964,968,Compton - Castlegate St,Downey - Co Maint Bldg,90078,14368,6.69,3.8587,0.10078,0.21671,8.054,13.817,31.96,27.69
127,986,996,LA - Brentwood VA Hospital,LA - N Faring Rd,638,90016,6.69,3.8741,0.17847,0.27013,20.798,20.687,64.11,58.63
127,995,998,LA - Hollywood Stor FF,LA - N Westmoreland,24303,90021,6.69,3.8791,0.32937,0.35068,23.169,24.005,37.92,31.09
127,991,1005,LA - Cypress Ave,LA - Temple & Hope,90033,24611,6.69,3.9096,0.21574,0.17161,11.855,16.035,18.72,25.47
127,949,1004,Arleta - Nordhoff Fire Sta,LA - Sepulveda VA Hospital,24087,637,6.69,3.9382,0.32924,0.75323,29.289,72.483,63.08,90.0
127,991,997,LA - Cypress Ave,LA - N Figueroa St,90033,90032,6.69,3.9716,0.21574,0.15967,11.855,8.9727,18.72,11.31
127,994,998,LA - Griffith Park Observatory,LA - N Westmoreland,141,90021,6.69,4.0041,,0.35068,,24.005,26.94,31.09
127,1073,1088,San Pedro - Palos Verdes,Terminal Island - S Seaside,14159,90082,6.69,4.0133,0.095537,0.16938,6.3654,14.792,47.92,44.45
127,998,1008,LA - N Westmoreland,LA - W 15th St,90021,90020,6.69,4.1142,0.35068,0.13829,24.005,12.477,31.09,34.52
127,1020,1023,Lake Hughes #12A,Lake Hughes #9,24607,127,6.69,4.1183,0.21765,0.19399,10.224,9.1081,-112.32,-113.5
127,986,988,LA - Brentwood VA Hospital,LA - Century City CC North,638,24389,6.69,4.1452,0.17847,0.23216,20.798,21.979,64.11,55.17
127,985,1003,LA - Baldwin Hills,LA - Saturn St,24157,90091,6.69,4.1512,0.18746,0.44289,16.585,39.504,46.56,43.92
127,971,1019,Elizabeth Lake,Lake Hughes #1,24575,24271,6.69,4.1527,0.13636,0.082674,8.4514,9.3182,-90.0,-96.28
127,1026,1035,Lawndale - Osage Ave,Manhattan Beach - Manhattan,90045,90046,6.69,4.1532,0.10616,0.15725,8.9633,13.713,47.93,53.03
127,1069,3550,San Bernardino - E & Hospitality,"Loma Linda; VA Hospital, North Freefield",23542,5229,6.69,4.1705,0.093288,,6.3344,,-18.32,-18.04
127,965,966,Covina - S Grand Ave,Covina - W Badillo,90068,90070,6.69,4.1739,0.06685,0.092943,5.9148,5.9882,-6.53,-5.6
127,950,970,Baldwin Park - N Holly,El Monte - Fairview Av,90069,90066,6.69,4.2161,0.1249,0.14843,5.1294,10.496,-4.21,-0.81
127,945,1027,Anaverde Valley - City R,Leona Valley #1,24576,24305,6.69,4.233,0.048679,0.078738,5.4826,6.9052,-87.57,-90.0
127,989,996,LA - Chalon Rd,LA - N Faring Rd,90015,90016,6.69,4.2492,0.20143,0.27013,22.367,20.687,68.63,58.63
127,966,1094,Covina - W Badillo,West Covina - S Orange Ave,90070,90071,6.69,4.2607,0.092943,0.063927,5.9882,6.7623,-5.6,-1.34
127,962,1015,Carson - Water St,LB - Rancho Los Cerritos,90081,14242,6.69,4.2718,0.088724,0.068081,7.6952,5.8362,39.02,34.73
127,1000,1001,LA - Pico & Sentous,LA - S Grand Ave,24612,90022,6.69,4.2892,0.13989,0.25935,13.1,19.971,30.62,34.76
127,1070,1072,San Gabriel - E Grand Ave,San Marino - SW Academy,90019,24401,6.69,4.3275,0.20426,0.13697,9.2817,7.2194,4.71,4.57
127,989,1006,LA - Chalon Rd,LA - UCLA Grounds,90015,24688,6.69,4.3554,0.20143,0.39297,22.367,21.985,68.63,59.38
127,945,1028,Anaverde Valley - City R,Leona Valley #2,24576,24306,6.69,4.3595,0.048679,0.075345,5.4826,7.519,-87.57,-90.0
127,996,1009,LA - N Faring Rd,LA - Wadsworth VA Hospital North,90016,5082,6.69,4.3702,0.27013,,20.687,,58.63,61.57
127,948,970,Arcadia - Campus Dr,El Monte - Fairview Av,90093,90066,6.69,4.4018,0.10895,0.14843,6.5497,10.496,-4.57,-0.81
127,945,1029,Anaverde Valley - City R,Leona Valley #3,24576,24307,6.69,4.4033,0.048679,0.085849,5.4826,8.5469,-87.57,-90.0
127,945,1030,Anaverde Valley - City R,Leona Valley #4,24576,24308,6.69,4.4159,0.048679,0.07412,5.4826,9.4138,-87.57,-90.0
127,1005,1007,LA - Temple & Hope,Los Angeles - 7-story Univ Hospital (FF),24611,24605,6.69,4.4343,0.17161,0.3496,16.035,22.194,25.47,18.9
127,945,1031,Anaverde Valley - City R,Leona Valley #5 - Ritter,24576,24055,6.69,4.4415,0.048679,0.1262,5.4826,13.379,-87.57,-90.0
127,1006,1081,LA - UCLA Grounds,Stone Canyon,24688,78,6.69,4.4723,0.39297,,21.985,,59.38,63.34
127,942,999,Alhambra - Fremont School,LA - Obregon Park,24461,24400,6.69,4.4854,0.087741,0.48514,8.7483,20.514,12.61,19.38
127,950,1094,Baldwin Park - N Holly,West Covina - S Orange Ave,90069,90071,6.69,4.4866,0.1249,0.063927,5.1294,6.7623,-4.21,-1.34
127,1050,1086,Pacoima Dam (downstr),Sylmar - Olive View Med FF,24207,24514,6.69,4.4965,0.42372,0.64005,34.621,94.527,-79.95,-90.0
127,942,1007,Alhambra - Fremont School,Los Angeles - 7-story Univ Hospital (FF),24461,24605,6.69,4.51,0.087741,0.3496,8.7483,22.194,12.61,18.9
127,992,1001,LA - E Vernon Ave,LA - S Grand Ave,90025,90022,6.69,4.5182,0.1464,0.25935,10.682,19.971,28.54,34.76
127,1084,1086,Sylmar - Converter Sta,Sylmar - Olive View Med FF,74,24514,6.69,4.5419,0.69753,0.64005,102.56,94.527,90.0,-90.0
127,987,1057,LA - Centinela St,Playa Del Rey - Saran,90054,90047,6.69,4.5599,0.32505,0.10306,23.144,15.397,57.79,57.95
127,1068,1069,San Bernardino - Co Service Bldg - Freefield,San Bernardino - E & Hospitality,5245,23542,6.69,4.5822,,0.093288,,6.3344,-20.74,-18.32
127,976,1018,Hacienda Heights - Colima,La Puente - Rimgrove Av,90073,90072,6.69,4.6189,0.062913,0.10893,4.1863,7.913,5.36,0.7
127,995,1011,LA - Hollywood Stor FF,LA - Wonderland Ave,24303,90017,6.69,4.6231,0.32937,0.14082,23.169,12.203,37.92,45.01
127,951,968,Bell Gardens - Jaboneria,Downey - Co Maint Bldg,90094,14368,6.69,4.634,0.080332,0.21671,8.6168,13.817,23.87,27.69
127,1050,1052,Pacoima Dam (downstr),Pacoima Kagel Canyon,24207,24088,6.69,4.6448,0.42372,0.37291,34.621,40.587,-79.95,-25.73
127,989,1009,LA - Chalon Rd,LA - Wadsworth VA Hospital North,90015,5082,6.69,4.6828,0.20143,,22.367,,68.63,61.57
127,974,1016,Glendale - Las Palmas,La Crescenta - New York,90063,90060,6.69,4.7251,0.26006,0.18338,10.446,12.174,-0.76,-8.84
127,978,1003,Hollywood - Willoughby Ave,LA - Saturn St,90018,90091,6.69,4.7602,0.20419,0.44289,21.524,39.504,43.37,43.92
127,1001,1008,LA - S Grand Ave,LA - W 15th St,90022,90020,6.69,4.7801,0.25935,0.13829,19.971,12.477,34.76,34.52
127,953,996,Beverly Hills - 14145 Mulhol,LA - N Faring Rd,90013,90016,6.69,4.7955,0.43974,0.27013,59.805,20.687,59.92,58.63
127,994,995,LA - Griffith Park Observatory,LA - Hollywood Stor FF,141,24303,6.69,4.8226,,0.32937,,23.169,26.94,37.92
127,986,1081,LA - Brentwood VA Hospital,Stone Canyon,638,78,6.69,4.8715,0.17847,,20.798,,64.11,63.34
127,947,1055,Arcadia - Arcadia Av,Pasadena - N Sierra Madre,90099,90095,6.69,4.8828,0.09158,0.23087,9.29,12.872,-2.7,-7.68
127,945,1032,Anaverde Valley - City R,Leona Valley #6,24576,24309,6.69,4.9081,0.048679,0.14229,5.4826,12.374,-87.57,-90.0
127,951,1038,Bell Gardens - Jaboneria,Montebello - Bluff Rd.,90094,90011,6.69,4.9182,0.080332,0.16409,8.6168,9.1015,23.87,17.64
127,979,1079,Huntington Bch - Waikiki,Seal Beach - Office Bldg,90083,14578,6.69,4.9807,0.083306,0.079514,6.5239,6.2504,28.58,29.92
127,998,1000,LA - N Westmoreland,LA - Pico & Sentous,90021,24612,6.69,4.9992,0.35068,0.13989,24.005,13.1,31.09,30.62
138,1612,1617,Lamont 1059,Lamont 375,1059,375,7.14,0.4037,0.14613,0.68064,10.926,27.888,-17.2,-21.8
138,1614,1615,Lamont 1061,Lamont 1062,1061,1062,7.14,2.3831,0.1177,0.20666,11.522,14.63,-20.21,-23.49
138,1615,1618,Lamont 1062,Lamont 531,1062,531,7.14,3.6943,0.20666,0.15138,14.63,11.83,-23.49,-47.23
138,1617,1618,Lamont 375,Lamont 531,375,531,7.14,4.7869,0.68064,0.15138,27.888,11.83,-21.8,-47.23
138,1612,1618,Lamont 1059,Lamont 531,1059,531,7.14,4.885,0.14613,0.15138,10.926,11.83,-17.2,-47.23
145,1643,1644,LA - City Terrace,LA - Obregon Park,24592,24400,5.61,1.8924,0.098356,0.21979,5.5589,11.362,-28.21,-29.22
145,1646,1647,Pasadena - USGS/NSMP Office,San Marino - SW Academy,5296,24401,5.61,2.4147,0.23178,0.13694,16.414,8.3726,-20.15,-25.73
147,1659,1661,LA - City Terrace,LA - Obregon Park,24592,24400,6.05,1.8924,0.092161,0.063325,2.3173,1.6964,114.93,117.69
147,1658,3764,LA - Century City CC North,LA - UCLA Grounds,24389,24688,6.05,2.0127,0.083339,0.16972,4.1286,5.4993,145.69,149.87
147,1659,1663,LA - City Terrace,Los Angeles - 7-story Univ Hospital (FF),24592,24605,6.05,2.6811,0.092161,0.04259,2.3173,1.1593,114.93,115.63
147,1655,1656,Inglewood - Union Oil,LA - 116th St School,14196,14403,6.05,3.1931,0.020472,0.031519,1.1509,1.3768,141.63,137.63
147,1661,1663,LA - Obregon Park,Los Angeles - 7-story Univ Hospital (FF),24400,24605,6.05,3.3351,0.063325,0.04259,1.6964,1.1593,117.69,115.63
147,1662,1663,LA - Temple & Hope,Los Angeles - 7-story Univ Hospital (FF),24611,24605,6.05,4.4343,0.029351,0.04259,1.1075,1.1593,120.31,115.63
149,1678,1680,LA - City Terrace,Los Angeles - 7-story Univ Hospital (FF),24592,24605,5.93,2.6811,0.034527,0.021827,1.4292,0.92592,147.1,147.38
149,1679,1680,LA - Temple & Hope,Los Angeles - 7-story Univ Hospital (FF),24611,24605,5.93,4.4343,0.012576,0.021827,0.69256,0.92592,150.13,147.38
151,1739,3768,Tarzana - Cedar Hill A,Tarzana - Club House,24436,24103,5.28,0.184,0.30988,0.23009,12.738,6.9423,-90.0,-90.0
151,1703,1736,Jensen Filter Plant Administrative Building,Sylmar - Converter Sta,655,74,5.28,0.5622,0.23937,0.20819,17.637,16.772,59.41,62.72
151,1736,1737,Sylmar - Converter Sta,Sylmar - Converter Sta East,74,75,5.28,0.8341,0.20819,0.14001,16.772,8.6697,62.72,67.26
151,1703,1737,Jensen Filter Plant Administrative Building,Sylmar - Converter Sta East,655,75,5.28,1.3777,0.23937,0.14001,17.637,8.6697,59.41,67.26
151,3770,3772,LA - 1955 1/2 Purdue Ave. Bsmt,LA - Wadsworth VA Hospital South,5284,5082,5.28,1.4443,0.12676,0.083122,5.9536,3.0861,-136.62,-135.44
151,1693,1725,Arleta - Nordhoff Fire Sta,Panorama City - Roscoe,24087,90007,5.28,1.581,0.12628,0.12528,5.4737,5.632,93.26,106.07
151,1725,1733,Panorama City - Roscoe,Sun Valley - Roscoe Blvd,90007,90006,5.28,1.934,0.12528,0.12468,5.632,5.4311,106.07,119.29
151,1707,3769,LA - Century City CC North,LA - UCLA Grounds,24389,24688,5.28,2.0127,0.1237,0.10533,5.6407,4.4507,-146.62,-140.4
151,3769,3772,LA - UCLA Grounds,LA - Wadsworth VA Hospital South,24688,5082,5.28,2.0946,0.10533,0.083122,4.4507,3.0861,-140.4,-135.44
151,1694,3776,Beverly Hills - 12520 Mulhol,Studio City - Ventura & Coldwater Cyn Av,90014,90010,5.28,2.2088,0.15472,0.27802,6.2837,12.068,-165.39,-170.57
151,1738,3767,Sylmar - Sayre St,Sylmar - Olive View Med FF,90001,24514,5.28,2.315,0.24328,0.16083,14.151,8.4569,88.6,80.27
151,1693,1733,Arleta - Nordhoff Fire Sta,Sun Valley - Roscoe Blvd,24087,90006,5.28,2.3496,0.12628,0.12468,5.4737,5.4311,93.26,119.29
151,1711,3769,LA - N Faring Rd,LA - UCLA Grounds,90016,24688,5.28,2.364,0.093822,0.10533,5.0696,4.4507,-144.15,-140.4
151,1701,1710,Hollywood - Willoughby Ave,LA - Hollywood Stor FF,90018,24303,5.28,2.4046,0.082009,0.21255,4.4963,6.3881,-166.45,-173.01
151,1726,1729,Pasadena - USGS/NSMP Office,San Marino - SW Academy,5296,24401,5.28,2.4147,0.041761,0.035731,1.4434,0.86603,154.82,158.92
151,1708,1713,LA - City Terrace,Los Angeles - 7-story Univ Hospital (FF),24592,24605,5.28,2.6811,0.049774,0.036373,1.4268,1.4482,172.62,173.42
151,1694,1715,Beverly Hills - 12520 Mulhol,LA - Wonderland Ave,90014,90017,5.28,2.7177,0.15472,0.052659,6.2837,2.0143,-165.39,-169.56
151,1733,3777,Sun Valley - Roscoe Blvd,N Hollywood - Coldwater Can,90006,90009,5.28,3.1143,0.12468,0.098665,5.4311,4.51,119.29,151.27
151,3769,3770,LA - UCLA Grounds,LA - 1955 1/2 Purdue Ave. Bsmt,24688,5284,5.28,3.1621,0.10533,0.12676,4.4507,5.9536,-140.4,-136.62
151,1702,1705,Inglewood - Union Oil,LA - 116th St School,14196,14403,5.28,3.1931,0.019525,0.023484,0.8302,0.94844,-156.67,-161.12
151,1701,1715,Hollywood - Willoughby Ave,LA - Wonderland Ave,90018,90017,5.28,3.204,0.082009,0.052659,4.4963,2.0143,-166.45,-169.56
151,1707,3772,LA - Century City CC North,LA - Wadsworth VA Hospital South,24389,5082,5.28,3.2769,0.1237,0.083122,5.6407,3.0861,-146.62,-135.44
151,1707,1711,LA - Century City CC North,LA - N Faring Rd,24389,90016,5.28,3.2878,0.1237,0.093822,5.6407,5.0696,-146.62,-144.15
151,1728,1737,Rinaldi Receiving Sta,Sylmar - Converter Sta East,77,75,5.28,3.458,0.5282,0.14001,30.324,8.6697,77.13,67.26
151,1728,1736,Rinaldi Receiving Sta,Sylmar - Converter Sta,77,74,5.28,3.5133,0.5282,0.20819,30.324,16.772,77.13,62.72
151,1707,3770,LA - Century City CC North,LA - 1955 1/2 Purdue Ave. Bsmt,24389,5284,5.28,3.5677,0.1237,0.12676,5.6407,5.9536,-146.62,-136.62
151,1728,3771,Rinaldi Receiving Sta,LA - Sepulveda VA Hospital,77,637,5.28,3.5703,0.5282,0.24998,30.324,10.597,77.13,90.0
151,1737,3767,Sylmar - Converter Sta East,Sylmar - Olive View Med FF,75,24514,5.28,3.7376,0.14001,0.16083,8.6697,8.4569,67.26,80.27
151,1703,1728,Jensen Filter Plant Administrative Building,Rinaldi Receiving Sta,655,77,5.28,3.8231,0.23937,0.5282,17.637,30.324,59.41,77.13
151,1693,3771,Arleta - Nordhoff Fire Sta,LA - Sepulveda VA Hospital,24087,637,5.28,3.9382,0.12628,0.24998,5.4737,10.597,93.26,90.0
151,1737,1738,Sylmar - Converter Sta East,Sylmar - Sayre St,75,90001,5.28,4.096,0.14001,0.24328,8.6697,14.151,67.26,88.6
151,1725,3777,Panorama City - Roscoe,N Hollywood - Coldwater Can,90007,90009,5.28,4.1598,0.12528,0.098665,5.632,4.51,106.07,151.27
151,1711,3774,LA - N Faring Rd,LA - Chalon Rd,90016,90015,5.28,4.2492,0.093822,0.072183,5.0696,4.4645,-144.15,-125.43
151,3769,3774,LA - UCLA Grounds,LA - Chalon Rd,24688,90015,5.28,4.3554,0.10533,0.072183,4.4507,4.4645,-140.4,-125.43
151,1711,3772,LA - N Faring Rd,LA - Wadsworth VA Hospital South,90016,5082,5.28,4.3702,0.093822,0.083122,5.0696,3.0861,-144.15,-135.44
151,1712,1713,LA - Temple & Hope,Los Angeles - 7-story Univ Hospital (FF),24611,24605,5.28,4.4343,0.027397,0.036373,1.211,1.4482,179.07,173.42
151,1725,3771,Panorama City - Roscoe,LA - Sepulveda VA Hospital,90007,637,5.28,4.5226,0.12528,0.24998,5.632,10.597,106.07,90.0
151,1736,3767,Sylmar - Converter Sta,Sylmar - Olive View Med FF,74,24514,5.28,4.5419,0.20819,0.16083,16.772,8.4569,62.72,80.27
151,1715,3776,LA - Wonderland Ave,Studio City - Ventura & Coldwater Cyn Av,90017,90010,5.28,4.6191,0.052659,0.27802,2.0143,12.068,-169.56,-170.57
151,1710,1715,LA - Hollywood Stor FF,LA - Wonderland Ave,24303,90017,5.28,4.6231,0.21255,0.052659,6.3881,2.0143,-173.01,-169.56
151,1728,1738,Rinaldi Receiving Sta,Sylmar - Sayre St,77,90001,5.28,4.6812,0.5282,0.24328,30.324,14.151,77.13,88.6
151,3772,3774,LA - Wadsworth VA Hospital South,LA - Chalon Rd,5082,90015,5.28,4.6828,0.083122,0.072183,3.0861,4.4645,-135.44,-125.43
151,1716,3779,La Crescenta - New York,Glendale - Las Palmas,90060,90063,5.28,4.7251,0.078119,0.15715,4.6027,5.3115,130.89,142.6
151,1721,3778,Newhall - Fire Sta,Chatsworth - Devonshire,24279,90004,5.28,4.7499,0.056528,0.22211,3.2162,9.1521,45.21,31.12
151,1696,1697,Burbank - Howard Rd.,Burbank - N Buena Vista,90059,90012,5.28,4.8104,0.060441,0.20043,4.0049,7.5113,141.31,158.12
151,1709,1710,LA - Griffith Park Observatory,LA - Hollywood Stor FF,141,24303,5.28,4.8226,0.048921,0.21255,2.3115,6.3881,172.09,-173.01
151,1736,1738,Sylmar - Converter Sta,Sylmar - Sayre St,74,90001,5.28,4.8996,0.20819,0.24328,16.772,14.151,62.72,88.6
157,1756,1758,Hollister - City Hall Annex,Hollister Differential Array,1575,1656,5.17,4.229,0.044918,0.043451,3.6881,1.8132,-93.22,-105.77
158,1801,3795,LA - Temple & Hope,Los Angeles - 1st & Figueroa,24611,24839,7.13,0.5638,0.022322,0.022588,6.145,6.5488,-74.92,-74.88
158,1800,3800,LA - Pico & Sentous,Los Angeles - Olive & Pico,24612,24838,7.13,0.9942,0.014689,0.018975,6.1069,6.6999,-75.13,-75.41
158,3809,3810,Newport Beach - Balboa & Medina,Newport Beach - Balboa Island,13876,13877,7.13,1.486,0.025507,0.031185,8.1143,6.6827,-85.33,-85.58
158,1760,3780,Alhambra - LA Co PW HQ FF,Alhambra - Fremont School,482,24461,7.13,1.5897,0.021022,0.02386,5.8568,5.5422,-75.24,-75.73
158,1804,3794,La Canada - Wald Residence,"JPL BLDG #179 W ARR,GND CLEAN",5408,5410,7.13,1.6336,0.02226,0.023669,4.7413,3.0905,-70.58,-71.08
158,1800,3802,LA - Pico & Sentous,Los Angeles - Vermont & Pico,24612,24816,7.13,1.8734,0.014689,0.016976,6.1069,5.9757,-75.13,-74.73
158,1797,1799,LA - City Terrace,LA - Obregon Park,24592,24400,7.13,1.8924,0.039265,0.030662,6.3317,7.1126,-76.02,-76.45
158,1796,1798,LA - 116th St School,LA - MLK Hospital Grounds,14403,14787,7.13,2.0992,,,,,-78.72,-79.25
158,3792,3799,Hollywood - Franklin & Bronson,LA - Griffith Park Observatory,24810,141,7.13,2.2872,0.030483,0.016066,6.0909,3.2707,-72.76,-72.46
158,1800,3795,LA - Pico & Sentous,Los Angeles - 1st & Figueroa,24612,24839,7.13,2.4179,0.014689,0.022588,6.1069,6.5488,-75.13,-74.88
158,1825,1829,San Bernardino - E & Hospitality,San Bernardino - Mont. Mem Pk,23542,5328,7.13,2.4322,0.065818,0.10936,15.173,17.154,-79.49,-80.81
158,3795,3800,Los Angeles - 1st & Figueroa,Los Angeles - Olive & Pico,24839,24838,7.13,2.5455,0.022588,0.018975,6.5488,6.6999,-74.88,-75.41
158,1797,3780,LA - City Terrace,Alhambra - Fremont School,24592,24461,7.13,2.7047,0.039265,0.02386,6.3317,5.5422,-76.02,-75.73
158,3800,3802,Los Angeles - Olive & Pico,Los Angeles - Vermont & Pico,24838,24816,7.13,2.823,0.018975,0.016976,6.6999,5.9757,-75.41,-74.73
158,3801,3803,Los Angeles - Sunset & Kenter,Los Angeles - Veteran & Wilshire,24817,24819,7.13,2.8579,0.0083115,0.014031,3.508,4.255,-72.45,-72.73
158,1825,1826,San Bernardino - E & Hospitality,San Bernardino - Fire Sta. #10,23542,5339,7.13,2.9042,0.065818,0.045925,15.173,15.099,-79.49,-78.15
158,1801,3800,LA - Temple & Hope,Los Angeles - Olive & Pico,24611,24838,7.13,2.9047,0.022322,0.018975,6.145,6.6999,-74.92,-75.41
158,1800,1801,LA - Pico & Sentous,LA - Temple & Hope,24612,24611,7.13,2.9104,0.014689,0.022322,6.1069,6.145,-75.13,-74.92
158,1840,3813,Whittier Narrows Dam downstream,Pico Rivera - Durfee & Whittier,289,24841,7.13,2.9832,0.059158,0.019586,21.38,8.4735,-78.7,-78.95
158,3793,3796,Hollywood - Sunset & Fairfax,Los Angeles - 3rd & La Brea LADOT,24809,24851,7.13,3.0527,0.014999,0.021068,4.6586,5.7687,-72.57,-73.47
158,1808,3780,Los Angeles - Acosta Residence,Alhambra - Fremont School,5396,24461,7.13,3.0578,0.043415,0.02386,6.5585,5.5422,-75.34,-75.73
158,3797,3802,Los Angeles - Beverly Blvd & Virgil,Los Angeles - Vermont & Pico,24853,24816,7.13,3.1352,0.024924,0.016976,5.155,5.9757,-73.9,-74.73
158,3796,3804,Los Angeles - 3rd & La Brea LADOT,Los Angeles - Washington & La Brea,24851,24818,7.13,3.2299,0.021068,0.015911,5.7687,5.8831,-73.47,-74.33
158,1815,3809,Newport Bch - Irvine Ave. F.S,Newport Beach - Balboa & Medina,13160,13876,7.13,3.3563,,0.025507,,8.1143,-84.51,-85.33
158,3792,3793,Hollywood - Franklin & Bronson,Hollywood - Sunset & Fairfax,24810,24809,7.13,3.3812,0.030483,0.014999,6.0909,4.6586,-72.76,-72.57
158,1821,3814,Pomona - 4th & Locust FF,Pomona - Orange Grove & Fairplex,23525,23837,7.13,3.4064,0.036101,0.032737,8.9309,7.2259,-82.5,-81.56
158,1815,3810,Newport Bch - Irvine Ave. F.S,Newport Beach - Balboa Island,13160,13877,7.13,3.4107,,0.031185,,6.6827,-84.51,-85.58
158,1760,1808,Alhambra - LA Co PW HQ FF,Los Angeles - Acosta Residence,482,5396,7.13,3.4557,0.021022,0.043415,5.8568,6.5585,-75.24,-75.34
158,3795,3802,Los Angeles - 1st & Figueroa,Los Angeles - Vermont & Pico,24839,24816,7.13,3.641,0.022588,0.016976,6.5488,5.9757,-74.88,-74.73
158,3781,3782,Anaheim - Kraemer & La Palma,Anaheim - Lakeview & Riverdale,13883,13849,7.13,3.6954,0.035669,0.050113,11.914,11.059,-78.12,-78.69
158,1774,3826,Calabasas Pac Bell,Woodland Hills - Victory & Fallbrook,5404,24803,7.13,3.7243,0.011181,0.028017,2.9113,5.9494,-68.32,-67.59
158,3795,3797,Los Angeles - 1st & Figueroa,Los Angeles - Beverly Blvd & Virgil,24839,24853,7.13,3.7778,0.022588,0.024924,6.5488,5.155,-74.88,-73.9
158,3825,3826,West Hills -Roscoe & Fallbrook,Woodland Hills - Victory & Fallbrook,24804,24803,7.13,3.7985,0.035064,0.028017,7.0798,5.9494,-66.58,-67.59
158,1760,1797,Alhambra - LA Co PW HQ FF,LA - City Terrace,482,24592,7.13,3.8857,0.021022,0.039265,5.8568,6.3317,-75.24,-76.02
158,1772,3811,Burbank Airport,North Hollywood - Laurel Canyon & Sherman,5398,24815,7.13,3.8896,0.030979,0.029255,6.2712,6.0455,-69.46,-68.96
158,1760,3820,Alhambra - LA Co PW HQ FF,San Marino - SW Academy,482,24401,7.13,3.979,0.021022,0.017327,5.8568,4.7116,-75.24,-74.47
158,1759,3789,"12440 Imperial Hwy, North Grn",Downey - Florence & I605,5239,14828,7.13,3.9798,0.023437,0.037452,2.9278,10.713,-81.88,-80.65
158,3792,3797,Hollywood - Franklin & Bronson,Los Angeles - Beverly Blvd & Virgil,24810,24853,7.13,3.9988,0.030483,0.024924,6.0909,5.155,-72.76,-73.9
158,1800,3797,LA - Pico & Sentous,Los Angeles - Beverly Blvd & Virgil,24612,24853,7.13,4.0252,0.014689,0.024924,6.1069,5.155,-75.13,-73.9
158,1801,3797,LA - Temple & Hope,Los Angeles - Beverly Blvd & Virgil,24611,24853,7.13,4.193,0.022322,0.024924,6.145,5.155,-74.92,-73.9
158,1801,3802,LA - Temple & Hope,Los Angeles - Vermont & Pico,24611,24816,7.13,4.2033,0.022322,0.016976,6.145,5.9757,-74.92,-74.73
158,1820,3820,Pasadena - Fair Oaks & Walnut,San Marino - SW Academy,24691,24401,7.13,4.205,0.035278,0.017327,4.8058,4.7116,-73.07,-74.47
158,1801,3788,LA - Temple & Hope,Cypress Park - San Fernando & Division,24611,24813,7.13,4.3702,0.022322,0.022556,6.145,4.5626,-74.92,-73.92
158,1799,3780,LA - Obregon Park,Alhambra - Fremont School,24400,24461,7.13,4.4854,0.030662,0.02386,7.1126,5.5422,-76.45,-75.73
158,1822,3818,Riverside Airport,Riverside - Limonite & Downey,13123,13921,7.13,4.5531,0.024722,0.026995,5.507,5.7863,-81.57,-79.67
158,3792,3796,Hollywood - Franklin & Bronson,Los Angeles - 3rd & La Brea LADOT,24810,24851,7.13,4.5932,0.030483,0.021068,6.0909,5.7687,-72.76,-73.47
158,1769,3796,Beverly Hills Pac Bell Bsmt,Los Angeles - 3rd & La Brea LADOT,5402,24851,7.13,4.6475,0.014983,0.021068,4.9467,5.7687,-72.78,-73.47
158,1769,3793,Beverly Hills Pac Bell Bsmt,Hollywood - Sunset & Fairfax,5402,24809,7.13,4.6576,0.014983,0.014999,4.9467,4.6586,-72.78,-72.57
158,3788,3795,Cypress Park - San Fernando & Division,Los Angeles - 1st & Figueroa,24813,24839,7.13,4.6861,0.022556,0.022588,4.5626,6.5488,-73.92,-74.88
158,1765,3807,Arleta - Nordhoff Fire Sta,Mission Hills - Sepulveda & San Fernando,24087,24800,7.13,4.7123,0.02388,0.02537,7.1439,7.8156,-67.44,-66.08
158,3797,3799,Los Angeles - Beverly Blvd & Virgil,LA - Griffith Park Observatory,24853,141,7.13,4.7135,0.024924,0.016066,5.155,3.2707,-73.9,-72.46
158,3793,3823,Hollywood - Sunset & Fairfax,Universal City - Hwy 101 & Lankershim,24809,24865,7.13,4.7991,0.014999,0.034988,4.6586,5.4073,-72.57,-71.14
158,3781,3790,Anaheim - Kraemer & La Palma,Fullerton - CSU Fullerton Grnds,13883,13878,7.13,4.8159,0.035669,0.036348,11.914,13.093,-78.12,-76.44
158,1808,3820,Los Angeles - Acosta Residence,San Marino - SW Academy,5396,24401,7.13,4.8212,0.043415,0.017327,6.5585,4.7116,-75.34,-74.47
158,1824,1827,San Bernardino - Del Rosa Wk Sta,San Bernardino - Fire Sta. #4,5331,5337,7.13,4.9202,0.029022,0.0488419999999999,7.4295,10.872,-74.65,-75.29
158,3797,3800,Los Angeles - Beverly Blvd & Virgil,Los Angeles - Olive & Pico,24853,24838,7.13,4.9267,0.024924,0.018975,5.155,6.6999,-73.9,-75.41
158,3811,3824,North Hollywood - Laurel Canyon & Sherman,Van Nuys - Civic Center Grounds,24815,24867,7.13,4.9785,0.029255,0.026625,6.0455,6.7679,-68.96,-69.0
164,1994,1997,El Centro Array #10,El Centro Array #9,412,117,5.7,2.3255,0.014748,0.01828,1.3165,1.3706,-159.95,-158.61
164,1994,1995,El Centro Array #10,El Centro Array #11,412,5058,5.7,4.0924,0.014748,0.017464,1.3165,1.9311,-159.95,-162.26
164,1993,1996,El Centro - Meadows Union School,El Centro Array #7,464,5028,5.7,4.3349,0.011034,0.013766,0.96649,1.075,-154.94,-155.35
165,2006,2007,El Centro Array #10,El Centro Array #11,412,5058,5.31,4.0924,0.060458,0.12454,2.6949,3.4259,-24.42,-28.43
165,2005,2008,El Centro - Meadows Union School,El Centro Array #7,464,5028,5.31,4.3349,0.063194,0.078188,2.4979,3.5592,-14.64,-16.64
168,2060,2088,Anchorage - DOI Off. of Aircraft,Anchorage International Airport,8036,8007,6.7,1.7302,0.010278,0.010635,2.6096,3.2875,-63.72,-63.36
168,2059,2060,Anchorage - Aho Res (Basement),Anchorage - DOI Off. of Aircraft,8017,8036,6.7,2.2505,0.010884,0.010278,3.1606,2.6096,-63.8,-63.72
168,2083,2085,Anchorage - NOAA Weather Fac.,Anchorage - New Fire Station #7,8037,8039,6.7,2.4141,0.009643,0.014863,2.4805,2.7444,-63.67,-64.13
168,2061,2087,Anchorage - Dowl Eng Warehouse,Anchorage - State Fish & Game,8024,8027,6.7,2.4884,0.0067091,0.0071086,2.3226,2.2111,-64.55,-64.66
168,2060,2083,Anchorage - DOI Off. of Aircraft,Anchorage - NOAA Weather Fac.,8036,8037,6.7,2.6151,0.010278,0.009643,2.6096,2.4805,-63.72,-63.67
168,2083,2088,Anchorage - NOAA Weather Fac.,Anchorage International Airport,8037,8007,6.7,2.9847,0.009643,0.010635,2.4805,3.2875,-63.67,-63.36
168,2059,2088,Anchorage - Aho Res (Basement),Anchorage International Airport,8017,8007,6.7,3.0759,0.010884,0.010635,3.1606,3.2875,-63.8,-63.36
168,2059,2061,Anchorage - Aho Res (Basement),Anchorage - Dowl Eng Warehouse,8017,8024,6.7,3.5706,0.010884,0.0067091,3.1606,2.3226,-63.8,-64.55
168,2061,2084,Anchorage - Dowl Eng Warehouse,Anchorage - New Fire Station #1,8024,8038,6.7,3.9162,0.0067091,0.0087537,2.3226,2.4146,-64.55,-64.34
168,2085,2087,Anchorage - New Fire Station #7,Anchorage - State Fish & Game,8039,8027,6.7,3.9586,0.014863,0.0071086,2.7444,2.2111,-64.13,-64.66
168,2060,2085,Anchorage - DOI Off. of Aircraft,Anchorage - New Fire Station #7,8036,8039,6.7,4.1106,0.010278,0.014863,2.6096,2.7444,-63.72,-64.13
168,2059,2084,Anchorage - Aho Res (Basement),Anchorage - New Fire Station #1,8017,8038,6.7,4.2263,0.010884,0.0087537,3.1606,2.4146,-63.8,-64.34
168,2061,2086,Anchorage - Dowl Eng Warehouse,Anchorage - Police Headquarters,8024,8030,6.7,4.281,0.0067091,0.0046268,2.3226,1.2827,-64.55,-65.44
168,2060,2061,Anchorage - DOI Off. of Aircraft,Anchorage - Dowl Eng Warehouse,8036,8024,6.7,4.3497,0.010278,0.0067091,2.6096,2.3226,-63.72,-64.55
168,2060,2087,Anchorage - DOI Off. of Aircraft,Anchorage - State Fish & Game,8036,8027,6.7,4.5166,0.010278,0.0071086,2.6096,2.2111,-63.72,-64.66
168,2059,2083,Anchorage - Aho Res (Basement),Anchorage - NOAA Weather Fac.,8017,8037,6.7,4.8618,0.010884,0.009643,3.1606,2.4805,-63.8,-63.67
168,2086,2087,Anchorage - Police Headquarters,Anchorage - State Fish & Game,8030,8027,6.7,4.927,0.0046268,0.0071086,1.2827,2.2111,-65.44,-64.66
168,2059,2087,Anchorage - Aho Res (Basement),Anchorage - State Fish & Game,8017,8027,6.7,4.9579,0.010884,0.0071086,3.1606,2.2111,-63.8,-64.66
169,2117,2118,Valdez - Valdez City Hall,Valdez - Valdez Dock Company,2784,2723,7.9,0.2854,0.02548,0.0094548,4.222,2.5927,-86.96,-86.92
169,2095,3834,Anchorage - DOI Off. of Aircraft,Anchorage - Aho Res (Basement),8036,8017,7.9,2.2505,0.016509,0.016443,3.5036,4.4087,-61.74,-61.77
169,2102,2104,Anchorage - NOAA Weather Fac.,Anchorage - New Fire Station #7,8037,8039,7.9,2.4141,0.015037,0.020565,3.7298,3.4588,-61.75,-62.22
169,2096,2106,Anchorage - Dowl Eng Warehouse,Anchorage - State Fish & Game,8024,8027,7.9,2.4884,0.012583,0.013874,2.5894,2.6249,-62.53,-62.69
169,2095,2102,Anchorage - DOI Off. of Aircraft,Anchorage - NOAA Weather Fac.,8036,8037,7.9,2.6151,0.016509,0.015037,3.5036,3.7298,-61.74,-61.75
169,2096,3834,Anchorage - Dowl Eng Warehouse,Anchorage - Aho Res (Basement),8024,8017,7.9,3.5706,0.012583,0.016443,2.5894,4.4087,-62.53,-61.77
169,2096,2103,Anchorage - Dowl Eng Warehouse,Anchorage - New Fire Station #1,8024,8038,7.9,3.9162,0.012583,0.018086,2.5894,3.6277,-62.53,-62.23
169,2104,2106,Anchorage - New Fire Station #7,Anchorage - State Fish & Game,8039,8027,7.9,3.9586,0.020565,0.013874,3.4588,2.6249,-62.22,-62.69
169,2095,2104,Anchorage - DOI Off. of Aircraft,Anchorage - New Fire Station #7,8036,8039,7.9,4.1106,0.016509,0.020565,3.5036,3.4588,-61.74,-62.22
169,2103,3834,Anchorage - New Fire Station #1,Anchorage - Aho Res (Basement),8038,8017,7.9,4.2263,0.018086,0.016443,3.6277,4.4087,-62.23,-61.77
169,2096,2105,Anchorage - Dowl Eng Warehouse,Anchorage - Police Headquarters,8024,8030,7.9,4.281,0.012583,0.0096697,2.5894,2.1009,-62.53,-63.4
169,2095,2096,Anchorage - DOI Off. of Aircraft,Anchorage - Dowl Eng Warehouse,8036,8024,7.9,4.3497,0.016509,0.012583,3.5036,2.5894,-61.74,-62.53
169,2095,2106,Anchorage - DOI Off. of Aircraft,Anchorage - State Fish & Game,8036,8027,7.9,4.5166,0.016509,0.013874,3.5036,2.6249,-61.74,-62.69
169,2102,3834,Anchorage - NOAA Weather Fac.,Anchorage - Aho Res (Basement),8037,8017,7.9,4.8618,0.015037,0.016443,3.7298,4.4087,-61.75,-61.77
169,2105,2106,Anchorage - Police Headquarters,Anchorage - State Fish & Game,8030,8027,7.9,4.927,0.0096697,0.013874,2.1009,2.6249,-63.4,-62.69
169,2106,3834,Anchorage - State Fish & Game,Anchorage - Aho Res (Basement),8027,8017,7.9,4.9579,0.013874,0.016443,2.6249,4.4087,-62.69,-61.77
177,3989,3990,Hollister - City Hall Annex,Hollister - South & Pine,1575,47524,6.52,0.5561,0.020303,0.015722,3.154,3.2766,57.35,57.51
177,4029,4030,Tarzana - Cedar Hill B,Tarzana - Fire Station No. 93,24764,5427,6.52,1.9905,0.0039944,0.0052711,1.0439,1.6869,-165.86,-165.93
177,4017,4019,Santa Barbara Courthouse,Santa Barbara - Junipero & Castillo,283,25782,6.52,2.3348,0.0122,0.011864,3.3209,3.2137,-150.75,-150.29
177,4018,4020,Santa Barbara - Hwy 101 & State,Santa Barbara - San Roque Canyon Bridge,25423,25749,6.52,2.3592,0.021713,0.014483,4.126,4.6875,-149.66,-150.52
177,4019,4020,Santa Barbara - Junipero & Castillo,Santa Barbara - San Roque Canyon Bridge,25782,25749,6.52,2.4056,0.011864,0.014483,3.2137,4.6875,-150.29,-150.52
177,4011,4012,Salinas - John & Work,Salinas - County Hospital Gnds,47179,47762,6.52,2.9778,0.016757,0.017017,3.0326,3.101,45.61,46.43
177,4018,4019,Santa Barbara - Hwy 101 & State,Santa Barbara - Junipero & Castillo,25423,25782,6.52,3.1007,0.021713,0.011864,4.126,3.2137,-149.66,-150.29
177,4003,4035,Oxnard - Hwy 101 & Oxnard Blvd,Ventura - Telephone & Montgomery,25862,25133,6.52,3.3409,0.011798,0.01348,3.7507,3.2457,-157.8,-158.42
177,4003,4004,Oxnard - Hwy 101 & Oxnard Blvd,Oxnard - Rose & Gonzales,25862,25969,6.52,3.5006,0.011798,0.011451,3.7507,3.6382,-157.8,-157.77
177,3976,3977,Camarillo,Camarillo - Arneill & Pickwick,25282,25134,6.52,3.9094,0.01203,0.010654,3.4015,3.4928,-158.87,-159.83
177,4023,4024,Simi Valley - Fire Station No. 45,Simi Valley - Sycamore & Avenida,5432,24126,6.52,4.0382,0.0094914,0.0080153,2.5488,3.1098,-164.8,-165.74
177,4004,4005,Oxnard - Rose & Gonzales,Oxnard - Saviers & Hill,25969,25135,6.52,4.1434,0.011451,0.0089159,3.6382,3.4037,-157.77,-156.66
177,4010,4030,Reseda - Fire Station 100,Tarzana - Fire Station No. 93,5424,5427,6.52,4.2267,0.0092329,0.0052711,3.4287,1.6869,-166.82,-165.93
177,3977,3978,Camarillo - Arneill & Pickwick,Camarillo - Woodcreek & Santa Rosa,25134,24863,6.52,4.2352,0.010654,0.010382,3.4928,2.6812,-159.83,-160.62
177,4010,4029,Reseda - Fire Station 100,Tarzana - Cedar Hill B,5424,24764,6.52,4.2824,0.0092329,0.0039944,3.4287,1.0439,-166.82,-165.86
177,4001,4010,Northridge - Parthenia & Lindley,Reseda - Fire Station 100,24805,5424,6.52,4.2974,0.0079382,0.0092329,2.4259,3.4287,-167.33,-166.82
177,4017,4020,Santa Barbara Courthouse,Santa Barbara - San Roque Canyon Bridge,283,25749,6.52,4.3285,0.0122,0.014483,3.3209,4.6875,-150.75,-150.52
177,4026,4027,Sylmar - Fire Station #91,Jensen Filter Plant Administrative Building,5423,655,6.52,4.423,0.0062811,0.0071659,1.5505,1.6069,-169.92,-169.43
177,3988,3989,Hollister - Airport Bldg #3,Hollister - City Hall Annex,1797,1575,6.52,4.4514,0.011176,0.020303,2.2174,3.154,57.62,57.35
177,4005,4006,Oxnard - Saviers & Hill,Oxnard - Victoria & Channel Islands Blvd,25135,25130,6.52,4.5817,0.0089159,0.011087,3.4037,3.7416,-156.66,-155.55
177,3971,3995,Beverly Hills Pac Bell Bsmt,Los Angeles - 3rd & La Brea LADOT,5402,24851,6.52,4.6475,0.0026042,0.0042683,1.2273,1.658,-165.95,-166.41
177,3988,3990,Hollister - Airport Bldg #3,Hollister - South & Pine,1797,47524,6.52,4.8218,0.011176,0.015722,2.2174,3.2766,57.62,57.51
179,4084,4115,PARKFIELD - 1-STORY SCHOOL BLDG,Parkfield - Fault Zone 12,36531,36138,6.0,0.2117,0.26669,0.28903,40.887,42.438,-90.0,-90.0
179,4077,4094,Hollister - City Hall Annex,Hollister - South & Pine,1575,47524,6.0,0.5561,0.012904,0.01276,3.2528,3.3543,-179.58,-179.51
179,4100,4102,Parkfield - Cholame 2WA,Parkfield - Cholame 3W,36228,36410,6.0,1.0639,0.47991,0.41362,48.311,34.26,25.09,38.04
179,4102,4103,Parkfield - Cholame 3W,Parkfield - Cholame 4W,36410,36411,6.0,1.1225,0.41362,0.55915,34.26,30.097,38.04,53.56
179,4131,4133,Parkfield - Vineyard Cany 1W,Parkfield - Vineyard Cany 2W,36448,36447,6.0,1.3316,0.15596,0.4632,15.545,23.992,90.0,90.0
179,4118,4120,Parkfield - Gold Hill 1W,Parkfield - Gold Hill 2W,36415,36416,6.0,1.3488,0.14342,0.21773,7.7013,12.158,90.0,90.0
179,4081,4104,Parkfield - Cholame 5W,Parkfield - Cholame 4AW,36227,36412,6.0,1.5526,0.23324,0.28302,14.966,21.386,67.2,62.21
179,4098,4100,Parkfield - Cholame 1E,Parkfield - Cholame 2WA,36452,36228,6.0,1.6165,0.38923,0.47991,39.719,48.311,-32.71,25.09
179,4103,4104,Parkfield - Cholame 4W,Parkfield - Cholame 4AW,36411,36412,6.0,1.634,0.55915,0.28302,30.097,21.386,53.56,62.21
179,4098,4099,Parkfield - Cholame 1E,Parkfield - Cholame 2E,36452,36230,6.0,1.8521,0.38923,0.48425,39.719,22.765,-32.71,-57.59
179,4081,4105,Parkfield - Cholame 5W,Parkfield - Cholame 6W,36227,36451,6.0,1.9205,0.23324,0.31319,14.966,14.791,67.2,70.18
179,4110,4111,Parkfield - Fault Zone 6,Parkfield - Fault Zone 7,36454,36431,6.0,1.9645,0.20707,0.2391,17.959,20.007,90.0,-90.0
179,4117,4131,Parkfield - Fault Zone 15,Parkfield - Vineyard Cany 1W,36445,36448,6.0,2.0408,0.21009,0.15596,23.574,15.545,90.0,90.0
179,4083,4112,PARKFIELD - TURKEY FLAT #1 (0M),Parkfield - Fault Zone 8,36529,36449,6.0,2.0722,0.20132,0.48186,13.108,20.456,-90.0,-90.0
179,4100,4103,Parkfield - Cholame 2WA,Parkfield - Cholame 4W,36228,36411,6.0,2.0926,0.47991,0.55915,48.311,30.097,25.09,53.56
179,4130,4132,Parkfield - Vineyard Cany 1E,Parkfield - Vineyard Cany 2E,36455,36177,6.0,2.1801,0.29785,0.26301,25.981,17.397,-90.0,-90.0
179,4111,4112,Parkfield - Fault Zone 7,Parkfield - Fault Zone 8,36431,36449,6.0,2.2137,0.2391,0.48186,20.007,20.456,-90.0,-90.0
179,4133,4134,Parkfield - Vineyard Cany 2W,Parkfield - Vineyard Cany 3W,36447,36176,6.0,2.3188,0.4632,0.30832,23.992,21.996,90.0,90.0
179,4083,4121,PARKFIELD - TURKEY FLAT #1 (0M),Parkfield - Gold Hill 3E,36529,36439,6.0,2.3383,0.20132,0.16396,13.108,9.5896,-90.0,-90.0
179,4099,4101,Parkfield - Cholame 2E,Parkfield - Cholame 3E,36230,36450,6.0,2.374,0.48425,0.65141,22.765,25.418,-57.59,-81.12
179,4134,4135,Parkfield - Vineyard Cany 3W,Parkfield - Vineyard Cany 4W,36176,36446,6.0,2.3769,0.30832,0.10385,21.996,7.3819,90.0,90.0
179,4084,4113,PARKFIELD - 1-STORY SCHOOL BLDG,Parkfield - Fault Zone 9,36531,36443,6.0,2.4605,0.26669,0.13068,40.887,19.525,-90.0,90.0
179,4115,4116,Parkfield - Fault Zone 12,Parkfield - Fault Zone 14,36138,36456,6.0,2.4641,0.28903,1.0378,42.438,68.769,-90.0,-90.0
179,4113,4115,Parkfield - Fault Zone 9,Parkfield - Fault Zone 12,36443,36138,6.0,2.4727,0.13068,0.28903,19.525,42.438,90.0,-90.0
179,4112,4114,Parkfield - Fault Zone 8,Parkfield - Fault Zone 11,36449,36453,6.0,2.5202,0.48186,0.82618,20.456,21.339,-90.0,-90.0
179,4109,4118,Parkfield - Fault Zone 4,Parkfield - Gold Hill 1W,36414,36415,6.0,2.5209,0.12335,0.14342,14.518,7.7013,90.0,90.0
179,4116,4117,Parkfield - Fault Zone 14,Parkfield - Fault Zone 15,36456,36445,6.0,2.5258,1.0378,0.21009,68.769,23.574,-90.0,90.0
179,4120,4122,Parkfield - Gold Hill 2W,Parkfield - Gold Hill 3W,36416,36420,6.0,2.5334,0.21773,0.60451,12.158,19.119,90.0,90.0
179,4135,4136,Parkfield - Vineyard Cany 4W,Parkfield - Vineyard Cany 5W,36446,36440,6.0,2.6022,0.10385,0.17394,7.3819,10.779,90.0,90.0
179,4117,4133,Parkfield - Fault Zone 15,Parkfield - Vineyard Cany 2W,36445,36447,6.0,2.608,0.21009,0.4632,23.574,23.992,90.0,90.0
179,4098,4102,Parkfield - Cholame 1E,Parkfield - Cholame 3W,36452,36410,6.0,2.6111,0.38923,0.41362,39.719,34.26,-32.71,38.04
179,4096,4134,"Bear Valley Ranch, Parkfield, CA, USA",Parkfield - Vineyard Cany 3W,61022,36176,6.0,2.657,0.16361,0.30832,9.2169,21.996,90.0,90.0
179,4084,4116,PARKFIELD - 1-STORY SCHOOL BLDG,Parkfield - Fault Zone 14,36531,36456,6.0,2.674,0.26669,1.0378,40.887,68.769,-90.0,-90.0
179,4126,4127,Parkfield - Stone Corral 1E,Parkfield - Stone Corral 2E,36419,36422,6.0,2.675,0.71667,0.18659,38.366,10.803,-90.0,-90.0
179,4109,4120,Parkfield - Fault Zone 4,Parkfield - Gold Hill 2W,36414,36416,6.0,2.6929,0.12335,0.21773,14.518,12.158,90.0,90.0
179,4102,4104,Parkfield - Cholame 3W,Parkfield - Cholame 4AW,36410,36412,6.0,2.742,0.41362,0.28302,34.26,21.386,38.04,62.21
179,4127,4128,Parkfield - Stone Corral 2E,Parkfield - Stone Corral 3E,36422,36437,6.0,2.7769,0.18659,0.20435,10.803,9.3926,-90.0,-90.0
179,4111,4114,Parkfield - Fault Zone 7,Parkfield - Fault Zone 11,36431,36453,6.0,2.8319,0.2391,0.82618,20.007,21.339,-90.0,-90.0
179,4130,4131,Parkfield - Vineyard Cany 1E,Parkfield - Vineyard Cany 1W,36455,36448,6.0,2.9352,0.29785,0.15596,25.981,15.545,-90.0,90.0
179,4090,4095,Salinas - John & Work,Salinas - County Hospital Gnds,47179,47762,6.0,2.9778,0.010879,0.012739,1.7186,1.9371,166.27,167.57
179,4084,4114,PARKFIELD - 1-STORY SCHOOL BLDG,Parkfield - Fault Zone 11,36531,36453,6.0,2.9808,0.26669,0.82618,40.887,21.339,-90.0,-90.0
179,4085,4106,Shandon-1-story High School Bldg,Parkfield - Cholame 12W,36535,36229,6.0,3.0195,0.19469,0.082007,6.8772,4.7568,74.85,78.29
179,4110,4113,Parkfield - Fault Zone 6,Parkfield - Fault Zone 9,36454,36443,6.0,3.1655,0.20707,0.13068,17.959,19.525,90.0,90.0
179,4114,4115,Parkfield - Fault Zone 11,Parkfield - Fault Zone 12,36453,36138,6.0,3.1702,0.82618,0.28903,21.339,42.438,-90.0,-90.0
179,4100,4107,Parkfield - Cholame 2WA,Parkfield - Fault Zone 1,36228,36407,6.0,3.1751,0.47991,0.64455,48.311,67.327,25.09,90.0
179,4098,4107,Parkfield - Cholame 1E,Parkfield - Fault Zone 1,36452,36407,6.0,3.1798,0.38923,0.64455,39.719,67.327,-32.71,90.0
179,4081,4103,Parkfield - Cholame 5W,Parkfield - Cholame 4W,36227,36411,6.0,3.1857,0.23324,0.55915,14.966,30.097,67.2,53.56
179,4122,4123,Parkfield - Gold Hill 3W,Parkfield - Gold Hill 4W,36420,36433,6.0,3.218,0.60451,0.3958,19.119,9.4502,90.0,90.0
179,4119,4121,Parkfield - Gold Hill 2E,Parkfield - Gold Hill 3E,36421,36439,6.0,3.2566,0.20698,0.16396,7.8304,9.5896,-90.0,-90.0
179,4109,4110,Parkfield - Fault Zone 4,Parkfield - Fault Zone 6,36414,36454,6.0,3.4085,0.12335,0.20707,14.518,17.959,90.0,90.0
179,4123,4124,Parkfield - Gold Hill 4W,Parkfield - Gold Hill 5W,36433,36434,6.0,3.4124,0.3958,0.22033,9.4502,7.0621,90.0,90.0
179,4113,4116,Parkfield - Fault Zone 9,Parkfield - Fault Zone 14,36443,36456,6.0,3.4307,0.13068,1.0378,19.525,68.769,90.0,-90.0
179,4099,4100,Parkfield - Cholame 2E,Parkfield - Cholame 2WA,36230,36228,6.0,3.44,0.48425,0.47991,22.765,48.311,-57.59,25.09
179,4104,4105,Parkfield - Cholame 4AW,Parkfield - Cholame 6W,36412,36451,6.0,3.4718,0.28302,0.31319,21.386,14.791,62.21,70.18
179,4107,4126,Parkfield - Fault Zone 1,Parkfield - Stone Corral 1E,36407,36419,6.0,3.536,0.64455,0.71667,67.327,38.366,90.0,-90.0
179,4096,4133,"Bear Valley Ranch, Parkfield, CA, USA",Parkfield - Vineyard Cany 2W,61022,36447,6.0,3.5823,0.16361,0.4632,9.2169,23.992,90.0,90.0
179,4131,4134,Parkfield - Vineyard Cany 1W,Parkfield - Vineyard Cany 3W,36448,36176,6.0,3.5888,0.15596,0.30832,15.545,21.996,90.0,90.0
179,4098,4103,Parkfield - Cholame 1E,Parkfield - Cholame 4W,36452,36411,6.0,3.6969,0.38923,0.55915,39.719,30.097,-32.71,53.56
179,4100,4104,Parkfield - Cholame 2WA,Parkfield - Cholame 4AW,36228,36412,6.0,3.7239,0.47991,0.28302,48.311,21.386,25.09,62.21
179,4111,4113,Parkfield - Fault Zone 7,Parkfield - Fault Zone 9,36431,36443,6.0,3.7997,0.2391,0.13068,20.007,19.525,-90.0,90.0
179,4118,4122,Parkfield - Gold Hill 1W,Parkfield - Gold Hill 3W,36415,36420,6.0,3.8523,0.14342,0.60451,7.7013,19.119,90.0,90.0
179,4084,4111,PARKFIELD - 1-STORY SCHOOL BLDG,Parkfield - Fault Zone 7,36531,36431,6.0,3.864,0.26669,0.2391,40.887,20.007,-90.0,-90.0
179,4118,4119,Parkfield - Gold Hill 1W,Parkfield - Gold Hill 2E,36415,36421,6.0,3.8784,0.14342,0.20698,7.7013,7.8304,90.0,-90.0
179,4102,4107,Parkfield - Cholame 3W,Parkfield - Fault Zone 1,36410,36407,6.0,3.9585,0.41362,0.64455,34.26,67.327,38.04,90.0
179,4108,4126,Parkfield - Fault Zone 3,Parkfield - Stone Corral 1E,36408,36419,6.0,3.9746,0.3706,0.71667,22.412,38.366,-90.0,-90.0
179,4109,4111,Parkfield - Fault Zone 4,Parkfield - Fault Zone 7,36414,36431,6.0,3.9755,0.12335,0.2391,14.518,20.007,90.0,-90.0
179,4083,4119,PARKFIELD - TURKEY FLAT #1 (0M),Parkfield - Gold Hill 2E,36529,36421,6.0,3.9948,0.20132,0.20698,13.108,7.8304,-90.0,-90.0
179,4117,4130,Parkfield - Fault Zone 15,Parkfield - Vineyard Cany 1E,36445,36455,6.0,4.003,0.21009,0.29785,23.574,25.981,90.0,-90.0
179,8439,8449,Livermore; Fire Station 6,Livermore FS 7,1786,1842,6.0,4.0345,0.0020328,0.0024659,0.7682,1.0765,-169.94,-170.72
179,4098,4101,Parkfield - Cholame 1E,Parkfield - Cholame 3E,36452,36450,6.0,4.0425,0.38923,0.65141,39.719,25.418,-32.71,-81.12
179,4111,4115,Parkfield - Fault Zone 7,Parkfield - Fault Zone 12,36431,36138,6.0,4.0644,0.2391,0.28903,20.007,42.438,-90.0,-90.0
179,4110,4112,Parkfield - Fault Zone 6,Parkfield - Fault Zone 8,36454,36449,6.0,4.1004,0.20707,0.48186,17.959,20.456,90.0,-90.0
179,4083,4114,PARKFIELD - TURKEY FLAT #1 (0M),Parkfield - Fault Zone 11,36529,36453,6.0,4.122,0.20132,0.82618,13.108,21.339,-90.0,-90.0
179,4136,4137,Parkfield - Vineyard Cany 5W,Parkfield - Vineyard Cany 6W,36440,36441,6.0,4.1312,0.17394,0.10542,10.779,8.1,90.0,90.0
179,4130,4133,Parkfield - Vineyard Cany 1E,Parkfield - Vineyard Cany 2W,36455,36447,6.0,4.1811,0.29785,0.4632,25.981,23.992,-90.0,90.0
179,4083,4111,PARKFIELD - TURKEY FLAT #1 (0M),Parkfield - Fault Zone 7,36529,36431,6.0,4.2171,0.20132,0.2391,13.108,20.007,-90.0,-90.0
179,4096,4131,"Bear Valley Ranch, Parkfield, CA, USA",Parkfield - Vineyard Cany 1W,61022,36448,6.0,4.2319,0.16361,0.15596,9.2169,15.545,90.0,90.0
179,4081,4102,Parkfield - Cholame 5W,Parkfield - Cholame 3W,36227,36410,6.0,4.2938,0.23324,0.41362,14.966,34.26,67.2,38.04
179,4108,4118,Parkfield - Fault Zone 3,Parkfield - Gold Hill 1W,36408,36415,6.0,4.304,0.3706,0.14342,22.412,7.7013,-90.0,90.0
179,4109,4119,Parkfield - Fault Zone 4,Parkfield - Gold Hill 2E,36414,36421,6.0,4.3075,0.12335,0.20698,14.518,7.8304,90.0,-90.0
179,4112,4121,Parkfield - Fault Zone 8,Parkfield - Gold Hill 3E,36449,36439,6.0,4.3272,0.48186,0.16396,20.456,9.5896,-90.0,-90.0
179,4099,4102,Parkfield - Cholame 2E,Parkfield - Cholame 3W,36230,36410,6.0,4.3581,0.48425,0.41362,22.765,34.26,-57.59,38.04
179,4099,4107,Parkfield - Cholame 2E,Parkfield - Fault Zone 1,36230,36407,6.0,4.4008,0.48425,0.64455,22.765,67.327,-57.59,90.0
179,4133,4135,Parkfield - Vineyard Cany 2W,Parkfield - Vineyard Cany 4W,36447,36446,6.0,4.4291,0.4632,0.10385,23.992,7.3819,90.0,90.0
179,4084,4110,PARKFIELD - 1-STORY SCHOOL BLDG,Parkfield - Fault Zone 6,36531,36454,6.0,4.4484,0.26669,0.20707,40.887,17.959,-90.0,90.0
179,4063,4077,Hollister - Airport Bldg #3,Hollister - City Hall Annex,1797,1575,6.0,4.4514,0.010303,0.012904,2.9494,3.2528,-178.32,-179.58
179,4103,4107,Parkfield - Cholame 4W,Parkfield - Fault Zone 1,36411,36407,6.0,4.456,0.55915,0.64455,30.097,67.327,53.56,90.0
179,4124,4125,Parkfield - Gold Hill 5W,Parkfield - Gold Hill 6W,36434,36432,6.0,4.471,0.22033,0.099555,7.0621,4.8063,90.0,90.0
179,4096,4135,"Bear Valley Ranch, Parkfield, CA, USA",Parkfield - Vineyard Cany 4W,61022,36446,6.0,4.5058,0.16361,0.10385,9.2169,7.3819,90.0,90.0
179,4085,4105,Shandon-1-story High School Bldg,Parkfield - Cholame 6W,36535,36451,6.0,4.516,0.19469,0.31319,6.8772,14.791,74.85,70.18
179,4116,4131,Parkfield - Fault Zone 14,Parkfield - Vineyard Cany 1W,36456,36448,6.0,4.5488,1.0378,0.15596,68.769,15.545,-90.0,90.0
179,8441,8443,Mt. Pleasant High School,San Jose; Painter School,1793,1798,6.0,4.5658,0.0029234,0.0030468,0.89499,1.1907,-177.36,-177.53
179,4110,4114,Parkfield - Fault Zone 6,Parkfield - Fault Zone 11,36454,36453,6.0,4.5668,0.20707,0.82618,17.959,21.339,90.0,-90.0
179,4110,4115,Parkfield - Fault Zone 6,Parkfield - Fault Zone 12,36454,36138,6.0,4.5994,0.20707,0.28903,17.959,42.438,90.0,-90.0
179,4108,4119,Parkfield - Fault Zone 3,Parkfield - Gold Hill 2E,36408,36421,6.0,4.6234,0.3706,0.20698,22.412,7.8304,-90.0,-90.0
179,4061,4062,Fresno - NSMP USGS Office,FRESNO - VA MEDICAL CENTER,1748,1229,6.0,4.6328,0.0041097,0.0065089,0.34537,0.45757,-98.78,-100.61
179,4113,4114,Parkfield - Fault Zone 9,Parkfield - Fault Zone 11,36443,36453,6.0,4.6369,0.13068,0.82618,19.525,21.339,90.0,-90.0
179,4109,4122,Parkfield - Fault Zone 4,Parkfield - Gold Hill 3W,36414,36420,6.0,4.6759,0.12335,0.60451,14.518,19.119,90.0,90.0
179,4101,4126,Parkfield - Cholame 3E,Parkfield - Stone Corral 1E,36450,36419,6.0,4.6886,0.65141,0.71667,25.418,38.366,-81.12,-90.0
179,4108,4127,Parkfield - Fault Zone 3,Parkfield - Stone Corral 2E,36408,36422,6.0,4.7535,0.3706,0.18659,22.412,10.803,-90.0,-90.0
179,4117,4134,Parkfield - Fault Zone 15,Parkfield - Vineyard Cany 3W,36445,36176,6.0,4.7738,0.21009,0.30832,23.574,21.996,90.0,90.0
179,4063,4094,Hollister - Airport Bldg #3,Hollister - South & Pine,1797,47524,6.0,4.8218,0.010303,0.01276,2.9494,3.3543,-178.32,-179.51
179,4109,4112,Parkfield - Fault Zone 4,Parkfield - Fault Zone 8,36414,36449,6.0,4.8376,0.12335,0.48186,14.518,20.456,90.0,-90.0
179,4112,4119,Parkfield - Fault Zone 8,Parkfield - Gold Hill 2E,36449,36421,6.0,4.898,0.48186,0.20698,20.456,7.8304,-90.0,-90.0
179,4115,4117,Parkfield - Fault Zone 12,Parkfield - Fault Zone 15,36138,36445,6.0,4.9671,0.28903,0.21009,42.438,23.574,-90.0,90.0
179,4134,4136,Parkfield - Vineyard Cany 3W,Parkfield - Vineyard Cany 5W,36176,36440,6.0,4.9722,0.30832,0.17394,21.996,10.779,90.0,90.0
199,4277,4278,Forgaria Cornino,San Rocco,8014,8022,5.5,0.6355,0.19984,0.090017,11.31,3.9351,9.01,11.48
257,4441,4442,Forgaria Cornino,San Rocco,8014,8022,5.9,0.6355,0.33637,0.18392,23.5,15.195,,
258,4445,4446,Forgaria Cornino,San Rocco,8014,8022,5.4,0.6355,0.20634,0.098805,8.736,3.8427,,
278,4859,4861,Mitsuke Kazuiti Arita Town,Nakanoshima Nagaoka,65029,65034,6.8,0.6942,0.12748,0.33165,20.102,33.272,74.1,74.12
278,4890,4891,Iizuna Mure,Iizuna Imokawa,70025,70026,6.8,2.0206,0.21882,0.56511,21.577,58.235,156.06,155.1
278,4878,4880,Yahiko Village Yahagi,Hinodecho Yoshida Tsubame City,65083,65085,6.8,2.2096,0.14539,0.11806,14.374,14.544,39.66,42.07
278,4841,4842,Joetsu Yasuzukaku Yasuzuka,Joetsu Uragawaraku Kamabucchi,65004,65005,6.8,3.9655,0.19918,0.46427,19.74,23.625,133.81,135.98
278,4846,4852,Joetsu Yanagishima paddocks,"Joetsu, Aramaki District",65009,65018,6.8,4.3184,0.30951,0.23213,25.885,15.765,144.81,152.04
278,4848,4849,Joetsu Ogataku,Kubikiku Hyakken Joetsu City,65011,65012,6.8,4.7819,0.26661,0.22838,28.167,41.373,158.84,156.01
278,4851,4852,Joetsu Itakuraku needle,"Joetsu, Aramaki District",65017,65018,6.8,4.83,0.079164,0.23213,12.706,15.765,156.91,152.04
278,4852,4853,"Joetsu, Aramaki District",Joetsu City,65018,65019,6.8,4.9253,0.23213,0.25968,15.765,37.873,152.04,150.98
279,5794,5822,Wakabayashi-ku Sendai Tomizuka,"Miyagino-ku, Sendai Olympics",54081,39999999999999997975485411882960754678545800440536402923356160,6.9,2.4481,0.19608,0.12883,15.923,12.785,-35.6,-34.43
279,5774,5777,Nakashinden Town,Shikama Town,54008,54011,6.9,2.5816,0.17612,0.14813,26.732,21.717,-33.86,-32.6
279,5797,5798,"Oomagari Hanazono-cho, Daisen",Takanashi Daisen,55208,55429,6.9,2.79,0.12419,0.12927,10.506,14.625,95.42,97.6
279,5793,5822,"Amamiya, Aobaku, Sendai","Miyagino-ku, Sendai Olympics",54080,39999999999999997975485411882960754678545800440536402923356160,6.9,2.8774,0.082567,0.12883,9.4917,12.785,-32.35,-34.43
279,5800,5803,Yokote Masuda Tamati Masu,Yokote Ju Monjimachi,55441,55445,6.9,3.165,0.12645,0.12162,20.955,26.345,90.0,90.0
279,5778,5781,Matsuyama City,"Misato, Miyagi Kitaura - A",54012,54019,6.9,3.2782,0.25298,0.37427,35.711,20.624,-58.64,-60.75
279,5802,5805,Yokote O Morimachi,Yokote City - Nobita,55444,55447,6.9,3.5955,0.19109,0.11298,10.175,18.08,90.0,90.0
279,5784,5786,Sake City,Minamikatamachi Tore City,54031,54038,6.9,3.9553,0.12381,0.1702,24.204,46.412,-90.0,-85.79
279,5775,5776,Tamati Ono,"Kami, Miyagi Miyazaki City",54009,54010,6.9,4.5765,0.26297,0.14377,22.052,17.704,-20.92,-15.33
279,5785,5786,Yoneyamacho Tome City,Minamikatamachi Tore City,54036,54038,6.9,4.7812,0.14648,0.1702,18.707,46.412,-83.01,-85.79
280,5868,5879,San Jacinto CDF Fire Station 25,San Jacinto - CDF Fire Station,12102,12673,7.2,0.0924,0.051148,0.048216,8.2775,8.281,-16.07,-16.05
280,5912,5913,Corona - 2-story Office Bldg,Corona - California Ave,13698,13726,7.2,0.1025,0.01095,0.010724,3.0949,3.1325,-25.5,-25.5
280,5837,5991,El Centro - Imperial & Ross,El Centro Array #10,1711,412,7.2,0.1226,0.36479,0.37378,47.939,49.956,76.93,76.64
280,5954,5957,San Bernardino - I10/215 Int,San Bernardino - I10/215 W Geot,23631,23792,7.2,0.1842,0.029696,0.018793,5.4592,5.3991,-16.77,-16.74
280,5953,5957,San Bernardino - E & Hospitality,San Bernardino - I10/215 W Geot,23542,23792,7.2,0.2152,0.022056,0.018793,5.3471,5.3991,-16.68,-16.74
280,5952,5953,San Bernardino - 3-story Office,San Bernardino - E & Hospitality,23516,23542,7.2,0.2763,0.01979,0.022056,5.2749,5.3471,-16.63,-16.68
280,5853,6037,La Jolla - UCSD Hospital Grnds,"San Diego VA, Bldg. 16",3234,5440,7.2,0.3362,0.047047,0.059817,4.8735,4.6968,-54.23,-54.33
280,5953,5954,San Bernardino - E & Hospitality,San Bernardino - I10/215 Int,23542,23631,7.2,0.3849,0.022056,0.029696,5.3471,5.4592,-16.68,-16.77
280,5952,5957,San Bernardino - 3-story Office,San Bernardino - I10/215 W Geot,23516,23792,7.2,0.4738,0.01979,0.018793,5.2749,5.3991,-16.63,-16.74
280,5956,5999,San Bernardino - Mtn Vw & Clstr,San Bernardino - Fire Sta. #10,23780,5339,7.2,0.5857,0.014078,0.015443,5.4808,5.7081,-15.93,-16.1
280,5952,5954,San Bernardino - 3-story Office,San Bernardino - I10/215 Int,23516,23631,7.2,0.6543,0.01979,0.029696,5.2749,5.4592,-16.63,-16.77
280,6001,6043,Fun Valley,Sky Valley - Fire Station #56,5069,5435,7.2,0.9148,0.018127,0.016343,2.4346,2.5965,2.81,2.65
280,5954,5980,San Bernardino - I10/215 Int,Colton - Kaiser Medical Clinic,23631,5341,7.2,1.0642,0.029696,0.012995,5.4592,4.1796,-16.77,-17.06
280,5956,5996,San Bernardino - Mtn Vw & Clstr,San Bernardino - FS No. 01,23780,5326,7.2,1.1003,0.014078,0.014706,5.4808,5.8699,-15.93,-15.7
280,5957,5980,San Bernardino - I10/215 W Geot,Colton - Kaiser Medical Clinic,23792,5341,7.2,1.2132,0.018793,0.012995,5.3991,4.1796,-16.74,-17.06
280,5952,6000,San Bernardino - 3-story Office,San Bernardino - Fire Sta. #11,23516,5329,7.2,1.3641,0.01979,0.025166,5.2749,6.2241,-16.63,-16.29
280,5953,5980,San Bernardino - E & Hospitality,Colton - Kaiser Medical Clinic,23542,5341,7.2,1.4283,0.022056,0.012995,5.3471,4.1796,-16.68,-17.06
280,5873,5875,San Jacinto - Valley Cemetary,Hemet - 1-story Library,12202,12266,7.2,1.445,0.02777,0.043767,4.7466,4.4232,-16.79,-17.24
280,5917,5918,Newport Beach - Balboa & Medina,Newport Beach - Balboa Island,13876,13877,7.2,1.486,0.014957,0.019432,5.3651,5.3843,-36.46,-36.26
280,5953,6000,San Bernardino - E & Hospitality,San Bernardino - Fire Sta. #11,23542,5329,7.2,1.6278,0.022056,0.025166,5.3471,6.2241,-16.68,-16.29
280,5878,5880,Indio - Riverside Co Fair Grnds,Indio - Monroe & Carreon,12543,12904,7.2,1.6366,0.036719,0.043943,6.3583,7.3272,5.27,4.56
280,5952,5980,San Bernardino - 3-story Office,Colton - Kaiser Medical Clinic,23516,5341,7.2,1.6668,0.01979,0.012995,5.2749,4.1796,-16.63,-17.06
280,5996,5999,San Bernardino - FS No. 01,San Bernardino - Fire Sta. #10,5326,5339,7.2,1.6854,0.014706,0.015443,5.8699,5.7081,-15.7,-16.1
280,5889,5916,Santa Ana - Grand & Santa Clara,Orange - Hwy 22/Hwy 55 Grounds,13069,13875,7.2,1.7857,0.010113,0.0092838,4.5404,3.9809,-31.83,-31.42
280,5957,6000,San Bernardino - I10/215 W Geot,San Bernardino - Fire Sta. #11,23792,5329,7.2,1.8363,0.018793,0.025166,5.3991,6.2241,-16.74,-16.29
280,5952,6017,San Bernardino - 3-story Office,San Bernardino - Montecito Mem,23516,5479,7.2,1.9529,0.01979,0.015955,5.2749,5.2862,-16.63,-16.71
280,5997,6011,San Bernardino - Fire Sta. #4,San Bernardino - Lincoln School,5337,5373,7.2,1.9826,0.017987,0.010689,5.1464,4.8415,-15.23,-15.45
280,5954,6000,San Bernardino - I10/215 Int,San Bernardino - Fire Sta. #11,23631,5329,7.2,2.0127,0.029696,0.025166,5.4592,6.2241,-16.77,-16.29
280,5996,6011,San Bernardino - FS No. 01,San Bernardino - Lincoln School,5326,5373,7.2,2.0277,0.014706,0.010689,5.8699,4.8415,-15.7,-15.45
280,6000,6017,San Bernardino - Fire Sta. #11,San Bernardino - Montecito Mem,5329,5479,7.2,2.0911,0.025166,0.015955,6.2241,5.2862,-16.29,-16.71
280,5999,6052,San Bernardino - Fire Sta. #10,"SBVC, Observatory",5339,5438,7.2,2.1126,0.015443,0.015127,5.7081,4.9068,-16.1,-16.59
280,5953,6017,San Bernardino - E & Hospitality,San Bernardino - Montecito Mem,23542,5479,7.2,2.1168,0.022056,0.015955,5.3471,5.2862,-16.68,-16.71
280,5890,5914,San Juan Capistrano - I5,Capistrano Beach - I5/Via Calif,13070,13795,7.2,2.1309,0.033826,0.021631,7.9495,6.1531,-36.92,-37.43
280,5957,6017,San Bernardino - I10/215 W Geot,San Bernardino - Montecito Mem,23792,5479,7.2,2.1585,0.018793,0.015955,5.3991,5.2862,-16.74,-16.71
280,5889,5924,Santa Ana - Grand & Santa Clara,Santa Ana - I5 & 4th St,13069,13889,7.2,2.292,0.010113,0.012697,4.5404,4.7578,-31.83,-32.23
280,5954,6017,San Bernardino - I10/215 Int,San Bernardino - Montecito Mem,23631,5479,7.2,2.2927,0.029696,0.015955,5.4592,5.2862,-16.77,-16.71
280,5909,5937,Moreno Valley - 3-story County,Moreno Valley - Alessandro&More,13213,13927,7.2,2.3012,0.028729,0.022794,3.765,3.9747,-18.13,-17.5
280,5875,5877,Hemet - 1-story Library,Hemet Fire Station,12266,12331,7.2,2.4307,0.043767,0.04176,4.4232,4.422,-17.24,-18.05
280,5844,5845,San Diego - 8th & J St,San Diego - I5 & Laurel,3145,3146,7.2,2.4504,0.046042,0.034537,7.2106,8.0615,-61.77,-60.82
280,5956,6052,San Bernardino - Mtn Vw & Clstr,"SBVC, Observatory",23780,5438,7.2,2.4642,0.014078,0.015127,5.4808,4.9068,-15.93,-16.59
280,5887,5916,Orange - Chapman & Esplanada,Orange - Hwy 22/Hwy 55 Grounds,13067,13875,7.2,2.5179,0.011404,0.0092838,4.2681,3.9809,-30.9,-31.42
280,5920,5929,Garden Grove - Hwy 22 & Harbor,Garden Grove - Chapman & West,13884,13894,7.2,2.5841,0.016138,0.012349,6.5959,6.1796,-32.69,-32.2
280,5959,5997,San Bernardino - Medical Center,San Bernardino - Fire Sta. #4,23898,5337,7.2,2.6363,0.014832,0.017987,4.8118,5.1464,-15.84,-15.23
280,5847,5851,San Diego - 54th & College,San Diego - 45th & Orange,3148,3154,7.2,2.6441,0.045458,0.034268,5.3837,5.4104,-60.34,-59.42
280,5980,6017,Colton - Kaiser Medical Clinic,San Bernardino - Montecito Mem,5341,5479,7.2,2.683,0.012995,0.015955,4.1796,5.2862,-17.06,-16.71
280,5845,5855,San Diego - I5 & Laurel,San Diego - UCSD Hospital Grnds,3146,3746,7.2,2.7093,0.034537,0.03951,8.0615,5.6504,-60.82,-59.65
280,5999,6000,San Bernardino - Fire Sta. #10,San Bernardino - Fire Sta. #11,5339,5329,7.2,2.7653,0.015443,0.025166,5.7081,6.2241,-16.1,-16.29
280,5926,5927,Santa Ana - Warner & Greenville,Santa Ana - MacArthrur & Bristol,13891,13892,7.2,2.8449,0.017489,0.020056,5.9315,5.3535,-33.7,-33.8
280,5947,5980,Grand Terrace - Mt Vernon,Colton - Kaiser Medical Clinic,23084,5341,7.2,2.8537,0.023389,0.012995,3.449,4.1796,-17.71,-17.06
280,5952,5999,San Bernardino - 3-story Office,San Bernardino - Fire Sta. #10,23516,5339,7.2,2.8911,0.01979,0.015443,5.2749,5.7081,-16.63,-16.1
280,5953,5999,San Bernardino - E & Hospitality,San Bernardino - Fire Sta. #10,23542,5339,7.2,2.9042,0.022056,0.015443,5.3471,5.7081,-16.68,-16.1
280,5954,6052,San Bernardino - I10/215 Int,"SBVC, Observatory",23631,5438,7.2,2.9148,0.029696,0.015127,5.4592,4.9068,-16.77,-16.59
280,5928,5929,Orange - I5 & Chapman,Garden Grove - Chapman & West,13893,13894,7.2,2.9905,0.011021,0.012349,4.7379,6.1796,-31.92,-32.2
280,5950,5951,Redlands - Orange,Redlands - 1-story Warehouse,23169,23495,7.2,2.9907,0.013714,0.014129,5.5213,5.8368,-14.43,-15.2
280,5956,6011,San Bernardino - Mtn Vw & Clstr,San Bernardino - Lincoln School,23780,5373,7.2,2.9923,0.014078,0.010689,5.4808,4.8415,-15.93,-15.45
280,5839,5840,El Cajon - Marshall,Santee - Mission Gorge & Cottonwood,2140,2143,7.2,3.0037,0.024846,0.036381,2.6846,3.0116,-55.68,-54.2
280,5868,5873,San Jacinto CDF Fire Station 25,San Jacinto - Valley Cemetary,12102,12202,7.2,3.0037,0.051148,0.02777,8.2775,4.7466,-16.07,-16.79
280,5873,5879,San Jacinto - Valley Cemetary,San Jacinto - CDF Fire Station,12202,12673,7.2,3.0079,0.02777,0.048216,4.7466,8.281,-16.79,-16.05
280,5957,6052,San Bernardino - I10/215 W Geot,"SBVC, Observatory",23792,5438,7.2,3.0087,0.018793,0.015127,5.3991,4.9068,-16.74,-16.59
280,5953,6052,San Bernardino - E & Hospitality,"SBVC, Observatory",23542,5438,7.2,3.0204,0.022056,0.015127,5.3471,4.9068,-16.68,-16.59
280,5980,6000,Colton - Kaiser Medical Clinic,San Bernardino - Fire Sta. #11,5341,5329,7.2,3.0221,0.012995,0.025166,4.1796,6.2241,-17.06,-16.29
280,5925,5926,Santa Ana - 1st & Franklin,Santa Ana - Warner & Greenville,13890,13891,7.2,3.0354,0.016647,0.017489,5.0904,5.9315,-32.97,-33.7
280,5957,5999,San Bernardino - I10/215 W Geot,San Bernardino - Fire Sta. #10,23792,5339,7.2,3.0374,0.018793,0.015443,5.3991,5.7081,-16.74,-16.1
280,5954,5999,San Bernardino - I10/215 Int,San Bernardino - Fire Sta. #10,23631,5339,7.2,3.0707,0.029696,0.015443,5.4592,5.7081,-16.77,-16.1
280,5952,6052,San Bernardino - 3-story Office,"SBVC, Observatory",23516,5438,7.2,3.1916,0.01979,0.015127,5.2749,4.9068,-16.63,-16.59
280,5956,6000,San Bernardino - Mtn Vw & Clstr,San Bernardino - Fire Sta. #11,23780,5329,7.2,3.1992,0.014078,0.025166,5.4808,6.2241,-15.93,-16.29
280,5873,5882,San Jacinto - Valley Cemetary,Hemet - Acacia & Stanford,12202,12923,7.2,3.2177,0.02777,0.033763,4.7466,5.0379,-16.79,-16.51
280,5955,5959,San Bernardino - 3-story Motel,San Bernardino - Medical Center,23701,23898,7.2,3.2466,0.015273,0.014832,4.0687,4.8118,-15.48,-15.84
280,5875,5882,Hemet - 1-story Library,Hemet - Acacia & Stanford,12266,12923,7.2,3.2665,0.043767,0.033763,4.4232,5.0379,-17.24,-16.51
280,5980,6052,Colton - Kaiser Medical Clinic,"SBVC, Observatory",5341,5438,7.2,3.2672,0.012995,0.015127,4.1796,4.9068,-17.06,-16.59
280,5920,5928,Garden Grove - Hwy 22 & Harbor,Orange - I5 & Chapman,13884,13893,7.2,3.3408,0.016138,0.011021,6.5959,4.7379,-32.69,-31.92
280,5996,6052,San Bernardino - FS No. 01,"SBVC, Observatory",5326,5438,7.2,3.3427,0.014706,0.015127,5.8699,4.9068,-15.7,-16.59
280,5916,5924,Orange - Hwy 22/Hwy 55 Grounds,Santa Ana - I5 & 4th St,13875,13889,7.2,3.3545,0.0092838,0.012697,3.9809,4.7578,-31.42,-32.23
280,5904,5917,Newport Bch - Irvine Ave. F.S,Newport Beach - Balboa & Medina,13160,13876,7.2,3.3563,0.017878,0.014957,5.159,5.3651,-35.66,-36.46
280,5958,6011,San Bernardino - Highland & Rosa,San Bernardino - Lincoln School,23897,5373,7.2,3.4031,0.0073848,0.010689,4.4551,4.8415,-14.61,-15.45
280,5904,5918,Newport Bch - Irvine Ave. F.S,Newport Beach - Balboa Island,13160,13877,7.2,3.4107,0.017878,0.019432,5.159,5.3843,-35.66,-36.26
280,5958,6042,San Bernardino - Highland & Rosa,San Bernardino - Serrano School,23897,5336,7.2,3.4144,0.0073848,0.0097491,4.4551,4.6298,-14.61,-13.74
280,5959,6011,San Bernardino - Medical Center,San Bernardino - Lincoln School,23898,5373,7.2,3.4149,0.014832,0.010689,4.8118,4.8415,-15.84,-15.45
280,5952,5956,San Bernardino - 3-story Office,San Bernardino - Mtn Vw & Clstr,23516,23780,7.2,3.452,0.01979,0.014078,5.2749,5.4808,-16.63,-15.93
280,5920,5925,Garden Grove - Hwy 22 & Harbor,Santa Ana - 1st & Franklin,13884,13890,7.2,3.4706,0.016138,0.016647,6.5959,5.0904,-32.69,-32.97
280,5953,5956,San Bernardino - E & Hospitality,San Bernardino - Mtn Vw & Clstr,23542,23780,7.2,3.4777,0.022056,0.014078,5.3471,5.4808,-16.68,-15.93
280,5837,5985,El Centro - Imperial & Ross,El Centro Differential Array,1711,5165,7.2,3.4804,0.36479,0.50737,47.939,37.767,76.93,77.88
280,5878,6007,Indio - Riverside Co Fair Grnds,Indio - Jackson Road,12543,5294,7.2,3.4964,0.036719,0.038231,6.3583,4.688,5.27,5.98
280,5907,5922,Huntington Beach - Lake St,Huntington Beach - Adams & Bushard,13197,13887,7.2,3.5105,0.018626,0.022591,6.1693,7.4025,-36.0,-35.31
280,5985,5991,El Centro Differential Array,El Centro Array #10,5165,412,7.2,3.5364,0.50737,0.37378,37.767,49.956,77.88,76.64
280,5999,6011,San Bernardino - Fire Sta. #10,San Bernardino - Lincoln School,5339,5373,7.2,3.5486,0.015443,0.010689,5.7081,4.8415,-16.1,-15.45
280,5885,6050,Rancho Mirage - G Ford & B Hope,Thousand Palms Post Office,12953,5068,7.2,3.5895,0.038194,0.027304,4.2458,4.6462,-0.34,0.76
280,5956,5957,San Bernardino - Mtn Vw & Clstr,San Bernardino - I10/215 W Geot,23780,23792,7.2,3.6162,0.014078,0.018793,5.4808,5.3991,-15.93,-16.74
280,5920,5921,Garden Grove - Hwy 22 & Harbor,Garden Grove - Brookhurst & Westminster,13884,13885,7.2,3.6526,0.016138,0.013689,6.5959,6.644,-32.69,-33.33
280,5954,5956,San Bernardino - I10/215 Int,San Bernardino - Mtn Vw & Clstr,23631,23780,7.2,3.6535,0.029696,0.014078,5.4592,5.4808,-16.77,-15.93
280,5844,5846,San Diego - 8th & J St,San Diego - Hwy 15 & Ocean,3145,3147,7.2,3.6651,0.046042,0.044524,7.2106,8.0436,-61.77,-62.1
280,5915,5919,Anaheim - Lakeview & Riverdale,Anaheim - Kraemer & La Palma,13849,13883,7.2,3.6954,0.015977,0.0099782,4.8168,4.8257,-29.44,-29.97
280,5958,5983,San Bernardino - Highland & Rosa,San Bernardino - Del Rosa Wk Sta,23897,5331,7.2,3.7074,0.0073848,0.013673,4.4551,4.3947,-14.61,-13.94
280,5909,5936,Moreno Valley - 3-story County,Moreno Valley - Indian & Kennedy,13213,13925,7.2,3.714,0.028729,0.015144,3.765,3.3889,-18.13,-19.13
280,5947,6017,Grand Terrace - Mt Vernon,San Bernardino - Montecito Mem,23084,5479,7.2,3.7234,0.023389,0.015955,3.449,5.2862,-17.71,-16.71
280,5947,5954,Grand Terrace - Mt Vernon,San Bernardino - I10/215 Int,23084,23631,7.2,3.749,0.023389,0.029696,3.449,5.4592,-17.71,-16.77
280,5946,6056,Yucaipa - Bryant & Oak Glen,Mill Creek Ranger Station,23075,5076,7.2,3.7833,0.01171,0.027831,4.5773,4.381,-11.96,-11.53
280,5891,5901,Riverside - Hwy 91 & Van Buren,Riverside Airport,13079,13123,7.2,3.7907,0.020504,0.0085674,2.8783,2.6853,-22.52,-21.81
280,5983,6042,San Bernardino - Del Rosa Wk Sta,San Bernardino - Serrano School,5331,5336,7.2,3.8002,0.013673,0.0097491,4.3947,4.6298,-13.94,-13.74
280,5947,5957,Grand Terrace - Mt Vernon,San Bernardino - I10/215 W Geot,23084,23792,7.2,3.8252,0.023389,0.018793,3.449,5.3991,-17.71,-16.74
280,5919,5923,Anaheim - Kraemer & La Palma,Orange - Shaffer & Taft,13883,13888,7.2,3.8355,0.0099782,0.013024,4.8257,4.9621,-29.97,-30.65
280,5958,5997,San Bernardino - Highland & Rosa,San Bernardino - Fire Sta. #4,23897,5337,7.2,3.8529,0.0073848,0.017987,4.4551,5.1464,-14.61,-15.23
280,5836,6013,El Centro - Meloland Geot. Array,El Centro - Meadows Union School,1336,464,7.2,3.8628,0.37814,0.19459,27.134,25.915,90.0,83.56
280,5838,6013,El Centro - Meloland Geotechnic,El Centro - Meadows Union School,1794,464,7.2,3.8628,0.19262,0.19459,25.673,25.915,90.0,83.56
280,5873,5877,San Jacinto - Valley Cemetary,Hemet Fire Station,12202,12331,7.2,3.8689,0.02777,0.04176,4.7466,4.422,-16.79,-18.05
280,5998,6052,San Bernardino - Fire Sta. #9,"SBVC, Observatory",5330,5438,7.2,3.8977,0.0095636,0.015127,3.5389,4.9068,-16.94,-16.59
280,6000,6052,San Bernardino - Fire Sta. #11,"SBVC, Observatory",5329,5438,7.2,3.8988,0.025166,0.015127,6.2241,4.9068,-16.29,-16.59
280,5980,5999,Colton - Kaiser Medical Clinic,San Bernardino - Fire Sta. #10,5341,5339,7.2,3.9543,0.012995,0.015443,4.1796,5.7081,-17.06,-16.1
280,5868,6038,San Jacinto CDF Fire Station 25,San Jacinto - MWD West Portal,12102,5289,7.2,3.9659,0.051148,0.014026,8.2775,5.7101,-16.07,-15.43
280,5898,5913,Corona - Hwy 91 & McKinley,Corona - California Ave,13098,13726,7.2,3.9667,0.0091477,0.010724,2.8181,3.1325,-24.43,-25.5
280,5899,5900,Corona - 6th & Smith,Corona - Green River & Cyn Crest,13099,13100,7.2,3.9713,0.01373,0.01124,4.475,5.0763,-25.83,-26.49
280,5879,6038,San Jacinto - CDF Fire Station,San Jacinto - MWD West Portal,12673,5289,7.2,3.9871,0.048216,0.014026,8.281,5.7101,-16.05,-15.43
280,5898,5912,Corona - Hwy 91 & McKinley,Corona - 2-story Office Bldg,13098,13698,7.2,3.9884,0.0091477,0.01095,2.8181,3.0949,-24.43,-25.5
280,5947,5953,Grand Terrace - Mt Vernon,San Bernardino - E & Hospitality,23084,23542,7.2,4.007,0.023389,0.022056,3.449,5.3471,-17.71,-16.68
280,5996,5997,San Bernardino - FS No. 01,San Bernardino - Fire Sta. #4,5326,5337,7.2,4.0094,0.014706,0.017987,5.8699,5.1464,-15.7,-15.23
280,5996,6000,San Bernardino - FS No. 01,San Bernardino - Fire Sta. #11,5326,5329,7.2,4.0856,0.014706,0.025166,5.8699,6.2241,-15.7,-16.29
280,5991,5992,El Centro Array #10,El Centro Array #11,412,5058,7.2,4.0924,0.37378,0.50282,49.956,59.797,76.64,79.5
280,5837,5992,El Centro - Imperial & Ross,El Centro Array #11,1711,5058,7.2,4.1055,0.36479,0.50282,47.939,59.797,76.93,79.5
280,5958,5996,San Bernardino - Highland & Rosa,San Bernardino - FS No. 01,23897,5326,7.2,4.1207,0.0073848,0.014706,4.4551,5.8699,-14.61,-15.7
280,5877,5894,Hemet Fire Station,Hemet - Cawston & Devonshire,12331,13093,7.2,4.131,0.04176,0.042687,4.422,5.3915,-18.05,-18.29
280,5947,5952,Grand Terrace - Mt Vernon,San Bernardino - 3-story Office,23084,23516,7.2,4.1414,0.023389,0.01979,3.449,5.2749,-17.71,-16.63
280,5889,5928,Santa Ana - Grand & Santa Clara,Orange - I5 & Chapman,13069,13893,7.2,4.1523,0.010113,0.011021,4.5404,4.7379,-31.83,-31.92
280,5891,5930,Riverside - Hwy 91 & Van Buren,Riverside - Hole & La Sierra,13079,13913,7.2,4.1583,0.020504,0.0089399,2.8783,2.7162,-22.52,-23.21
280,5887,5889,Orange - Chapman & Esplanada,Santa Ana - Grand & Santa Clara,13067,13069,7.2,4.2856,0.011404,0.010113,4.2681,4.5404,-30.9,-31.83
280,5955,5997,San Bernardino - 3-story Motel,San Bernardino - Fire Sta. #4,23701,5337,7.2,4.3322,0.015273,0.017987,4.0687,5.1464,-15.48,-15.23
280,5990,6013,El Centro Array #7,El Centro - Meadows Union School,5028,464,7.2,4.3349,0.24601,0.19459,23.768,25.915,75.69,83.56
280,5959,5998,San Bernardino - Medical Center,San Bernardino - Fire Sta. #9,23898,5330,7.2,4.3404,0.014832,0.0095636,4.8118,3.5389,-15.84,-16.94
280,5870,6009,Idyllwild - Hwy 243 & Pine Crest,Idyllwild - Keenwild Fire Sta.,12116,5232,7.2,4.3739,0.044324,0.0080932,3.1528,3.3469,-10.78,-11.85
280,5868,5875,San Jacinto CDF Fire Station 25,Hemet - 1-story Library,12102,12266,7.2,4.3846,0.051148,0.043767,8.2775,4.4232,-16.07,-17.24
280,5875,5879,Hemet - 1-story Library,San Jacinto - CDF Fire Station,12266,12673,7.2,4.3992,0.043767,0.048216,4.4232,8.281,-17.24,-16.05
280,5911,6026,Oceanside B - Fire Station,Oceanside - Fire Station No. 1,13333,5430,7.2,4.4019,0.025183,0.0098183,5.0962,5.0988,-41.92,-42.6
280,5952,5996,San Bernardino - 3-story Office,San Bernardino - FS No. 01,23516,5326,7.2,4.5087,0.01979,0.014706,5.2749,5.8699,-16.63,-15.7
280,5956,5980,San Bernardino - Mtn Vw & Clstr,Colton - Kaiser Medical Clinic,23780,5341,7.2,4.539,0.014078,0.012995,5.4808,4.1796,-15.93,-17.06
280,5875,5894,Hemet - 1-story Library,Hemet - Cawston & Devonshire,12266,13093,7.2,4.5426,0.043767,0.042687,4.4232,5.3915,-17.24,-18.29
280,6011,6052,San Bernardino - Lincoln School,"SBVC, Observatory",5373,5438,7.2,4.5503,0.010689,0.015127,4.8415,4.9068,-15.45,-16.59
280,5901,5933,Riverside Airport,Riverside - Limonite & Downey,13123,13921,7.2,4.5531,0.0085674,0.0098008,2.6853,2.6904,-21.81,-21.94
280,5953,5996,San Bernardino - E & Hospitality,San Bernardino - FS No. 01,23542,5326,7.2,4.5531,0.022056,0.014706,5.3471,5.8699,-16.68,-15.7
280,5893,5897,Murrieta - Clinton Keith,Wildomar - Palomar,13081,13097,7.2,4.5538,0.010178,0.027824,3.149,4.2286,-28.6,-27.72
280,5898,5930,Corona - Hwy 91 & McKinley,Riverside - Hole & La Sierra,13098,13913,7.2,4.5721,0.0091477,0.0089399,2.8181,2.7162,-24.43,-23.21
280,5884,5885,Palm Desert - Country Club & Por,Rancho Mirage - G Ford & B Hope,12952,12953,7.2,4.6337,0.055972,0.038194,6.5739,4.2458,0.34,-0.34
280,5999,6017,San Bernardino - Fire Sta. #10,San Bernardino - Montecito Mem,5339,5479,7.2,4.65,0.015443,0.015955,5.7081,5.2862,-16.1,-16.71
280,5924,5925,Santa Ana - I5 & 4th St,Santa Ana - 1st & Franklin,13889,13890,7.2,4.6709,0.012697,0.016647,4.7578,5.0904,-32.23,-32.97
280,5985,5990,El Centro Differential Array,El Centro Array #7,5165,5028,7.2,4.6752,0.50737,0.24601,37.767,23.768,77.88,75.69
280,5957,5996,San Bernardino - I10/215 W Geot,San Bernardino - FS No. 01,23792,5326,7.2,4.7,0.018793,0.014706,5.3991,5.8699,-16.74,-15.7
280,5877,5882,Hemet Fire Station,Hemet - Acacia & Stanford,12331,12923,7.2,4.7416,0.04176,0.033763,4.422,5.0379,-18.05,-16.51
280,5954,5996,San Bernardino - I10/215 Int,San Bernardino - FS No. 01,23631,5326,7.2,4.7445,0.029696,0.014706,5.4592,5.8699,-16.77,-15.7
280,5921,5929,Garden Grove - Brookhurst & Westminster,Garden Grove - Chapman & West,13885,13894,7.2,4.7473,0.013689,0.012349,6.644,6.1796,-33.33,-32.2
280,5880,6007,Indio - Monroe & Carreon,Indio - Jackson Road,12904,5294,7.2,4.7929,0.043943,0.038231,7.3272,4.688,4.56,5.98
280,5925,5928,Santa Ana - 1st & Franklin,Orange - I5 & Chapman,13890,13893,7.2,4.7957,0.016647,0.011021,5.0904,4.7379,-32.97,-31.92
280,5892,6034,Moreno Valley - Sunny Mead & Vil,Reche Canyon - Olive Dell Ranch,13080,5037,7.2,4.8338,0.026356,0.0064679,3.8194,4.105,-17.98,-16.66
280,5925,5927,Santa Ana - 1st & Franklin,Santa Ana - MacArthrur & Bristol,13890,13892,7.2,4.8464,0.016647,0.020056,5.0904,5.3535,-32.97,-33.8
280,5916,5923,Orange - Hwy 22/Hwy 55 Grounds,Orange - Shaffer & Taft,13875,13888,7.2,4.8986,0.0092838,0.013024,3.9809,4.9621,-31.42,-30.65
280,5933,5948,Riverside - Limonite & Downey,Mira Loma - Mission&San Sevaine,13921,23091,7.2,4.911,0.0098008,0.012444,2.6904,2.6898,-21.94,-21.51
280,5959,5996,San Bernardino - Medical Center,San Bernardino - FS No. 01,23898,5326,7.2,4.9127,0.014832,0.014706,4.8118,5.8699,-15.84,-15.7
280,5983,5997,San Bernardino - Del Rosa Wk Sta,San Bernardino - Fire Sta. #4,5331,5337,7.2,4.9202,0.013673,0.017987,4.3947,5.1464,-13.94,-15.23
280,5844,5855,San Diego - 8th & J St,San Diego - UCSD Hospital Grnds,3145,3746,7.2,4.9247,0.046042,0.03951,7.2106,5.6504,-61.77,-59.65
280,6009,8162,Idyllwild - Keenwild Fire Sta.,Hurkey Creek Park,5232,5043,7.2,4.9295,0.0080932,0.0044101,3.3469,0.88815,-11.85,-11.62
280,5956,5997,San Bernardino - Mtn Vw & Clstr,San Bernardino - Fire Sta. #4,23780,5337,7.2,4.9348,0.014078,0.017987,5.4808,5.1464,-15.93,-15.23
280,5915,5923,Anaheim - Lakeview & Riverdale,Orange - Shaffer & Taft,13849,13888,7.2,4.9433,0.015977,0.013024,4.8168,4.9621,-29.44,-30.65
280,5865,5869,Palm Springs Airport,Cathedral City - Ramon,12025,12108,7.2,4.9618,0.032819,0.040004,3.8125,4.3885,-2.83,-1.48
280,5889,5925,Santa Ana - Grand & Santa Clara,Santa Ana - 1st & Franklin,13069,13890,7.2,4.9905,0.010113,0.016647,4.5404,5.0904,-31.83,-32.97
1001,8632,8641,San Francisco; Fire Station 25 Bayview; Third St; 2-story; ground level,San Francisco; Fire Station 09 Jerrold Ave; 2-story;ground level,1795,1816,5.45,1.2905,0.010586,0.0081284,0.71631,0.56189,,
1001,8614,8629,San Francisco; Fire Station 07 Mission; Folsom Ave; 2-story; ground level,San Francisco; Fire Station 40 18th Ave; 2-story; ground level,1770,1792,5.45,1.6494,0.012859,0.013263,0.49078,0.57418,,
1001,8643,8647,San Francisco; Fire Station 43 Moscow St; 2-story; ground level,San Francisco; City College Phelan St; 1-story; ground level,1818,1824,5.45,1.7494,0.014795,0.011682,0.55775,0.37885,,
1001,8616,8618,San Francisco; Fire Station 18 Sunset; 32nd Ave; 2-story; ground level,San Francisco - Fire Station #2,1772,1774,5.45,1.7618,0.012217,0.0085708,0.5902,0.49186,,
1001,8617,8642,San Francisco; Fire Station 22 Golden Gate Park; 16th Ave; 2-story; ground level,San Francisco; Fire Station 14 26th Ave; 2-story; ground level,1773,1817,5.45,2.0298,0.012085,0.0086705,0.62659,0.45735,,
1001,8616,8617,San Francisco; Fire Station 18 Sunset; 32nd Ave; 2-story; ground level,San Francisco; Fire Station 22 Golden Gate Park; 16th Ave; 2-story; ground level,1772,1773,5.45,2.0855,0.012217,0.012085,0.5902,0.62659,,
1001,8614,8641,San Francisco; Fire Station 07 Mission; Folsom Ave; 2-story; ground level,San Francisco; Fire Station 09 Jerrold Ave; 2-story;ground level,1770,1816,5.45,2.1037,0.012859,0.0081284,0.49078,0.56189,,
1001,8629,8641,San Francisco; Fire Station 40 18th Ave; 2-story; ground level,San Francisco; Fire Station 09 Jerrold Ave; 2-story;ground level,1792,1816,5.45,2.1347,0.013263,0.0081284,0.57418,0.56189,,
1001,8644,8645,Oakland; Fire Station 03 14th St; 2-story; ground level,Oakland; Fire Station 05 34th St; 1-story; ground level,1819,1820,5.45,2.1456,0.0088621,0.0073768,0.76663,0.67668,,
1001,8614,8615,San Francisco; Fire Station 07 Mission; Folsom Ave; 2-story; ground level,San Francisco; Fire Station 08 China Basin; Bluxome St; 2-story; ground level,1770,1771,5.45,2.4991,0.012859,0.010183,0.49078,0.46061,,
1001,8644,8646,Oakland; Fire Station 03 14th St; 2-story; ground level,Oakland; Fire Station 12 Alice St; 2-story; ground level,1819,1821,5.45,2.5146,0.0088621,0.0096462,0.76663,0.68162,,
1001,8619,8655,Mountain View; Fire Station 3 North Rengstorff Ave; 1-story; ground level,Mt View Fire Sta 5,1775,1834,5.45,2.5415,0.020157,0.015768,1.4799,0.92617,,
1001,8618,8642,San Francisco - Fire Station #2,San Francisco; Fire Station 14 26th Ave; 2-story; ground level,1774,1817,5.45,2.5475,0.0085708,0.0086705,0.49186,0.45735,,
1001,8633,8653,Mountain View; Fire Station 4 N. Whisman; 1-story; ground level,Mtn View; Fire Station 02 Cuesta Dr; 1-story; ground level,1796,1830,5.45,2.7187,0.03472,0.014817,2.4148,1.4032,,
1001,8617,8618,San Francisco; Fire Station 22 Golden Gate Park; 16th Ave; 2-story; ground level,San Francisco - Fire Station #2,1773,1774,5.45,2.7683,0.012085,0.0085708,0.62659,0.49186,,
1001,8614,8632,San Francisco; Fire Station 07 Mission; Folsom Ave; 2-story; ground level,San Francisco; Fire Station 25 Bayview; Third St; 2-story; ground level,1770,1795,5.45,2.9191,0.012859,0.010586,0.49078,0.71631,,
1001,8622,8659,San Jose; Fire Station 09 Southwest; Ross Ave; 1-story; ground level,Campbell; Fire Station 11 Union Av; 2-story; ground level,1780,1839,5.45,2.9999,0.036521,0.12503,3.7486,4.5463,,
1001,8645,8646,Oakland; Fire Station 05 34th St; 1-story; ground level,Oakland; Fire Station 12 Alice St; 2-story; ground level,1820,1821,5.45,3.0233,0.0073768,0.0096462,0.67668,0.68162,,
1001,8639,8650,Albany; Fire Station No. 1,Berkeley; Fire Station 01 8th St; 2-story; ground level,1807,1827,5.45,3.0576,0.0071905,0.0052376,0.37881,0.48555,,
1001,8616,8642,San Francisco; Fire Station 18 Sunset; 32nd Ave; 2-story; ground level,San Francisco; Fire Station 14 26th Ave; 2-story; ground level,1772,1817,5.45,3.1848,0.012217,0.0086705,0.5902,0.45735,,
1001,8629,8647,San Francisco; Fire Station 40 18th Ave; 2-story; ground level,San Francisco; City College Phelan St; 1-story; ground level,1792,1824,5.45,3.3098,0.013263,0.011682,0.57418,0.37885,,
1001,8619,8633,Mountain View; Fire Station 3 North Rengstorff Ave; 1-story; ground level,Mountain View; Fire Station 4 N. Whisman; 1-story; ground level,1775,1796,5.45,3.3395,0.020157,0.03472,1.4799,2.4148,,
1001,8623,8659,San Jose; Fire Station 06 Central; Cherry Ave; 1-story; ground level,Campbell; Fire Station 11 Union Av; 2-story; ground level,1781,1839,5.45,3.3509,0.055588,0.12503,3.6092,4.5463,,
1001,8629,8632,San Francisco; Fire Station 40 18th Ave; 2-story; ground level,San Francisco; Fire Station 25 Bayview; Third St; 2-story; ground level,1792,1795,5.45,3.3873,0.013263,0.010586,0.57418,0.71631,,
1001,8620,8634,San Jose; Fire Station 14 West; San Tomas Aquino Rd; 1-story; ground level,Campbell; Westmont High Sch,1778,1799,5.45,3.5262,0.029687,0.021439,1.8408,1.9601,,
1001,8629,8643,San Francisco; Fire Station 40 18th Ave; 2-story; ground level,San Francisco; Fire Station 43 Moscow St; 2-story; ground level,1792,1818,5.45,3.5299,0.013263,0.014795,0.57418,0.55775,,
1001,8615,8632,San Francisco; Fire Station 08 China Basin; Bluxome St; 2-story; ground level,San Francisco; Fire Station 25 Bayview; Third St; 2-story; ground level,1771,1795,5.45,3.538,0.010183,0.010586,0.46061,0.71631,,
1001,8650,8651,Berkeley; Fire Station 01 8th St; 2-story; ground level,Berkeley; Fire Station 03 Russell Street; 1-story; ground level,1827,1828,5.45,3.5902,0.0052376,0.0092978,0.48555,0.45605,,
1001,8654,8660,Sunnyvale; Braly School Gail Ave; 1-story; ground level,Santa Clara; Fire Station 05 Bowers Ave; 1-story; ground level,1831,1841,5.45,3.6284,0.043379,0.090332,3.4113,5.6302,,
1001,8615,8641,San Francisco; Fire Station 08 China Basin; Bluxome St; 2-story; ground level,San Francisco; Fire Station 09 Jerrold Ave; 2-story;ground level,1771,1816,5.45,3.6455,0.010183,0.0081284,0.46061,0.56189,,
1001,8620,8624,San Jose; Fire Station 14 West; San Tomas Aquino Rd; 1-story; ground level,San Jose; Fire Station 10 Northwest; South Monroe St; 2-story; ground level,1778,1782,5.45,3.6543,0.029687,0.073507,1.8408,3.44,,
1001,8624,8659,San Jose; Fire Station 10 Northwest; South Monroe St; 2-story; ground level,Campbell; Fire Station 11 Union Av; 2-story; ground level,1782,1839,5.45,3.707,0.073507,0.12503,3.44,4.5463,,
1001,8627,8658,Milpitas Fire Station 4,San Jose; CHP Field Office Junction Ave; 1-story; ground level,1788,1838,5.45,3.7683,0.068554,0.12186,3.9349,10.627,,
1001,8633,8655,Mountain View; Fire Station 4 N. Whisman; 1-story; ground level,Mt View Fire Sta 5,1796,1834,5.45,3.801,0.03472,0.015768,2.4148,0.92617,,
1001,8619,8653,Mountain View; Fire Station 3 North Rengstorff Ave; 1-story; ground level,Mtn View; Fire Station 02 Cuesta Dr; 1-story; ground level,1775,1830,5.45,3.9277,0.020157,0.014817,1.4799,1.4032,,
1001,8627,8648,Milpitas Fire Station 4,San Jose; Laneview School Warmwood Ln; 1-story; ground level,1788,1825,5.45,3.9442,0.068554,0.08539,3.9349,5.6235,,
1001,8623,8624,San Jose; Fire Station 06 Central; Cherry Ave; 1-story; ground level,San Jose; Fire Station 10 Northwest; South Monroe St; 2-story; ground level,1781,1782,5.45,3.9693,0.055588,0.073507,3.6092,3.44,,
1001,8626,8661,Livermore; Fire Station 6,Livermore FS 7,1786,1842,5.45,4.0337,0.012589,0.0077959,1.0687,0.93793,,
1001,8641,8643,San Francisco; Fire Station 09 Jerrold Ave; 2-story;ground level,San Francisco; Fire Station 43 Moscow St; 2-story; ground level,1816,1818,5.45,4.1179,0.0081284,0.014795,0.56189,0.55775,,
1001,8615,8629,San Francisco; Fire Station 08 China Basin; Bluxome St; 2-story; ground level,San Francisco; Fire Station 40 18th Ave; 2-story; ground level,1771,1792,5.45,4.1399,0.010183,0.013263,0.46061,0.57418,,
1001,8645,8650,Oakland; Fire Station 05 34th St; 1-story; ground level,Berkeley; Fire Station 01 8th St; 2-story; ground level,1820,1827,5.45,4.2265,0.0073768,0.0052376,0.67668,0.48555,,
1001,8645,8651,Oakland; Fire Station 05 34th St; 1-story; ground level,Berkeley; Fire Station 03 Russell Street; 1-story; ground level,1820,1828,5.45,4.2433,0.0073768,0.0092978,0.67668,0.45605,,
1001,8620,8659,San Jose; Fire Station 14 West; San Tomas Aquino Rd; 1-story; ground level,Campbell; Fire Station 11 Union Av; 2-story; ground level,1778,1839,5.45,4.316,0.029687,0.12503,1.8408,4.5463,,
1001,8622,8623,San Jose; Fire Station 09 Southwest; Ross Ave; 1-story; ground level,San Jose; Fire Station 06 Central; Cherry Ave; 1-story; ground level,1780,1781,5.45,4.3525,0.036521,0.055588,3.7486,3.6092,,
1001,8621,8622,San Jose; Fire Station 13 South; Pearl Ave; 2-story;ground level,San Jose; Fire Station 09 Southwest; Ross Ave; 1-story; ground level,1779,1780,5.45,4.4117,0.079448,0.036521,6.6095,3.7486,,
1001,8621,8625,San Jose; Fire Station 13 South; Pearl Ave; 2-story;ground level,San Jose; Fire Station 26 East; Tully Rd; 1-story; ground level,1779,1783,5.45,4.6122,0.079448,0.11489,6.6095,5.0287,,
1001,8617,8629,San Francisco; Fire Station 22 Golden Gate Park; 16th Ave; 2-story; ground level,San Francisco; Fire Station 40 18th Ave; 2-story; ground level,1773,1792,5.45,4.6125,0.012085,0.013263,0.62659,0.57418,,
1001,8634,8659,Campbell; Westmont High Sch,Campbell; Fire Station 11 Union Av; 2-story; ground level,1799,1839,5.45,4.7139,0.021439,0.12503,1.9601,4.5463,,
1001,8641,8647,San Francisco; Fire Station 09 Jerrold Ave; 2-story;ground level,San Francisco; City College Phelan St; 1-story; ground level,1816,1824,5.45,4.7331,0.0081284,0.011682,0.56189,0.37885,,
1001,8616,8647,San Francisco; Fire Station 18 Sunset; 32nd Ave; 2-story; ground level,San Francisco; City College Phelan St; 1-story; ground level,1772,1824,5.45,4.7592,0.012217,0.011682,0.5902,0.37885,,
1001,8623,8625,San Jose; Fire Station 06 Central; Cherry Ave; 1-story; ground level,San Jose; Fire Station 26 East; Tully Rd; 1-story; ground level,1781,1783,5.45,4.8725,0.055588,0.11489,3.6092,5.0287,,
1001,8648,8658,San Jose; Laneview School Warmwood Ln; 1-story; ground level,San Jose; CHP Field Office Junction Ave; 1-story; ground level,1825,1838,5.45,4.9131,0.08539,0.12186,5.6235,10.627,,
1001,8617,8647,San Francisco; Fire Station 22 Golden Gate Park; 16th Ave; 2-story; ground level,San Francisco; City College Phelan St; 1-story; ground level,1773,1824,5.45,4.9393,0.012085,0.011682,0.62659,0.37885,,
1001,8614,8647,San Francisco; Fire Station 07 Mission; Folsom Ave; 2-story; ground level,San Francisco; City College Phelan St; 1-story; ground level,1770,1824,5.45,4.9544,0.012859,0.011682,0.49078,0.37885,,
1002,8927,8943,Highland Fire Station,San Bernardino - Serrano School,5161,5336,5.39,1.1244,0.022867,0.036917,1.0841,1.3825,,
1002,8926,8966,LA - Wadsworth VA Hospital North,LA - Brentwood VA Hospital,5082,638,5.39,1.6487,0.031231,0.017839,1.693,1.6259,,
1002,8944,8947,San Bernardino - Fire Sta. #4,San Bernardino - Lincoln School,5337,5373,5.39,1.9826,0.02891,0.027986,1.8885,1.5044,,
1002,8886,8967,Olinda - Carbon Canyon Rd,Yorba Linda; Diemer Filtration Plant,13882,698,5.39,2.3312,0.10555,0.117,8.5693,12.145,,
1002,8836,8956,Rinaldi Receiving Sta,Granada Hills; Knollwood FS 18,77,5426,5.39,2.3362,0.14724,0.021577,7.919,1.8192,,
1002,8909,8912,Los Angeles - Beverly Blvd & Virgil,Los Angeles - Hollywood Blvd & Hillhurst,24853,24982,5.39,2.5641,0.039448,0.034685,2.8325,2.9897,,
1002,8940,8944,San Bernardino - Fire Sta. #7,San Bernardino - Fire Sta. #4,5327,5337,5.39,2.8342,0.020511,0.02891,1.4518,1.8885,,
1002,8910,8926,Los Angeles - I10/405 Interchange Grnds,LA - Wadsworth VA Hospital North,24909,5082,5.39,2.9048,0.035286,0.031231,1.883,1.693,,
1002,8888,8932,Redondo Beach - Grant & Mackay,Hawthorne; FAA Bldg,14036,5243,5.39,3.1151,0.022755,0.017598,2.6918,2.0509,,
1002,8889,8958,Compton - Hwy 91 & Wilmington,Compton; Cressey Park Fire Station 3 Rosecrans Ave ;2-story;ground level,14059,5429,5.39,3.1407,0.039937,0.039273,3.0662,3.2973,,
1002,8907,8909,Los Angeles - Wilshire & Western LADOT,Los Angeles - Beverly Blvd & Virgil,24833,24853,5.39,3.1491,0.027905,0.039448,2.2512,2.8325,,
1002,8940,8942,San Bernardino - Fire Sta. #7,San Bernardino - Del Rosa Wk Sta,5327,5331,5.39,3.4072,0.020511,,1.4518,,,
1002,8903,8954,Encino - Balboa & Ventura,Reseda - Fire Station 100,24802,5424,5.39,3.4604,0.032224,0.042734,1.8917,2.5142,,
1002,8906,8913,Los Angeles - Washington & La Brea,Los Angeles - Robertson & Pickford,24818,24983,5.39,3.4983,0.023912,0.045776,1.9985,4.2289,,
1002,8902,8911,Los Angeles - Griffith Park/Toyon(Rock),Glendale - Glenoaks & Western,24752,24943,5.39,3.5076,0.023157,0.044669,1.1316,3.9234,,
1002,8901,8903,Sherman Oaks - Ventura & Columbus,Encino - Balboa & Ventura,24722,24802,5.39,3.5485,0.048051,0.032224,2.9571,1.8917,,
1002,8945,8947,San Bernardino - Fire Sta. #10,San Bernardino - Lincoln School,5339,5373,5.39,3.5486,,0.027986,,1.5044,,
1002,8836,8965,Rinaldi Receiving Sta,LA - Sepulveda VA Hospital,77,637,5.39,3.5703,0.14724,0.055552,7.919,2.45,,
1002,8903,8951,Encino - Balboa & Ventura,Los Angeles; Mullholland Fire Station 109 Mullholland Dr (at Fwy 405); 1-story; ground level,24802,5421,5.39,3.6644,0.032224,0.015206,1.8917,1.014,,
1002,8901,8951,Sherman Oaks - Ventura & Columbus,Los Angeles; Mullholland Fire Station 109 Mullholland Dr (at Fwy 405); 1-story; ground level,24722,5421,5.39,3.7262,0.048051,0.015206,2.9571,1.014,,
1002,8901,8952,Sherman Oaks - Ventura & Columbus,Van Nuys - Fire Station No. 39,24722,5422,5.39,3.7584,0.048051,0.03959,2.9571,1.7816,,
1002,8942,8943,San Bernardino - Del Rosa Wk Sta,San Bernardino - Serrano School,5331,5336,5.39,3.8002,,0.036917,,1.3825,,
1002,8906,8907,Los Angeles - Washington & La Brea,Los Angeles - Wilshire & Western LADOT,24818,24833,5.39,3.8335,0.023912,0.027905,1.9985,2.2512,,
1002,8914,8915,Camarillo - Arneill & Pickwick,Camarillo,25134,25282,5.39,3.9094,0.014373,0.022855,1.3909,1.9899,,
1002,8951,8971,Los Angeles; Mullholland Fire Station 109 Mullholland Dr (at Fwy 405); 1-story; ground level,Los Angeles; Sepulveda Canyon,5421,757,5.39,3.9546,0.015206,0.015373,1.014,0.71767,,
1002,8880,8938,San Jacinto CDF Fire Station 25,San Jacinto - MWD West Portal,12102,5289,5.39,3.9659,0.045538,0.010682,1.3614,0.48989,,
1002,8896,8897,Azusa - Foothill & San Gabriel,Covina - Cypress & Azusa,23178,23179,5.39,4.0294,0.12864,0.14617,9.7117,11.8,,
1002,8966,8971,LA - Brentwood VA Hospital,Los Angeles; Sepulveda Canyon,638,757,5.39,4.0437,0.017839,0.015373,1.6259,0.71767,,
1002,8890,8893,LB - Rancho Los Cerritos,Long Beach - Artesia & Orange,14242,14872,5.39,4.0673,0.05438,0.08071,5.4082,6.4198,,
1002,8836,8953,Rinaldi Receiving Sta,Sylmar - Fire Station #91,77,5423,5.39,4.1413,0.14724,0.04612,7.919,2.9331,,
1002,8910,8966,Los Angeles - I10/405 Interchange Grnds,LA - Brentwood VA Hospital,24909,638,5.39,4.5391,0.035286,0.017839,1.883,1.6259,,
1002,8940,8947,San Bernardino - Fire Sta. #7,San Bernardino - Lincoln School,5327,5373,5.39,4.6813,0.020511,0.027986,1.4518,1.5044,,
1002,8757,8924,Yucaipa; Oak Glen Christian Conf,Forest Falls Post Office,5442,5075,5.39,4.7496,0.0017941,,0.072289,,,
1002,8927,8942,Highland Fire Station,San Bernardino - Del Rosa Wk Sta,5161,5331,5.39,4.8558,0.022867,,1.0841,,,
1002,8907,8912,Los Angeles - Wilshire & Western LADOT,Los Angeles - Hollywood Blvd & Hillhurst,24833,24982,5.39,4.9028,0.027905,0.034685,2.2512,2.9897,,
1002,8942,8944,San Bernardino - Del Rosa Wk Sta,San Bernardino - Fire Sta. #4,5331,5337,5.39,4.9202,,0.02891,,1.8885,,
1002,8908,8909,Los Angeles - Olive & Pico,Los Angeles - Beverly Blvd & Virgil,24838,24853,5.39,4.9267,0.018848,0.039448,2.1445,2.8325,,
1002,8956,8965,Granada Hills; Knollwood FS 18,LA - Sepulveda VA Hospital,5426,637,5.39,4.9679,0.021577,0.055552,1.8192,2.45,,
