EQID,Actual,Mean baseline,Linear Regression,Ridge Regression,Random Forest
25,0.1854402549387238,0.14070362825948754,0.17984365991624002,0.1798157641782183,0.17196772965952317
29,0.1992792781224313,0.15509379687119426,0.24339881950976022,0.24332958924434694,0.2682449694610663
30,0.1006235688286801,0.15522102049746095,0.15847114380539024,0.15846653860084517,0.14836301220090042
30,0.3208061241171112,0.15522102049746095,0.175332769630884,0.1753150651484625,0.2196873760399284
30,0.1370277193691361,0.15522102049746095,0.18915329908589476,0.1891250751796863,0.2558860747976205
30,0.1800527591690466,0.15522102049746095,0.18878297193201302,0.18875387232460006,0.21459647316115124
30,0.0819530369646459,0.15522102049746095,0.19138798208644003,0.19135680904458724,0.23731112961081416
35,0.4316079985794603,0.15522102049746095,0.17638717930913733,0.17636826842903977,0.20716035876807826
42,0.2484390476752176,0.1583084384871931,0.13579767509732377,0.13581300514288425,0.20667974505788783
43,0.2908954242459388,0.1563258416517027,0.12619135685512717,0.12621229551817942,0.16852646308640096
48,0.3689132318537271,0.15509379687119426,0.1576801979892232,0.15767628925551402,0.16748317698886936
48,0.0012470902268127,0.15509379687119426,0.16296609143304272,0.16295932044376227,0.16885191338722882
48,0.003248660756379,0.15509379687119426,0.1647238513575715,0.16471525337712528,0.1614768423134559
48,0.0320131779957285,0.15509379687119426,0.19698280308949506,0.19695046805654973,0.17772753362558685
48,0.3676661416269143,0.15509379687119426,0.1985783630660212,0.19854388537621515,0.18658183248384114
48,0.0044957509831918,0.15509379687119426,0.19913204782584004,0.1990961427829012,0.18418389274396443
48,0.1900652152741587,0.15509379687119426,0.21455137533551177,0.21450393875118562,0.1963121911404753
50,0.0521016624268261,0.15522102049746095,0.12421374426576443,0.12423729799138525,0.1410704302245992
50,0.0809966904968003,0.15522102049746095,0.1282301031841243,0.12825034262179938,0.1410704302245992
50,0.0111999246650802,0.15522102049746095,0.22955223768537714,0.22954162890252247,0.20378578446353773
50,0.2907244522091213,0.15522102049746095,0.14545689565323425,0.1454629195908045,0.14189853728829405
50,0.0371257153234922,0.15522102049746095,0.14752757868995894,0.14753189390578206,0.13841344959418211
50,0.0814935836219913,0.15522102049746095,0.16054848526363777,0.1605420556644238,0.12753452774568708
50,0.0336429371309195,0.15522102049746095,0.16126425203874709,0.16125723179082793,0.12753452774568708
50,0.3717211427059216,0.15522102049746095,0.1635889818745247,0.16358004326616302,0.1273511650094448
50,0.3428261146359475,0.15522102049746095,0.16543182928987657,0.16542136996907392,0.12965794337938566
50,0.276024972546362,0.15522102049746095,0.17664214835919434,0.17662243831500887,0.14112615059147104
50,0.0777148869719028,0.15522102049746095,0.18321712146801544,0.18319198577473803,0.16767217595656178
50,0.0860419957969051,0.15522102049746095,0.18328769002330791,0.18326249609705955,0.16767217595656178
50,0.0259257906584119,0.15522102049746095,0.2827689933536458,0.2827144702555095,0.3030940730954943
50,0.000496893125191,0.15522102049746095,0.18839282093760878,0.18836341427186304,0.16744264006212903
50,0.3729066898355283,0.15522102049746095,0.18923762735668145,0.18920752355908368,0.16744264006212903
50,0.4238228051327478,0.15522102049746095,0.1904292278189057,0.19039814071599873,0.16658014176625918
51,0.0542567129948414,0.1583084384871931,0.1858882572678415,0.18586054616701098,0.17836231521736906
51,0.1067128841869166,0.1583084384871931,0.19339410967888568,0.1933607625874732,0.1633058938950618
51,0.0224033338468913,0.1583084384871931,0.21186166455854766,0.2118125057598358,0.22383286638699468
51,0.0008885474085874,0.1583084384871931,0.20762895999719108,0.20757784643618843,0.2926218589566032
51,0.1284374247177691,0.1583084384871931,0.23063841692668752,0.23057464715481485,0.2143583390431503
51,0.105155740589183,0.1583084384871931,0.22984786647002287,0.22978349631079076,0.2159538990400388
51,0.4613993467235276,0.1583084384871931,0.23205888595549262,0.23199026192641842,0.22527844718586862
51,0.5521221090992907,0.1583084384871931,0.24620813763035898,0.24612715866891735,0.21978305829670883
51,0.0843095503400253,0.1583084384871931,0.2661188149260638,0.2660261992748826,0.29168376869875934
51,0.0741807117229276,0.1583084384871931,0.2699253067855388,0.26983038876676424,0.25602940969875265
51,0.4071426337286862,0.1583084384871931,0.2678476861250507,0.26775104087607743,0.26659712610032377
61,0.1014318243326228,0.14070362825948754,0.09178506499817193,0.0918241850454687,0.10481782293305035
71,0.0429342708255615,0.1563258416517027,0.11535692944804837,0.11538536302178874,0.1354691803566868
71,0.0984856074318526,0.1563258416517027,0.11541150685528079,0.11543989160969151,0.1385794069611619
71,0.1414198782574142,0.1563258416517027,0.12007168292711384,0.12009659085553233,0.1400900639620938
71,0.0999040121022344,0.1563258416517027,0.12487057749761027,0.12489220929223728,0.1652888652910294
71,0.0723625566899853,0.1563258416517027,0.12978469756525585,0.12980259878721712,0.1661342116299038
71,0.0201538324641243,0.1563258416517027,0.13014332915555538,0.13016069958953358,0.14096058264174918
71,0.07975017963811,0.1563258416517027,0.13171493260171313,0.13173146240335673,0.16516212118086274
71,0.1241873956191049,0.1563258416517027,0.1323765683530781,0.1323927774494347,0.1750472761713522
71,0.1152968275155469,0.1563258416517027,0.13381144123492617,0.1338263400169513,0.16585359121362286
71,0.0981705902185402,0.1563258416517027,0.1342504449680046,0.13426494346405246,0.1637901383907721
71,0.1147526328214154,0.1563258416517027,0.1349553736757405,0.13496965147006362,0.1750472761713522
71,0.1259208175027991,0.1563258416517027,0.13461135241055755,0.1346253819788012,0.16844197721260187
71,0.118639439895977,0.1563258416517027,0.13486045504062144,0.13487429805255097,0.1681601637594094
71,0.0187354277937426,0.1563258416517027,0.13553054420654764,0.13554422174232722,0.16306627861468823
71,0.2496170267428853,0.1563258416517027,0.13777001098659403,0.13778206697456524,0.16329943622264181
71,0.1028937188242525,0.1563258416517027,0.13797341204663122,0.1379852071152925,0.16409119984960552
71,0.2137824349473995,0.1563258416517027,0.13800189298785698,0.13801365878118338,0.16409119984960552
71,0.0017334218836941,0.1563258416517027,0.1388112799749302,0.13882269916287324,0.1721363959569488
71,0.0616696986193041,0.1563258416517027,0.13967116336424723,0.13968175317720416,0.16315314171706935
71,0.1615737107215386,0.1563258416517027,0.13951825870645396,0.139528626669118,0.1606559647768582
71,0.0118589139971628,0.1563258416517027,0.1406836272858027,0.140693302587931,0.1620900026677467
71,0.1467233079186327,0.1563258416517027,0.1422336135551499,0.14224263921697552,0.16090059378564084
71,0.0260168054005647,0.1563258416517027,0.14174949964374683,0.14175846145250645,0.1635296642632751
71,0.1301158062096743,0.1563258416517027,0.15372264477049113,0.15372341574739723,0.1721143706204559
71,0.0842214706871482,0.1563258416517027,0.1535351919754721,0.15353508365625096,0.17109621807349223
71,0.0184204105804302,0.1563258416517027,0.1544287924692867,0.15442853932853337,0.18289949288051466
71,0.1057669850386747,0.1563258416517027,0.1540603005958982,0.15405978842166065,0.17355121978472055
71,0.2339362674115239,0.1563258416517027,0.15637139644292036,0.15636942890446037,0.17208366336965994
71,0.0676364649934769,0.1563258416517027,0.15739452754185612,0.15739242411564164,0.16802496146927862
71,0.1099619737455499,0.1563258416517027,0.15759207516514034,0.1575899244367931,0.17194633715353727
71,0.0305311621342672,0.1563258416517027,0.15694273593564123,0.15694061066287127,0.17636553741056524
71,0.2190858646086181,0.1563258416517027,0.15763009400724215,0.1576278750782,0.17052246904462007
71,0.2505437691204824,0.1563258416517027,0.15724649013159026,0.1572435599948051,0.15503820174237992
71,0.1340322553092895,0.1563258416517027,0.15863574244125606,0.15863241546623535,0.1690384469313103
71,0.1169060180122828,0.1563258416517027,0.1586548303122266,0.1586514175318726,0.17646715665783816
71,0.1348643939214698,0.1563258416517027,0.1592766403254124,0.1592731247110641,0.16693905873247747
71,0.0247021941679154,0.1563258416517027,0.15938183308373055,0.15937822809500982,0.16693905873247747
71,0.1518579356806252,0.1563258416517027,0.15956281007266582,0.15955914635506024,0.16943656630781895
71,0.1271557415127098,0.1563258416517027,0.15819536804730516,0.1581917829020918,0.1708635928315982
71,0.0114763663136973,0.1563258416517027,0.15967900968982202,0.15967529073105602,0.17087999077773056
71,0.2620201354341797,0.1563258416517027,0.15996531219847798,0.15996135763570934,0.17016916025024312
71,0.0072813776068221,0.1563258416517027,0.15877742648096427,0.15877338688467804,0.16314473960123613
71,0.0041949887068751,0.1563258416517027,0.16058913428445415,0.16058479198866876,0.1709411313456849
71,0.0124031086912943,0.1563258416517027,0.16108335509334082,0.16107814209774823,0.17266059531238467
71,0.0314579045118642,0.1563258416517027,0.16188220417775195,0.16187682197434072,0.17016916025024312
71,0.0737834132639372,0.1563258416517027,0.16196460046253963,0.16195905590749854,0.1663894973370715
71,0.3605057428660323,0.1563258416517027,0.16246186606697366,0.16245604709844277,0.16990399607841195
71,0.1598402888378444,0.1563258416517027,0.16299947638597861,0.162992823084297,0.17239543114055347
71,0.1399990216834623,0.1563258416517027,0.16461806932184897,0.16461084212859878,0.17232710653754907
71,0.2256413489445624,0.1563258416517027,0.16291249393237128,0.16290538136510918,0.16842530605748293
71,0.1038204612018496,0.1563258416517027,0.1640225488821645,0.16401527770510232,0.16135738683006312
71,0.0059667663741728,0.1563258416517027,0.1640916141789872,0.16408411647535712,0.17359853290161165
71,0.0356528932187394,0.1563258416517027,0.16343285774079613,0.16342534487197127,0.17006353695312917
71,0.1108887161231469,0.1563258416517027,0.1652619448162686,0.1652536077156113,0.16793402862234935
71,0.0302117941074399,0.1563258416517027,0.16744096693976906,0.16743180044311554,0.17355496482785931
71,0.3806595753301567,0.1563258416517027,0.17544126308865246,0.17542574751162882,0.18433055027491702
71,0.0939372457280616,0.1563258416517027,0.17529044117561793,0.1752748928822917,0.18714587566059854
71,0.1283823843259801,0.1563258416517027,0.1776475023721298,0.17763091983677826,0.17934890413039067
71,0.0371053028592097,0.1563258416517027,0.1802130008452641,0.1801944069237145,0.17893052960862207
71,0.1080154499087248,0.1563258416517027,0.17976881096912967,0.17974934992562358,0.1669238246210783
71,0.000926742377597,0.1563258416517027,0.17991181739283674,0.17989233400268786,0.17365980898373798
71,0.1458911693064524,0.1563258416517027,0.1806045599450147,0.1805845577506397,0.17365980898373798
71,0.2322028455278297,0.1563258416517027,0.18171732523892403,0.1816969399288522,0.18243844784773763
71,0.0922038238443674,0.1563258416517027,0.18129111286566635,0.18127050645272028,0.16635899248569697
71,0.2807555632279223,0.1563258416517027,0.18291541266432645,0.18289463595868538,0.17757681396021724
71,0.2457951814086868,0.1563258416517027,0.18235906971171134,0.18233741717869484,0.16781145580075982
71,0.1310425485872713,0.1563258416517027,0.18317357391321437,0.18315184638904342,0.16609576197023249
71,0.0311385364850369,0.1563258416517027,0.18588630464566525,0.18586288188356803,0.17577330128623336
71,0.1156793751990125,0.1563258416517027,0.19340208685559585,0.19337303542299064,0.17681952247295243
71,0.2867223296020951,0.1563258416517027,0.1956970551426659,0.1956672861197815,0.1754701134477294
71,0.2547387578273575,0.1563258416517027,0.1949194629018551,0.19488938897246177,0.1816799433395267
71,0.0319835717747375,0.1563258416517027,0.19505183661249492,0.19502145961023715,0.19034473769775836
71,0.3789261534464625,0.1563258416517027,0.20344428660533873,0.2034083633226852,0.18522048446962772
71,0.2440617595249926,0.1563258416517027,0.20407758973278323,0.20404023604343477,0.17350624242630402
71,0.0051217310844722,0.1563258416517027,0.20601821784128174,0.20597941078940946,0.17324551644556116
71,0.0361785604816127,0.1563258416517027,0.20835222736733422,0.2083130019037489,0.1817524355539989
71,0.1198743639058876,0.1563258416517027,0.20627129634005292,0.2062317647522743,0.1717948411827928
71,0.1293091267035772,0.1563258416517027,0.2089892390973387,0.20894874200964914,0.18619249363799725
76,0.0759814337496302,0.1583084384871931,0.11112376444156272,0.11116336358737808,0.06270784588868558
76,0.1616183117772152,0.1583084384871931,0.11283965824169154,0.11287793024049403,0.06573234234620796
76,0.0384978913779416,0.1583084384871931,0.11783245087206809,0.11786611297973779,0.06452970291931613
76,0.0648767815008113,0.1583084384871931,0.11856530355840025,0.11859855062715728,0.060240735012510295
76,0.2510049801286134,0.1583084384871931,0.12123415856327191,0.12126501654358562,0.060240735012510295
76,0.3365362779209735,0.1583084384871931,0.12351199944928701,0.12354074452163344,0.06878580048924905
76,0.0797454982827947,0.1583084384871931,0.12521008586848803,0.12523740300873998,0.05997528377264371
76,0.0709973864865539,0.1583084384871931,0.1258768150199651,0.1259038795967158,0.06315873857038351
76,0.3293221842883156,0.1583084384871931,0.12554564466073126,0.1255725851459693,0.06563788572309384
76,0.1123530638461741,0.1583084384871931,0.1289401200639452,0.12896386942932833,0.0649073249579161
76,0.4861183867091712,0.1583084384871931,0.131306718508688,0.13132878911910773,0.06386396360079105
76,0.0509180768943104,0.1583084384871931,0.1326646988386125,0.13268529210102195,0.06893930675208819
76,0.3220023666151673,0.1583084384871931,0.13377605648920193,0.13379567295405323,0.06455171883983125
76,0.2604921564573957,0.1583084384871931,0.13653966948212218,0.13655749903570719,0.07313484467715747
76,0.0856368780275849,0.1583084384871931,0.13698794916824053,0.13700472445399958,0.06493805345387214
76,0.0903587349699579,0.1583084384871931,0.13741306684437227,0.13742947877908865,0.06477619139782692
76,0.1995569980315186,0.1583084384871931,0.13789820082744247,0.13791433580532364,0.06697665115658574
76,0.2963164962525062,0.1583084384871931,0.14085717736862158,0.14087117407254562,0.07737692017657964
76,0.0093548429356812,0.1583084384871931,0.14052061566775537,0.14053464981578662,0.06940316476450512
76,0.1707827929406226,0.1583084384871931,0.14289004862148882,0.14290178128481706,0.0769194825426193
76,0.0038900256616829,0.1583084384871931,0.14375582154437713,0.14376689364148754,0.07987023641638619
76,0.1817684546809483,0.1583084384871931,0.1439678750899179,0.14397841751980278,0.07576130191142823
76,0.3780092269369973,0.1583084384871931,0.14368185663384367,0.14369237465407353,0.07481524967692893
76,0.3630735293253879,0.1583084384871931,0.14729916392856104,0.14730758871049593,0.1011968260445306
76,0.3442439137923173,0.1583084384871931,0.14603390506373012,0.14604230385903233,0.07680456187085412
76,0.1721881121651234,0.1583084384871931,0.1485782185398278,0.1485854132498504,0.0996954955703811
76,0.0003971684944195,0.1583084384871931,0.14832716303848242,0.14833437210673706,0.0902538169775502
76,0.2034470236932015,0.1583084384871931,0.1488788434134886,0.14888589609435351,0.10022238353685856
76,0.2145029047270616,0.1583084384871931,0.1479892763636434,0.1479962806502114,0.08059323839993203
76,0.2989900478353374,0.1583084384871931,0.1507831982156635,0.15078844518171464,0.0997581639339852
76,0.0037640645331644,0.1583084384871931,0.14996533994934072,0.1499706177975013,0.07936802092668671
76,0.2777530837227894,0.1583084384871931,0.1508631114900898,0.15086773684594623,0.08162463765797918
76,0.0644796130063918,0.1583084384871931,0.15208983998249986,0.1520932953795739,0.08188458154790391
76,0.1677038725111004,0.1583084384871931,0.1533744080868493,0.15337676852760238,0.08488314170604273
76,0.2164734866934837,0.1583084384871931,0.15391524002987064,0.15391686359448556,0.08065497991694114
76,0.1628332692294422,0.1583084384871931,0.15527355010157223,0.15527395610556577,0.08129613653485596
76,0.3010641243216506,0.1583084384871931,0.157798622754611,0.15779674485997805,0.088529247871749
76,0.0479274175398111,0.1583084384871931,0.16446400590474156,0.16445699659072577,0.11422290087425653
76,0.0453115161238928,0.1583084384871931,0.16493126842772646,0.16492413150806914,0.11675870548702035
76,0.1397633002826993,0.1583084384871931,0.16516273367407933,0.16515547987047602,0.11751038853331913
76,0.0448548082750442,0.1583084384871931,0.16424887955417436,0.16424163241093936,0.10118909868124659
76,0.124600306557839,0.1583084384871931,0.16487655034711657,0.16486914224016383,0.11670422153336185
76,0.0072140936326579,0.1583084384871931,0.16438367578009908,0.16437620810765927,0.10746540735816171
76,0.2498934640025309,0.1583084384871931,0.1655417392578668,0.16553351645293962,0.10639762886765797
76,0.0405918130612448,0.1583084384871931,0.1655777965669599,0.165568821302031,0.10445225673534614
76,0.2214300397291158,0.1583084384871931,0.17093431085938934,0.17092179433732388,0.11947205750554231
76,0.0749200984750326,0.1583084384871931,0.1701618334462721,0.17014932724559298,0.10597786568551301
76,0.7073174431177053,0.1583084384871931,0.17136926638245567,0.17135627101468762,0.11757494555020179
76,0.0918358827428882,0.1583084384871931,0.17022862247154594,0.1702156764464714,0.10949224866988093
76,0.5658638849919659,0.1583084384871931,0.17115659607279912,0.17114344403996196,0.10955107525143175
76,0.285618201026663,0.1583084384871931,0.1714928203554611,0.17147901431862608,0.10188170890353586
76,0.1322849015626809,0.1583084384871931,0.17454474898134237,0.1745283347895899,0.10611940832248111
76,0.1653823763103796,0.1583084384871931,0.1772441204356407,0.17722530988237198,0.10574731889562998
76,0.2436853062607307,0.1583084384871931,0.17781503228771597,0.17779563469163928,0.10254939320399509
76,0.1635165312938693,0.1583084384871931,0.17961165770984902,0.17959175774879882,0.12050406872025482
76,0.0803522294222351,0.1583084384871931,0.17962758142498106,0.17960740047841045,0.11964808215408405
76,0.2643821821190787,0.1583084384871931,0.18038303142261217,0.1803624018992993,0.12091849398023244
76,0.3673138827390602,0.1583084384871931,0.18109879261430076,0.18107755993299451,0.12265865312861374
76,0.1496261232262503,0.1583084384871931,0.18116216540947927,0.18113990577120406,0.11413054030585736
76,0.0601696151520281,0.1583084384871931,0.18176616422691486,0.18174333131561837,0.11345386242303716
76,0.1208362420246745,0.1583084384871931,0.18354180867136258,0.18351722508359658,0.11737327285643691
76,0.1005723268860515,0.1583084384871931,0.18452532303810565,0.18450030040208124,0.13779427279778741
76,0.0405719678642548,0.1583084384871931,0.1855815123844205,0.1855558390212058,0.1299069627790267
76,0.0366819422025719,0.1583084384871931,0.18704150435010264,0.1870152594297952,0.1297693539827171
76,0.1412768118642684,0.1583084384871931,0.18530717872850297,0.18528111706533046,0.11223335002182455
76,0.0075948838248278,0.1583084384871931,0.18633864446438522,0.18631214423509085,0.12884909206170694
76,0.3043499320282228,0.1583084384871931,0.18607441431802185,0.186047920217774,0.12208503981345524
76,0.0230699689467428,0.1583084384871931,0.18778002004755145,0.18775291155261384,0.1291322576758091
76,0.3313572095508486,0.1583084384871931,0.18771758274271338,0.1876897831593997,0.1285222720520892
76,0.3395620156995923,0.1583084384871931,0.18847284484017426,0.1884433964689188,0.1151661986003443
76,0.1688324054098731,0.1583084384871931,0.1922149166068469,0.19218286667531376,0.12364349511322568
76,0.2186425839338828,0.1583084384871931,0.19368605003371722,0.1936536386549838,0.13537526910916514
76,0.0597724466576086,0.1583084384871931,0.19361938916675828,0.19358691733986977,0.13551895926601526
76,0.1291078034180965,0.1583084384871931,0.19471239609745136,0.19467942068811833,0.13456119240398354
76,0.4898824512423356,0.1583084384871931,0.19401663867184635,0.19398314152231244,0.14326365362289953
76,0.6107186932670102,0.1583084384871931,0.19589672175681594,0.19586218749213685,0.1492122035052499
76,0.2072264339963747,0.1583084384871931,0.1950257847727786,0.19499079867109298,0.14228830422707328
76,0.0407820697525406,0.1583084384871931,0.19548771235686135,0.19545215327637713,0.13753634247582483
76,0.0018134847175224,0.1583084384871931,0.19579541833091538,0.19575953416881792,0.13978382872717787
76,0.4639391801505973,0.1583084384871931,0.20032586385925344,0.2002879671324918,0.17396395905117365
76,0.1591690973857251,0.1583084384871931,0.19779812423585208,0.1977601597148623,0.15719844180924816
76,0.2989323976684245,0.1583084384871931,0.20057826402472823,0.2005393580905065,0.184479744896972
76,0.2788121990859109,0.1583084384871931,0.2005678811692626,0.20052851103363253,0.18435540383782686
76,0.204480613509618,0.1583084384871931,0.2013752207453776,0.20133549902627854,0.18545171095524463
76,0.1500232917206698,0.1583084384871931,0.20064155738789477,0.20060116108797602,0.1394425025862922
76,0.0295749403994975,0.1583084384871931,0.2030426121609715,0.20300178004041658,0.16798838479589973
76,0.3220848279588104,0.1583084384871931,0.20497107547902582,0.20492869284655743,0.16867821938107272
76,0.3028800734970204,0.1583084384871931,0.20533636307882677,0.2052935772160442,0.16867821938107272
76,0.1282072548947148,0.1583084384871931,0.2052311521492904,0.2051883469679595,0.170314038049846
76,0.1099271698217327,0.1583084384871931,0.20485626766633025,0.20481226711986902,0.14558899446439863
76,0.1696996164793414,0.1583084384871931,0.20860630296013144,0.2085607140568958,0.18006758969636175
76,0.1596265056321864,0.1583084384871931,0.21096148827420177,0.21091429750620794,0.16380983182411535
77,0.0051335960574702,0.15509379687119426,0.15356776041256645,0.1535668796991124,0.18539974439865342
77,0.1673229134576712,0.15509379687119426,0.1818652063435517,0.18184274870037725,0.18809732843082924
77,0.267108195991826,0.15509379687119426,0.20051263972606395,0.2004803674787534,0.1563537415016926
77,0.1151734155196396,0.15509379687119426,0.19997701168328708,0.19994321252122146,0.1515595171301816
77,0.4135335916365356,0.15509379687119426,0.19786276658984323,0.19782730827277606,0.22001687027568795
77,0.2878539057141521,0.15509379687119426,0.2010860826873502,0.20104810818265925,0.3360127638466869
77,0.324764483104546,0.15509379687119426,0.22365254634646076,0.22360603283066494,0.1758867223373083
77,0.6472882909696787,0.15509379687119426,0.21595976455439655,0.21591137300386556,0.18399013831122954
77,0.2147502271387059,0.15509379687119426,0.299354979765082,0.2992789288827685,0.1951339668985671
77,0.233754699333143,0.15509379687119426,0.2363211786842738,0.23625689259014646,0.19063106842620192
77,0.0306705312819166,0.15509379687119426,0.2469074162362375,0.24683737675970313,0.18652344086115913
77,0.4030273212337918,0.15509379687119426,0.24709842530056836,0.24702784218242368,0.1862757685265099
77,0.0576562871127199,0.15509379687119426,0.27413409069759875,0.27405342485361905,0.17997446431522593
77,0.3801800949778526,0.15509379687119426,0.25842166503105024,0.2583453814532348,0.21080397305407242
77,0.1256796859223834,0.15509379687119426,0.24543958066678526,0.24536698289856318,0.3531023707921587
77,0.0333534966586829,0.15509379687119426,0.2609159225945132,0.2608376919473375,0.2684062991887447
77,0.3594343852555265,0.15509379687119426,0.24991007772139817,0.24983518384989378,0.2509784620665074
78,0.5176930779153188,0.15509379687119426,0.1707123287303324,0.17069934081141436,0.16505920771246899
79,0.0810967324289453,0.15509379687119426,0.17937865341434442,0.17935882768575015,0.17136775599904766
79,0.2268290896884948,0.15509379687119426,0.18732634868332104,0.18729912767162318,0.19909348596917575
79,0.5296486688996774,0.15509379687119426,0.1939947587017924,0.19396236737201325,0.17572462136410752
79,0.0801793277731165,0.15509379687119426,0.19714252648123762,0.1971076427568734,0.3360127638466869
79,0.3028195792111826,0.15509379687119426,0.20030560635608183,0.2002682886472933,0.19127804621691064
79,0.3070084174616113,0.15509379687119426,0.2020307699473208,0.20199207035838126,0.3185333875936731
79,0.1934697465209355,0.15509379687119426,0.22183815438368365,0.2217883653023957,0.17712026113584847
79,0.1093498326902471,0.15509379687119426,0.24709442353087643,0.24702495406185293,0.1864897472391526
79,0.2952824478035237,0.15509379687119426,0.2406311813859041,0.24056234951251054,0.32747607750499147
79,0.609827996672794,0.15509379687119426,0.24157157277873442,0.24150204199780037,0.24309317537709724
79,0.2343662210961536,0.15509379687119426,0.2432009872674288,0.24313018453163632,0.22085540800946304
80,0.1743009824296759,0.15522102049746095,0.16203149583743975,0.16202626636829523,0.17203856875592416
80,0.6425743122133669,0.15522102049746095,0.18062783959672118,0.18060507483321458,0.31681741113184175
80,0.0903170645943038,0.15522102049746095,0.18236584230135283,0.18234164334296205,0.3104138251261811
80,0.2050644232263574,0.15522102049746095,0.19331993249888163,0.1932871867065969,0.16563642602172543
80,0.4375098889870094,0.15522102049746095,0.2176237429416077,0.21757094171413294,0.16647386982107137
80,0.552257247619063,0.15522102049746095,0.22045673220379017,0.2204011007514879,0.29177734242244024
80,0.185332153457327,0.15522102049746095,0.22399346276304263,0.22393598857983588,0.20984869173332238
86,0.0396078916747222,0.15509379687119426,0.08979230522490672,0.08984141513693965,0.1164501279443596
86,0.0248601956640783,0.15509379687119426,0.0900179164618029,0.09006685025700925,0.1164501279443596
86,0.0992632616504363,0.15509379687119426,0.09194762291485059,0.09199505787994569,0.11747043442904129
86,0.059655369975714,0.15509379687119426,0.09197077720310709,0.09201818152864341,0.11902500412141466
86,0.062917782531189,0.15509379687119426,0.09202926900526531,0.09207662767088369,0.11986040811981838
86,0.0380575868671106,0.15509379687119426,0.09217532314468097,0.09222258036223815,0.1187925590558493
86,0.0363454791192472,0.15509379687119426,0.09583471574726588,0.09587912390570821,0.1189324101489657
86,0.0215977831086033,0.15509379687119426,0.09605823799122781,0.09610247166355493,0.1189324101489657
86,0.0032624125554749,0.15509379687119426,0.0961315281099056,0.09617569200560143,0.1189324101489657
86,0.0612056747833256,0.15509379687119426,0.09625651695399906,0.09630060841048108,0.11947211472587073
86,0.0200580362264408,0.15509379687119426,0.10395271149610846,0.10399083032452153,0.13318692636865953
86,0.0195498554482813,0.15509379687119426,0.1044894073142239,0.10452711975155207,0.13318692636865953
86,0.0660947393745201,0.15509379687119426,0.10501462137061396,0.10505186099072247,0.1290660420877774
86,0.0412345437104417,0.15509379687119426,0.10554122295601831,0.10557803893513104,0.12852424791568726
86,0.0459982303018191,0.15509379687119426,0.10580286701120595,0.10583950136223538,0.12906395249259228
86,0.0792052254239954,0.15509379687119426,0.10803390530542645,0.10806885837276442,0.13105143170529618
86,0.0951395237209342,0.15509379687119426,0.10881796988038489,0.10885235109808536,0.1333292396819967
86,0.003176956843331,0.15509379687119426,0.10917746127034678,0.10921145882990335,0.12825379890129968
86,0.0852618438854198,0.15509379687119426,0.11115468538317652,0.11118721486948097,0.12959200092756698
86,0.0351510273996755,0.15509379687119426,0.11133260051454547,0.11136496598691698,0.12808619773087013
86,0.0479670714236502,0.15509379687119426,0.11170826851074578,0.11174036585854064,0.12959200092756698
86,0.0162874428928063,0.15509379687119426,0.11173298877376159,0.11176506179846893,0.12808619773087013
86,0.0286045571802955,0.15509379687119426,0.11220735937628007,0.11223910984381331,0.13036400570757065
86,0.0411476385568847,0.15509379687119426,0.11234279934457486,0.1123744089032998,0.12959200092756698
86,0.1024402184937673,0.15509379687119426,0.11280116562706977,0.11283235455133846,0.12547479804697953
86,0.0628323268190451,0.15509379687119426,0.11327763138205277,0.11330843580239823,0.12528856492687362
86,0.1431065951445844,0.15509379687119426,0.11404028916902437,0.11407048567799075,0.12514475355863028
86,0.0128160440239746,0.15509379687119426,0.11508459487133049,0.11511413951644658,0.13311570514344528
86,0.0566572867051242,0.15509379687119426,0.1245033348340395,0.12452559486486736,0.13423127617721117
86,0.0392636135836006,0.15509379687119426,0.12442780191480343,0.12444993494857559,0.12884238511633517
86,0.0457220601678336,0.15509379687119426,0.12489310584236962,0.12491506412280505,0.13423127617721117
86,0.0698391008907373,0.15509379687119426,0.12541588633339576,0.12543733851475272,0.13145040159734034
86,0.1235567396963031,0.15509379687119426,0.12563541519676466,0.12565659297763868,0.12760946209509047
86,0.0946992965548156,0.15509379687119426,0.12598182805259037,0.1260028510129034,0.13254352855739537
86,0.1631646313710253,0.15509379687119426,0.12620588563378768,0.12622660552872741,0.1309456286629197
86,0.0328740802504154,0.15509379687119426,0.12704511621681475,0.12706539961910374,0.13955448642539492
86,0.0173936731215236,0.15509379687119426,0.12699150694421005,0.12701175178004018,0.13815945652063033
86,0.0154227429946824,0.15509379687119426,0.12771394160796115,0.12773370793716715,0.13868356412086055
86,0.068025107650091,0.15509379687119426,0.12778828392251892,0.12780790426469074,0.1365170117101138
86,0.0823821822673265,0.15509379687119426,0.12793068925377124,0.12795014314608427,0.13421177894253783
86,0.114139878579363,0.15509379687119426,0.1282088637269224,0.12822819596323287,0.13749895561320846
86,0.0203726792066865,0.15509379687119426,0.1282776251277718,0.1282969162523413,0.13773100112224507
86,0.0284172159753688,0.15509379687119426,0.12822470807979164,0.1282440003050237,0.1369378415756629
86,0.0067338114243067,0.15509379687119426,0.12845501108143567,0.12847420645529253,0.13868356412086055
86,0.0094374526693958,0.15509379687119426,0.129347358716544,0.1293658625312027,0.13868356412086055
86,0.0238440780755182,0.15509379687119426,0.12895360664668137,0.12897219166528923,0.13058723960796562
86,0.0317815140236266,0.15509379687119426,0.12971224641493884,0.1297303648719509,0.1365170117101138
86,0.1302905511206098,0.15509379687119426,0.1298588204927642,0.12987685971255142,0.13749895561320846
86,0.0544845086036489,0.15509379687119426,0.12995996282397662,0.1299779205769874,0.13691024707236324
86,0.00941686111694,0.15509379687119426,0.1301641549538254,0.13018202116034353,0.13809485558001533
86,0.063901369720589,0.15509379687119426,0.12973767430140493,0.12975565731235641,0.13192943961010717
86,0.1537477702540852,0.15509379687119426,0.13011802790282279,0.1301358823706868,0.13692334695544509
86,0.0425451033245025,0.15509379687119426,0.13010601696339227,0.13012387326834188,0.13669130144640854
86,0.0567181583259337,0.15509379687119426,0.13019863103665297,0.13021639494138645,0.13647320794515286
86,0.0044875164573918,0.15509379687119426,0.13038106564655494,0.1303987273465218,0.13718580842679245
86,0.0925420954707596,0.15509379687119426,0.13026983216239654,0.1302875279212101,0.1359120939076073
86,0.0663891814000208,0.15509379687119426,0.13051005711053684,0.130527655811601,0.13765781645280495
86,0.0534803298617931,0.15509379687119426,0.13149014244888252,0.13150698110087156,0.13686396748781
86,0.0312381540003452,0.15509379687119426,0.13186947773183696,0.13188593231293366,0.13576821943364506
86,0.0171102666512115,0.15509379687119426,0.1320472144174608,0.13206354784437724,0.13597898839165717
86,0.117402291134838,0.15509379687119426,0.1322249541828498,0.13224113629756706,0.13597898839165717
86,0.0034713988688317,0.15509379687119426,0.13271759962383634,0.13273348261017875,0.13772946121555762
86,0.150897798099745,0.15509379687119426,0.1332785019260882,0.13329387167138407,0.13596345480186237
86,0.1079648384654421,0.15509379687119426,0.13307536199211936,0.133090747073505,0.1316631384805101
86,0.0914368839993406,0.15509379687119426,0.13353666945932735,0.13355181003102737,0.13540234076431684
86,0.1310447756740629,0.15509379687119426,0.13378090626665154,0.13379586874685662,0.13575268584385025
86,0.0061750401139208,0.15509379687119426,0.13403610181752623,0.13405096057955365,0.1363523507794116
86,0.1019589565876997,0.15509379687119426,0.1335849009020899,0.13359990079163828,0.1316631384805101
86,0.0283315945329101,0.15509379687119426,0.13425283406451066,0.13426753117973952,0.1363523507794116
86,0.1336897340276444,0.15509379687119426,0.1343826992786274,0.13439730004430336,0.1363523507794116
86,0.1268191522517781,0.15509379687119426,0.1339005142011377,0.1339152551515373,0.13183783957023942
86,0.0366601220994928,0.15509379687119426,0.13411863397713636,0.1341332624569613,0.13289144723418395
86,0.0457829317886431,0.15509379687119426,0.1351723386077639,0.1351863229645469,0.13632668114059662
86,0.0316796285308438,0.15509379687119426,0.13555811623550096,0.1355716989275238,0.13749379837854633
86,0.0068194328667654,0.15509379687119426,0.13617837177098535,0.136191482843469,0.13822113002320446
86,0.0238408705889181,0.15509379687119426,0.14241645540453698,0.14242467176944107,0.14137253328455132
86,0.0487010662529965,0.15509379687119426,0.14270038307761138,0.14270839036750474,0.14158330224256344
86,0.0695661382433519,0.15509379687119426,0.14416910815728998,0.14417607698744114,0.14210515594105844
86,0.0513075517603178,0.15509379687119426,0.14393619930406717,0.14394321424744969,0.14048644639293806
86,0.0743266173481291,0.15509379687119426,0.14554278559834397,0.14554877508711023,0.1461788450939863
86,0.0142167162781925,0.15509379687119426,0.14664178972631642,0.14664672781106178,0.1410095146133365
86,0.0857226626039941,0.15509379687119426,0.14793624848278938,0.1479403771235231,0.1461788450939863
86,0.0113069493241573,0.15509379687119426,0.14828811000305545,0.14829156943740437,0.13251610554512117
86,0.110986739447622,0.15509379687119426,0.14983167577734557,0.1498341840818866,0.1424047853525577
86,0.0257248955622022,0.15509379687119426,0.1501848786301488,0.1501872192748122,0.14543514455031017
86,0.1048995677979258,0.15509379687119426,0.15001167990164876,0.15001402256154547,0.14193277732654522
86,0.0227029945800223,0.15509379687119426,0.149637076420389,0.14963949036238391,0.13305581012202616
86,0.0454386536975215,0.15509379687119426,0.15060826429023216,0.15061011360129317,0.1410095146133365
86,0.0850465453722437,0.15509379687119426,0.15064360180413397,0.15064543609483574,0.1414522223539422
86,0.0607244128772579,0.15509379687119426,0.15104661747328482,0.1510479989483341,0.13755340173986566
86,0.0344151108436763,0.15509379687119426,0.15135264107920549,0.1513539193661259,0.14241796243332072
86,0.02832838704631,0.15509379687119426,0.15386150003485202,0.15386103094356493,0.14915885280085686
86,0.1064464730450915,0.15509379687119426,0.15975562285653266,0.1597502662119725,0.15756102546837086
86,0.1901614116833456,0.15509379687119426,0.16007419581888432,0.16006857541183278,0.16127887753001116
86,0.1208736900036697,0.15509379687119426,0.16119560041518585,0.16118946145781102,0.16673998781084587
86,0.0109352265372906,0.15509379687119426,0.16151747761327115,0.16151110498263238,0.15687193468043226
86,0.1173816995823822,0.15509379687119426,0.16355356581857514,0.1635454429451664,0.15579061716669912
86,0.0649885091458029,0.15509379687119426,0.16649591698607677,0.16648545201869341,0.1562912736995026
86,0.0687012248818415,0.15509379687119426,0.16667072788581322,0.16665981484938452,0.15850067074793328
86,0.0981706954236474,0.15509379687119426,0.1684097667671947,0.16839796361285406,0.16356047439036048
86,0.0321198556969624,0.15509379687119426,0.1697535338004313,0.16974046304537335,0.15698890999108747
86,0.0970296119281515,0.15509379687119426,0.17218701672423092,0.17217223984028926,0.1610112770723081
86,0.1335041249782214,0.15509379687119426,0.1724014907718314,0.17238650625749857,0.15891823069400368
86,0.0222421758614479,0.15509379687119426,0.17296759861771055,0.17295226265465666,0.1638980394039482
86,0.0630196680239718,0.15509379687119426,0.17366724820375604,0.1736512580220558,0.1583667766067143
86,0.0129088515382276,0.15509379687119426,0.17408781260933384,0.1740716851118667,0.16151182790008586
86,0.0521724651218282,0.15509379687119426,0.18271971293905595,0.1826967743244902,0.16783628595841027
86,0.1747386686886631,0.15509379687119426,0.18748175539801143,0.18745501148012644,0.16364037716664626
86,0.0781180859987815,0.15509379687119426,0.18742258061052405,0.187395752211379,0.15831531358887868
86,0.1995988643527415,0.15509379687119426,0.18790773459061302,0.18788067070934505,0.16557614770797965
86,0.0170214377221527,0.15509379687119426,0.1902061498364338,0.19017728422549063,0.15661663932246245
86,0.1366810818215524,0.15509379687119426,0.19175722555021227,0.19172716421509597,0.1570024968888074
90,0.1457663749660872,0.1563258416517027,0.10457976474039316,0.1046166700545628,0.12374056886990357
90,0.2078459611592957,0.1563258416517027,0.13173420138784214,0.13175137159386305,0.18322570081506373
90,0.353612336125383,0.1563258416517027,0.13881608500990572,0.13882830640023794,0.18387066423726706
90,0.056613476295752,0.1563258416517027,0.14273586348949346,0.14274581938171235,0.16741388911650523
90,0.1700519891414563,0.1563258416517027,0.14534759457826468,0.14535526344429986,0.17480284972792465
90,0.2644594374550478,0.1563258416517027,0.1768891495489847,0.17687448370280423,0.16164226696350995
90,0.4102258124211351,0.1563258416517027,0.18490813354128896,0.18488781707233318,0.16388999277383462
90,0.2266654654372084,0.1563258416517027,0.18846939079688496,0.18844674626558794,0.16314393875894168
90,0.040253444717308,0.1563258416517027,0.20796808011955933,0.20793299130496595,0.2103134255805951
90,0.0305800003824492,0.1563258416517027,0.20006911833414018,0.20003450243992565,0.150713640254185
90,0.2755892163411374,0.1563258416517027,0.21073868999506096,0.21070124284126737,0.21417294506758908
90,0.0337944767935065,0.1563258416517027,0.21169024043807128,0.21164881502425298,0.2238009769898484
95,0.1579965947105874,0.14070362825948754,0.09805780622333413,0.09809107282578164,0.21773689529683338
95,0.0959047359557523,0.14070362825948754,0.09833287741924826,0.09836592467569562,0.21814320687202088
95,0.2403968841112467,0.14070362825948754,0.10065166666281375,0.10068288609459496,0.23319486151028124
95,0.0824002894006592,0.14070362825948754,0.1007336062937795,0.1007647293414605,0.23319486151028124
95,0.0698741895248293,0.14070362825948754,0.10081203205361039,0.10084308195662381,0.23286666036870138
95,0.1657789254805817,0.14070362825948754,0.10093405439099445,0.10096504152816921,0.23319486151028124
95,0.3102710736360761,0.14070362825948754,0.10543352661319938,0.10546083991316127,0.23280862289861054
95,0.2481792148812409,0.14070362825948754,0.10570596413401856,0.10573306031746403,0.23280862289861054
95,0.1522744789254886,0.14070362825948754,0.10586047768160692,0.10588740253509704,0.23280862289861054
95,0.4061758095918284,0.14070362825948754,0.10590319406312018,0.10593015030538812,0.23280862289861054
95,0.1078977988216076,0.14070362825948754,0.11073659309449216,0.11075928209314154,0.23406801936595834
95,0.4428777739031608,0.14070362825948754,0.11529074652252497,0.11531007340682457,0.22332773085126548
95,0.2848811791925734,0.14070362825948754,0.11591463181701256,0.1159334575837668,0.22292819358639349
95,0.0311573047697524,0.14070362825948754,0.11681711600459857,0.11683507646764905,0.22201982285443006
95,0.2349598395471124,0.14070362825948754,0.11676881583079968,0.11678695903523223,0.2202179674212083
95,0.1270620407255047,0.14070362825948754,0.11754313704779656,0.11756044238291746,0.22201982285443006
95,0.13905510359136,0.14070362825948754,0.11787846632879942,0.11789571071098628,0.22043387510010198
95,0.2233669191851111,0.14070362825948754,0.11867477170771953,0.11869083537296177,0.2334546259574014
95,0.2024808897919141,0.14070362825948754,0.1202598861946507,0.12027518218404347,0.21907602967175802
95,0.1090764070362262,0.14070362825948754,0.12087031432366657,0.12088508681267383,0.21943006435108425
95,0.3105255216615759,0.14070362825948754,0.121429870821011,0.1214437575772331,0.23131116289037215
95,0.2221883109704925,0.14070362825948754,0.12166540232537695,0.12167940717966932,0.22151753680968866
95,0.0387168847550769,0.14070362825948754,0.12194662106752094,0.1219603811068968,0.22093636126896443
95,0.0691809140665307,0.14070362825948754,0.12200717485563123,0.12202106601796928,0.21301470696400965
95,0.0929076286986241,0.14070362825948754,0.12493503123452504,0.1249456738161628,0.23680210594877457
95,0.1433729236357064,0.14070362825948754,0.1247552600527024,0.12476689918415987,0.21399468731317103
95,0.1326067002670847,0.14070362825948754,0.12480471538648857,0.1248163058975997,0.21399468731317103
95,0.0011786082146185,0.14070362825948754,0.12525009526753617,0.12526134252615215,0.2146516038495044
95,0.0367019643113324,0.14070362825948754,0.12551141359495707,0.12552244639483665,0.2146516038495044
95,0.2791137688663236,0.14070362825948754,0.1263389858938471,0.12634920329525784,0.21399468731317103
95,0.0132193753341285,0.14070362825948754,0.12647884563782816,0.12648910000758468,0.21314391624680268
95,0.1211171741557362,0.14070362825948754,0.12699243302042246,0.12700207023975882,0.21687267072664906
95,0.171215970044716,0.14070362825948754,0.126971047177567,0.12698091190396574,0.2128183971995161
95,0.1671525980258694,0.14070362825948754,0.12821273935055946,0.12822101930715554,0.22372788729609105
95,0.0504652949370822,0.14070362825948754,0.12889512233805603,0.12890310159007057,0.2211381287927452
95,0.1142905121488848,0.14070362825948754,0.12925567468816965,0.1292630717691999,0.22372788729609105
95,0.0542419632129045,0.14070362825948754,0.1409582137300082,0.14095614333757764,0.21942808817042622
95,0.1258834325108861,0.14070362825948754,0.14147990797158772,0.14147797687489863,0.17166496141359158
95,0.4520337772184428,0.14070362825948754,0.14225570770369225,0.14225280238717206,0.20724692110665266
95,0.0299786965551338,0.14070362825948754,0.1421312990030618,0.14212885701429986,0.17343476275974964
95,0.2533456157402449,0.14070362825948754,0.1427999913392875,0.14279670632994232,0.20385782014411571
95,0.6100303719290303,0.14070362825948754,0.14302767020954152,0.14302408438417805,0.20974697525372904
95,0.3924124789660785,0.14070362825948754,0.1433018335573169,0.1432982925973535,0.1732897684949207
95,0.3492503516959973,0.14070362825948754,0.14344700212963624,0.14344312887687405,0.2061197519776828
95,0.2995048502674544,0.14070362825948754,0.14435557855925438,0.1443513009367747,0.17067939001851506
95,0.1637640050368372,0.14070362825948754,0.14474098223218537,0.1447362972947662,0.1737586878386291
95,0.2373460563042384,0.14070362825948754,0.1457041722944254,0.14569741556828236,0.24609444649694592
95,0.0230846584431521,0.14070362825948754,0.14571001722460897,0.14570332310001632,0.2432325895821605
95,0.1415082555568669,0.14070362825948754,0.14485304744918318,0.14484837572437823,0.16968417446812276
95,0.2344158842554911,0.14070362825948754,0.1450265950415041,0.14502162103978697,0.17413340325272528
95,0.0590567468868503,0.14070362825948754,0.14633349620767963,0.14632730104145078,0.1789359700176713
95,0.2716618038584448,0.14070362825948754,0.14657136568411902,0.1465653136565806,0.16767219630415223
95,0.0398954929696955,0.14070362825948754,0.14671563332132426,0.14670945241202446,0.16779972895206233
95,0.2176178929629517,0.14070362825948754,0.147840089709475,0.14783146407164616,0.24849228070700558
95,0.1549457669035792,0.14070362825948754,0.14803528428254942,0.1480264055924562,0.24899062560593463
95,0.2146877209142044,0.14070362825948754,0.14712562717917466,0.14711893707926987,0.1735494978004838
95,0.3696334878177836,0.14070362825948754,0.14730415333168875,0.1472971229656453,0.17788445573195744
95,0.3953426510148259,0.14070362825948754,0.1480583821263117,0.14804965951179816,0.24677859795310486
95,0.0929588479679814,0.14070362825948754,0.1481338923340755,0.14812500447375637,0.24936640216204783
95,0.3333557320792282,0.14070362825948754,0.14842683550171026,0.14841752402776115,0.24855996657544582
95,0.0728200775126002,0.14070362825948754,0.1482997931259848,0.14829094720927777,0.24391674103831945
95,0.0108331585770025,0.14070362825948754,0.14860681251723318,0.14859726762807726,0.2378097848782997
95,0.1520155948548318,0.14070362825948754,0.14749403907642492,0.14748712491926158,0.16987481664712892
95,0.1834714262154155,0.14070362825948754,0.14792949640220987,0.14792201096919005,0.17452409977020544
95,0.276430274183397,0.14070362825948754,0.14801286615711035,0.14800557359201064,0.16750060476391532
95,0.0591079661562077,0.14070362825948754,0.1493247182313801,0.1493164097139936,0.16607702501814245
95,0.1753591373686407,0.14070362825948754,0.15070466875584226,0.1506934560485515,0.24756137815891258
95,0.0850715773787498,0.14070362825948754,0.15100959748686577,0.15099805909894184,0.23812262250576277
95,0.0821414053300024,0.14070362825948754,0.1501584242504505,0.15014939646640454,0.17083779961579446
95,0.1222957823703547,0.14070362825948754,0.1514138001616891,0.151403790724205,0.17210496898216238
95,0.2802923770809422,0.14070362825948754,0.15166897094288015,0.15165877251557602,0.17663881618312693
95,0.2038545623372019,0.14070362825948754,0.15197363853600565,0.15196283769635816,0.17602666112256
95,0.0137633306257498,0.14070362825948754,0.15203184052599308,0.1520212673694133,0.17295647675769196
95,0.0569254578958311,0.14070362825948754,0.15226918772663653,0.15225820424532666,0.17422078284502768
95,0.0475351228883349,0.14070362825948754,0.1527626342956839,0.15275060488733525,0.2274215986921768
95,0.2997592982929542,0.14070362825948754,0.15243365839461115,0.15242242760489305,0.17567131938167735
95,0.1095220418239326,0.14070362825948754,0.1532265052065941,0.15321363053646134,0.23931601538032854
95,0.2241266809701099,0.14070362825948754,0.15348956318702064,0.15347661443934224,0.24002506392080494
95,0.1010711368147563,0.14070362825948754,0.15297267468001643,0.15296106865644088,0.1737305322492486
95,0.0107662233686216,0.14070362825948754,0.1538563790477431,0.15384437619949373,0.18482873014550605
95,0.1066709593243739,0.14070362825948754,0.1545762456316865,0.1545636739247868,0.21122190680443925
95,0.1621397620345122,0.14070362825948754,0.15550398054048215,0.1554897791103771,0.2148845231117769
95,0.1132987100997549,0.14070362825948754,0.16411098128036367,0.16409074343487218,0.17248467754760277
95,0.1162288821485022,0.14070362825948754,0.16549124133389684,0.16546795042767148,0.21963354550566386
95,0.0530633549982859,0.14070362825948754,0.16587207811403518,0.1658499441513226,0.21887212969268288
95,0.0958378007473714,0.14070362825948754,0.16886451751494538,0.1688398571188454,0.21419459338101568
95,0.3859523160073297,0.14070362825948754,0.17014708272107473,0.17012164056820162,0.16858824951136492
95,0.0338508818117737,0.14070362825948754,0.17068999844995775,0.17066334014897383,0.15452514504952533
95,0.4388144018843143,0.14070362825948754,0.17093455157447232,0.17090844280595732,0.16663089506585668
95,0.1625853968222186,0.14070362825948754,0.1712324179981025,0.17120633402963376,0.17365289623895905
95,0.1150502739338836,0.14070362825948754,0.1723749660177235,0.17234687458698317,0.15277191839487803
95,0.2211965089213625,0.14070362825948754,0.17172491524086286,0.17169841435893246,0.17365289623895905
95,0.3309166030627066,0.14070362825948754,0.17356561373342672,0.17353709530955483,0.2126377916090557
95,0.0203910814011307,0.14070362825948754,0.17328434660010972,0.17325649859369419,0.17331527455290185
95,0.1282888802227384,0.14070362825948754,0.17561249464499368,0.1755828581760297,0.1872361152938669
95,0.2766746398498021,0.14070362825948754,0.18507986306705687,0.18504059100415648,0.19487320590010818
95,0.0029301720487473,0.14070362825948754,0.18546429667462672,0.18542542871145248,0.15672617124077434
95,0.3354870210702474,0.14070362825948754,0.185166250512354,0.18512893855856707,0.20301581394405538
95,0.3384171931189947,0.14070362825948754,0.18695736388070325,0.18691665106671715,0.18286306169711108
95,0.1121201018851363,0.14070362825948754,0.19355213315265304,0.1935079992543096,0.19505104481810623
95,0.3297379948480881,0.14070362825948754,0.1960301602791267,0.1959836517048623,0.19140542104560399
95,0.2425793923716233,0.14070362825948754,0.19807680079186987,0.19802871503971461,0.18463031480416048
95,0.0619869189355977,0.14070362825948754,0.20047084757536704,0.20041784407516916,0.21931111097625228
95,0.5531049140331992,0.14070362825948754,0.19954322171792568,0.19949346228062564,0.1771159781164622
95,0.0192124731865122,0.14070362825948754,0.2002972500348319,0.20024756155958387,0.18438317024034181
100,0.0262918935628331,0.15522102049746095,0.10536979392280621,0.10540898873408194,0.13237975727748624
100,0.0002425699220368,0.15522102049746095,0.10559289998384302,0.10563191361988324,0.13237975727748624
100,0.0305082092952523,0.15522102049746095,0.1073862632695824,0.10742376771483542,0.15877452644842419
100,0.0568001028580854,0.15522102049746095,0.10748281809270638,0.10752026924245242,0.1327236817202027
100,0.0862939731973482,0.15522102049746095,0.107544624598789,0.10758202767723307,0.1328651815242803
100,0.0860514032753113,0.15522102049746095,0.1076060339132075,0.10764335700435104,0.15999378843906908
100,0.0557857639020958,0.15522102049746095,0.1111758808296957,0.1112102874058354,0.13443220754642918
100,0.0292513004172259,0.15522102049746095,0.11138626732259832,0.11142049735715209,0.13443220754642918
100,0.0294938703392627,0.15522102049746095,0.11153656367405723,0.11157069899699872,0.14015556962003728
100,0.055543193980059,0.15522102049746095,0.11150343440978866,0.11153754137713744,0.1643349384520785
100,0.0628072065302504,0.15522102049746095,0.11540483710912713,0.11543588586887499,0.1448945292917313
100,0.0596582204811607,0.15522102049746095,0.11886404577754939,0.11889208172060237,0.14803517242968617
100,0.0333663269183276,0.15522102049746095,0.11939347105310022,0.1194210906346793,0.134990522233688
100,0.0686803029650975,0.15522102049746095,0.12020720913617428,0.12023425395468387,0.14249594348050618
100,0.131244939573311,0.15522102049746095,0.12004750629207644,0.12007457444063457,0.13311157894329828
100,0.0684377330430606,0.15522102049746095,0.12079503053044649,0.12082161959292399,0.14097140235929895
100,0.0939191225340164,0.15522102049746095,0.12095252250637534,0.12097895522566451,0.14079802823760454
100,0.1314875094953479,0.15522102049746095,0.12097204050731553,0.1209983750453803,0.13532285357661478
100,0.071505299735698,0.15522102049746095,0.12169275380840938,0.12171870173472454,0.1389483123605034
100,0.090166429776413,0.15522102049746095,0.12276144627413055,0.12278626609338876,0.1467903174764386
100,0.143265430898476,0.15522102049746095,0.12334291905529393,0.12336732353238845,0.13638421298175038
100,0.0643728038359848,0.15522102049746095,0.12390046649689562,0.12392460141873786,0.13858457651807418
100,0.0089529246325275,0.15522102049746095,0.12406196861978186,0.12408586767675017,0.14060766651686973
100,0.0176136702322506,0.15522102049746095,0.12426297096196204,0.12428669828986791,0.14064107450698476
100,0.0451935362979997,0.15522102049746095,0.12415459621009806,0.1241782751997478,0.1332789459341962
100,0.0224138227983183,0.15522102049746095,0.1255327327956129,0.12555538886966106,0.14113177140454225
100,0.1100822085303274,0.15522102049746095,0.12633618708857025,0.12635837947948514,0.13959818070945695
100,0.1105942131165979,0.15522102049746095,0.12650647360258283,0.12652849616104206,0.13959818070945695
100,0.074215600968421,0.15522102049746095,0.1262978640465522,0.12631977441768466,0.13403274620061403
100,0.0038724565790648,0.15522102049746095,0.1263696018349204,0.12639147352699054,0.13550525548544645
100,0.0804582243682255,0.15522102049746095,0.1268408782435148,0.12686242259590336,0.14027349261022726
100,0.0041150265011017,0.15522102049746095,0.12687861741433687,0.12690003975569078,0.14760353559922235
100,0.0128945390630016,0.15522102049746095,0.12771881392685608,0.12773968950298528,0.14092595516962075
100,0.1019936391560851,0.15522102049746095,0.12766216445889011,0.12768295194445706,0.13566011172766199
100,0.0331832223681485,0.15522102049746095,0.1281244985922591,0.12814514785484105,0.1389028651708252
100,0.0391864326258347,0.15522102049746095,0.1282528937927933,0.1282733550289958,0.13987505190089514
100,0.075701745593252,0.15522102049746095,0.1280479642178054,0.12806843041125868,0.13874131559037403
100,0.1385884048044059,0.15522102049746095,0.1291862873691083,0.12920607217161795,0.13916162841195695
100,0.0363786121481768,0.15522102049746095,0.12988243883141143,0.12990166382797075,0.1401908184149952
100,0.0717601311627779,0.15522102049746095,0.13007034675570978,0.13008944893494492,0.1401908184149952
100,0.0296239841621018,0.15522102049746095,0.13907872433197052,0.1390904954174564,0.14953083464060504
100,0.016163085996311,0.15522102049746095,0.1394447588381806,0.13945625718554316,0.1503343945772373
100,0.0534862310902291,0.15522102049746095,0.13945506497021382,0.13946652843172733,0.14953083464060504
100,0.0120204913251649,0.15522102049746095,0.13949380903649614,0.1395048741201524,0.14869103197248604
100,0.1719547317227335,0.15522102049746095,0.14026709463284912,0.14027771213474194,0.15145004773578125
100,0.011777921403128,0.15522102049746095,0.13996048348273712,0.13997113415545975,0.15012529681864348
100,0.0493463083644595,0.15522102049746095,0.14048397967875964,0.14049436251396266,0.15216347122471943
100,0.05972737833257,0.15522102049746095,0.14078031498295496,0.140790538289385,0.15163892477747928
100,0.1982466252855667,0.15522102049746095,0.14089190549844813,0.14090203378945157,0.1519474756171385
100,0.0232796083329839,0.15522102049746095,0.14126483574933024,0.14127466509310502,0.15094045878385182
100,0.0594848084105331,0.15522102049746095,0.14130764904411933,0.14131746650849242,0.15094045878385182
100,0.0134608981657908,0.15522102049746095,0.14091951876325254,0.14092938097404276,0.14961419192747985
100,0.0980617172051625,0.15522102049746095,0.1418785460995679,0.14188785728630512,0.15002696091674073
100,0.1338738214495818,0.15522102049746095,0.1416669983177896,0.14167622905432475,0.14768269781246715
100,0.0725527595441624,0.15522102049746095,0.1421705569792914,0.14217950994944545,0.1515625488614494
100,0.0093958851219301,0.15522102049746095,0.1429528965604522,0.14296159380258236,0.16227027971482605
100,0.1221665340553266,0.15522102049746095,0.14299322144919077,0.14300188541533754,0.16192202667936442
100,0.1075819278867487,0.15522102049746095,0.14205683056557877,0.1420657366824019,0.14955681508076035
100,0.0030122852298491,0.15522102049746095,0.14264775452321407,0.1426564690676117,0.14919272176642648
100,0.0385769087946293,0.15522102049746095,0.1437920514378782,0.14380008845555242,0.15848090572783977
100,0.0983042871271994,0.15522102049746095,0.1434825546900516,0.14349057156597533,0.14902072101423505
100,0.0896603784862146,0.15522102049746095,0.14355521445973055,0.14356316258326643,0.14902072101423505
100,0.1353599660744128,0.15522102049746095,0.14340639516534553,0.14341418469405193,0.15406615127515255
100,0.0980718946004762,0.15522102049746095,0.14359888271008084,0.14360656029862787,0.14751219464409485
100,0.1749670169525827,0.15522102049746095,0.14457721753520425,0.14458458611729375,0.16141156215943606
100,0.0661959879800155,0.15522102049746095,0.1447068043107307,0.14471408061443652,0.16078780961303374
100,0.1625588466008034,0.15522102049746095,0.1442655546030417,0.14427292241841533,0.1486822572464981
100,0.228754834580819,0.15522102049746095,0.14425903370811732,0.14426638345450757,0.1480125357710005
100,0.0356877786847632,0.15522102049746095,0.14481769775476175,0.14482488254951323,0.1601180881375361
100,0.0358725608579784,0.15522102049746095,0.14482708190548424,0.14483426188771217,0.15984427850076682
100,0.0663807701532307,0.15522102049746095,0.14495813779388453,0.14496520962916645,0.15984427850076682
100,0.1219239641332897,0.15522102049746095,0.1450508850379832,0.1450578803385033,0.15913231995429514
100,0.0198554152952957,0.15522102049746095,0.1450475496205715,0.14505454474221766,0.15913231995429514
100,0.0537878176282362,0.15522102049746095,0.14456744413701772,0.14457454817775278,0.14702676758775954
100,0.0265665948647781,0.15522102049746095,0.14483607680874272,0.14484298262456907,0.14702676758775954
100,0.0624391557227566,0.15522102049746095,0.14497014589284016,0.1449769029689781,0.14683789054606153
100,0.0120103139298511,0.15522102049746095,0.14548157490835764,0.14548791288597884,0.14683789054606153
100,0.1643820307448341,0.15522102049746095,0.14556439881437075,0.14557041342711113,0.14486922975210384
100,0.0926726637160638,0.15522102049746095,0.14676446789952316,0.14677007553760232,0.15017523070980165
100,0.0200979852173326,0.15522102049746095,0.14696205985434208,0.1469675044401026,0.15017523070980165
100,0.0325061555691119,0.15522102049746095,0.1466289679328685,0.14663434149752677,0.14496778006642713
100,0.0782063019098667,0.15522102049746095,0.14751302731947002,0.14751771826085378,0.14515665710812517
100,0.0412717917423908,0.15522102049746095,0.14732266127523766,0.1473272923935717,0.14589163881684603
100,0.0675636853052239,0.15522102049746095,0.14748418574004044,0.14748865718758772,0.1439865945057219
100,0.0688104167879366,0.15522102049746095,0.1478750819648393,0.14787941844599306,0.14496778006642713
100,0.1427034313055076,0.15522102049746095,0.14793061482776257,0.14793493479586506,0.14515665710812517
100,0.0322635856470751,0.15522102049746095,0.1481382130348166,0.14814237048722234,0.1448671791733736
100,0.0039416144304741,0.15522102049746095,0.14825159488489817,0.14825568222493127,0.1448671791733736
100,0.0239704417963975,0.15522102049746095,0.14877225016703904,0.1487761687451467,0.1567744775530153
100,0.1424608613834708,0.15522102049746095,0.14831479553390506,0.14831882778969163,0.1453347686393739
100,0.1260389906343915,0.15522102049746095,0.14890323108548983,0.1489070503722692,0.15438436232872882
100,0.1113895242780153,0.15522102049746095,0.14915137909113096,0.14915497601937702,0.1567729639529174
100,0.0302335079933072,0.15522102049746095,0.14882398339513708,0.1488276247830592,0.14390788799304874
100,0.0425185232251035,0.15522102049746095,0.14899387271748563,0.14899731235695343,0.1437190109513507
100,0.0780880575474859,0.15522102049746095,0.14916247315297593,0.1491655479575241,0.14753176906900806
100,0.0783306274695228,0.15522102049746095,0.14968156995457704,0.14968418708941317,0.1508024014460373
100,0.0093209754400213,0.15522102049746095,0.15098190413001272,0.15098401689546598,0.15191275994540057
100,0.0818986312088515,0.15522102049746095,0.1560541912621267,0.15605171387805228,0.15346701357280432
100,0.0821412011308884,0.15522102049746095,0.15624867270938245,0.15624600552726228,0.1547766800826617
100,0.0361741473959855,0.15522102049746095,0.15741017944495178,0.15740653620327452,0.1547766800826617
100,0.0485823177477648,0.15522102049746095,0.15853696665891268,0.15853297984581657,0.16532966607907465
100,0.1339444554584546,0.15522102049746095,0.15924437652067627,0.1592396036986631,0.15202016688216632
100,0.0041527720664598,0.15522102049746095,0.16009071262485586,0.16008490431484398,0.1515463164018659
100,0.0981860427648185,0.15522102049746095,0.16160843429393218,0.16160174876443634,0.15971064351472036
100,0.0635998349116349,0.15522102049746095,0.16230210529438488,0.16229460112447758,0.14863384536667426
100,0.2002545916028125,0.15522102049746095,0.16282462688106367,0.16281696999666717,0.15676588873637937
100,0.2739483708788187,0.15522102049746095,0.16281933579144808,0.16281135790439244,0.14909506452790405
100,0.0079054648240631,0.15522102049746095,0.16282509258916086,0.1628169076952992,0.15736638130212305
100,0.1021767437062642,0.15522102049746095,0.1633220027577557,0.16331361593385227,0.1488487342780016
100,0.0318759066204606,0.15522102049746095,0.16418056243585571,0.16417182474356132,0.15640859828409812
100,0.0989813539262359,0.15522102049746095,0.16363026324675709,0.16362164842843388,0.1488487342780016
100,0.0526473307916256,0.15522102049746095,0.16395159581172378,0.16394262789315533,0.1501134816905009
100,0.0263554372287925,0.15522102049746095,0.16391149583283376,0.16390253462339555,0.15164318448652672
100,0.2111411643485683,0.15522102049746095,0.1650311256526412,0.1650214838216887,0.15053601531168345
100,0.1467683605125834,0.15522102049746095,0.16457429312101987,0.1645647703168917,0.15297020304933484
100,0.2095755670428338,0.15522102049746095,0.16615909153456154,0.1661480997404939,0.17018135909442159
100,0.0400253329244382,0.15522102049746095,0.16697570727115016,0.16696443146447273,0.1501624622526394
100,0.2646273954387974,0.15522102049746095,0.17408248086130645,0.17406579197793426,0.1710340831066142
100,0.0124081703517793,0.15522102049746095,0.17477467480468525,0.17475742058734334,0.16941715914273037
100,0.0238622469281272,0.15522102049746095,0.17503282906256154,0.17501535302330817,0.16898199728571195
100,0.027221222763458,0.15522102049746095,0.1737292423838637,0.1737120242416221,0.16698601612883113
100,0.0396293931152373,0.15522102049746095,0.17565221329636238,0.17563425838676258,0.1772046189668429
100,0.2407651485106702,0.15522102049746095,0.17580077243194958,0.17578182435025308,0.1717196193353544
100,0.0860136577099532,0.15522102049746095,0.17906085946044606,0.17903939997051999,0.15726204016920348
100,0.0620432159135557,0.15522102049746095,0.18090829294975128,0.18088587469439513,0.16849786565229175
100,0.04428407697224,0.15522102049746095,0.18066541518249288,0.18064267558651648,0.15472005111266007
100,0.1306829399803427,0.15522102049746095,0.18260282351844828,0.18257858777241034,0.1515456370772212
100,0.1378154358800559,0.15522102049746095,0.18423605648230923,0.18421046420332618,0.1508404194465502
100,0.1020685488379939,0.15522102049746095,0.18603292597659216,0.18600667167627313,0.19076700415584444
100,0.2021882397160408,0.15522102049746095,0.185600199010548,0.18557373899511434,0.15865500140484112
100,0.1763923446746853,0.15522102049746095,0.18506595480699525,0.18503961321075715,0.15170391879521788
100,0.0663101361443578,0.15522102049746095,0.185628045129401,0.18560105502902155,0.15906982371544534
100,0.0657981315580874,0.15522102049746095,0.18651579889476172,0.18648855694765187,0.16101604993547272
100,0.0496350455617764,0.15522102049746095,0.1941793349780753,0.19414532062141626,0.16182476002958548
100,0.2246020625143592,0.15522102049746095,0.1998084039638957,0.19977009333439277,0.15868639392174994
100,0.1602292586783743,0.15522102049746095,0.20174283733447057,0.20170267246597687,0.16109524976064818
101,0.3039560341353973,0.15509379687119426,0.18877653112142867,0.18874867584889718,0.1575860544711326
101,0.0973305119248115,0.15509379687119426,0.1959568704985226,0.1959239152101957,0.18656829682816514
109,0.0313184521933972,0.1583084384871931,0.049159317858918805,0.049257282742708824,0.10507341644560246
109,0.0265206126164561,0.1583084384871931,0.04943113740163285,0.04952886263374412,0.10498683318565527
109,0.0009383391808102,0.1583084384871931,0.05169617610384536,0.051791873228675775,0.10881373368369199
109,0.0322567913742074,0.1583084384871931,0.051717291246710206,0.05181293948672441,0.09759805124276444
109,0.0788189643894523,0.1583084384871931,0.05179091873903946,0.05188650449604354,0.10104326179227695
109,0.0522983517729962,0.1583084384871931,0.051966212772494746,0.052061668505014064,0.1085902709712073
109,0.0778806252086421,0.1583084384871931,0.05628253919619075,0.05637413312570806,0.11451899560683543
109,0.0200415603987887,0.1583084384871931,0.056551881338275045,0.05664323783072192,0.11478431066412423
109,0.0465621730152449,0.1583084384871931,0.056636714370949914,0.05672796835400387,0.10870557422180313
109,0.051360012592186,0.1583084384871931,0.05679337066217016,0.05688454129094721,0.1172757487384049
109,0.0164181002985788,0.1583084384871931,0.06140011165137699,0.06148730091278223,0.12629867753937166
109,0.0001878300967372,0.1583084384871931,0.06589909255483306,0.06598217670870002,0.14159875480085107
109,0.0315062822901345,0.1583084384871931,0.06654192078075755,0.06662446030440053,0.13936088286079948
109,0.114953644496506,0.1583084384871931,0.06716714921608108,0.06724900646059608,0.1375800893248117
109,0.1048511321786287,0.1583084384871931,0.06737184999174428,0.06745364762158698,0.13936088286079948
109,0.0884330318800499,0.1583084384871931,0.06786626312992605,0.06794752876346555,0.1357316056185089
109,0.0179842571800639,0.1583084384871931,0.06805505387374916,0.06813610072687665,0.14168473938139386
109,0.1313717447950848,0.1583084384871931,0.06848468981076777,0.06856552599003897,0.13848406547195502
109,0.0445028540755298,0.1583084384871931,0.06906526095559717,0.06914570485496618,0.13773054901508472
109,0.0007505090840729,0.1583084384871931,0.07072625044450848,0.07080504949463312,0.13961723212112517
109,0.0014974730386284,0.1583084384871931,0.07121936764486386,0.0712976658666347,0.1404060441293159
109,0.0456877065884715,0.1583084384871931,0.07178375708836887,0.07186179086459543,0.1379868982754104
109,0.0594234813354802,0.1583084384871931,0.07182892267482033,0.0719066159816445,0.13719156491457477
109,0.0361346801070536,0.1583084384871931,0.07208904974095048,0.07216651051389696,0.13719156491457477
109,0.0525527804056324,0.1583084384871931,0.07245665754691999,0.07253393975375114,0.13872218106563264
109,0.0265185968954659,0.1583084384871931,0.07405544035060174,0.07413142007349516,0.1383256193618021
109,0.0005281190548817,0.1583084384871931,0.07462107533606765,0.07469656943048253,0.13264569465335313
109,0.1065301272921691,0.1583084384871931,0.07483216268555909,0.07490741806808669,0.13456832452827677
109,0.0592147677760668,0.1583084384871931,0.07506031249354761,0.07513524388952546,0.13344205293000252
109,0.0780684553053794,0.1583084384871931,0.07508964748017088,0.07516454264973474,0.13344205293000252
109,0.0149206272599503,0.1583084384871931,0.07570955632944665,0.07578403739172888,0.13391105010290097
109,0.0515478426889233,0.1583084384871931,0.07582344500283328,0.07589771755690455,0.13188972744913424
109,0.0370730192878638,0.1583084384871931,0.0763140130469741,0.07638768035107353,0.1361615116461774
109,0.0848095717798399,0.1583084384871931,0.07675990244090186,0.07683333787301345,0.13188972744913424
109,0.0020255920935101,0.1583084384871931,0.07707615800049128,0.07714954079678084,0.1324718409690153
109,0.0683914714812611,0.1583084384871931,0.07693236797223113,0.07700549918583584,0.13035911129807634
109,0.0534911195864427,0.1583084384871931,0.07727886063533579,0.07735186216764138,0.13207987679371988
109,0.0135270611875952,0.1583084384871931,0.07806053777155264,0.0781328105342758,0.13143824869297716
109,0.1657448950682359,0.1583084384871931,0.0791982951080436,0.07926979754656457,0.13358403444032554
109,0.0430053810369014,0.1583084384871931,0.07910123226668098,0.0791726214088294,0.1325979452283821
109,0.0143925082050686,0.1583084384871931,0.09042553133727849,0.09048717753458778,0.12847585624578792
109,0.0185123762349456,0.1583084384871931,0.09045592563525492,0.09051726790827998,0.12480049927748946
109,0.0025084630684819,0.1583084384871931,0.09088137305316374,0.09094261176253497,0.12847585624578792
109,0.1033536591400002,0.1583084384871931,0.09127378990844237,0.0913343043755962,0.12682937289543386
109,0.0450333434777298,0.1583084384871931,0.09154516523435649,0.09160524038373297,0.12310771294726973
109,0.1298742717564563,0.1583084384871931,0.09195556201787872,0.09201550037631553,0.12742467296194063
109,0.0164867841414354,0.1583084384871931,0.09200049865428425,0.09206021678589943,0.1273745221000102
109,0.1743771258319862,0.1583084384871931,0.09212705367673141,0.09218662199949791,0.12593477520093288
109,0.0137148912843325,0.1583084384871931,0.09229204428673302,0.09235148179233449,0.12782788539319997
109,0.1659327251649732,0.1583084384871931,0.09333550320482989,0.093394481420154,0.13563177215047553
109,0.1478565132155301,0.1583084384871931,0.09275184557168215,0.09281088872172386,0.130272640374237
109,0.0329048844400142,0.1583084384871931,0.09314867388925188,0.0932075623680547,0.13360112348705916
109,0.1028255400851185,0.1583084384871931,0.0941329255019984,0.09419120421978529,0.1363519620677781
109,0.0594025978728041,0.1583084384871931,0.0940829546323213,0.09414099459741845,0.13485141693401886
109,0.0368851891911266,0.1583084384871931,0.09420943789918382,0.09426722141920583,0.1331451322798953
109,0.0379201342168007,0.1583084384871931,0.094905366202542,0.09496300443269762,0.1359752815348352
109,0.112445181428024,0.1583084384871931,0.09498473613799979,0.09504232675815594,0.1370630266896006
109,0.0907210500662013,0.1583084384871931,0.09460686762801487,0.09466446926408928,0.13406486519384497
109,0.1972511773583705,0.1583084384871931,0.09501388489401538,0.0950713927728215,0.1359752815348352
109,0.0450309731304116,0.1583084384871931,0.09589820244383496,0.09595497982874734,0.1370630266896006
109,0.1293461527015746,0.1583084384871931,0.09608064933326821,0.09613722027746666,0.1359752815348352
109,0.1313681689455913,0.1583084384871931,0.09552505210863646,0.0955815995503295,0.1323004078290154
109,0.0533032894897054,0.1583084384871931,0.09630150277410948,0.09635761287553438,0.13356472541325692
109,0.051055307367004,0.1583084384871931,0.0963561200629883,0.0964121213217389,0.13595027417067979
109,0.1522178338806407,0.1583084384871931,0.09687063942854732,0.09692651751903358,0.13739777162917086
109,0.0701769255910081,0.1583084384871931,0.09700124713536218,0.09705701180684609,0.13739777162917086
109,0.0829534776945305,0.1583084384871931,0.09703227188074628,0.09708797880898054,0.13739777162917086
109,0.0127765521035223,0.1583084384871931,0.09639096086626694,0.0964467042416933,0.13018445453157734
109,0.0692385864101979,0.1583084384871931,0.09717584664225234,0.09723148524449218,0.13943942558645214
109,0.0336262170385717,0.1583084384871931,0.09717654116881747,0.09723217581581661,0.13848551678393628
109,0.0345645562193819,0.1583084384871931,0.09729922973750463,0.0973547247007448,0.1366983421044215
109,0.0859245688115679,0.1583084384871931,0.09748987511097709,0.09754525967066402,0.13935855124655747
109,0.0178785738180119,0.1583084384871931,0.09738158536954963,0.0974369800380053,0.1366983421044215
109,0.164994385984163,0.1583084384871931,0.097431827908711,0.09748717432975877,0.1366983421044215
109,0.0955581614425339,0.1583084384871931,0.09704895420160092,0.09710412605279882,0.1292282565481917
109,0.0619319444039622,0.1583084384871931,0.0979765553416388,0.09803142815520194,0.13490631594153393
109,0.0505271883121223,0.1583084384871931,0.09859838289972137,0.09865269984658644,0.13509271349262078
109,0.0584642586919939,0.1583084384871931,0.09891011252199672,0.0989638673833516,0.13217014785079495
109,0.0658830084127791,0.1583084384871931,0.09949786555895046,0.09955142511791726,0.13522318626526209
109,0.0086420387984441,0.1583084384871931,0.09971082889781038,0.09976417474299028,0.13225154974544379
109,0.2438133503736154,0.1583084384871931,0.1000263608946883,0.10007938466554359,0.13225154974544379
109,0.0555052134693817,0.1583084384871931,0.1005895825586818,0.1006418727793917,0.1268181421697653
109,0.1207041139031305,0.1583084384871931,0.100317247043583,0.10036947061364673,0.12405995610213769
109,0.0833120987412114,0.1583084384871931,0.10087242141113387,0.1009243854388461,0.12944621712796628
109,0.0519936465478142,0.1583084384871931,0.10116841354888481,0.10122014299154335,0.1289832982454671
109,0.0827839796863297,0.1583084384871931,0.10159851506242257,0.10165015011856493,0.13094859150516883
109,0.0650749038765186,0.1583084384871931,0.10086396494090233,0.10091567978029137,0.13197521443343108
109,0.2172927377571593,0.1583084384871931,0.10185764689635698,0.10190906698021668,0.13094859150516883
109,0.0964965006233441,0.1583084384871931,0.1012073283962503,0.10125875296667249,0.12405995610213769
109,0.0694264165069352,0.1583084384871931,0.1021863108188146,0.10223758381505205,0.13883763773532887
109,0.0915955164929747,0.1583084384871931,0.1013128613911364,0.10136420829499418,0.1238652741063801
109,0.0343767261226446,0.1583084384871931,0.10199522122854215,0.1020464049622343,0.13156015310818264
109,0.1227297059966406,0.1583084384871931,0.10226715524627922,0.10231803920700216,0.12970891439375187
109,0.1278149528167413,0.1583084384871931,0.10188979503225176,0.10194063953871624,0.1238652741063801
109,0.0514655274929325,0.1583084384871931,0.10295235726910282,0.10300281210242221,0.13224581995708934
109,0.1372832230814462,0.1583084384871931,0.10326112255451006,0.10331098460834594,0.12959197320936877
109,0.1107626104649901,0.1583084384871931,0.10400730708032149,0.10405653544562302,0.1332439676969841
109,0.0189265633670607,0.1583084384871931,0.10493432816881726,0.10498320133043429,0.153085557714639
109,0.1213379163200641,0.1583084384871931,0.11134142953647719,0.11138400172068272,0.13924401193837857
109,0.1478585289365203,0.1583084384871931,0.11168875256088903,0.11173104760850601,0.1391336899151626
109,0.1288597058771093,0.1583084384871931,0.11351749708277048,0.11355844079427546,0.14861117045028943
109,0.1063116056980618,0.1583084384871931,0.1136891108930734,0.11372998122011937,0.14910713139519285
109,0.0174290903284323,0.1583084384871931,0.1153443442555642,0.11538399501161531,0.1687192794054065
109,0.0690395645470679,0.1583084384871931,0.11633952806960957,0.11637766234209607,0.14183741518743004
109,0.128641184283002,0.1583084384871931,0.11817640699637275,0.11821353610618321,0.1652005193662229
109,0.0963086705266068,0.1583084384871931,0.11856714777618246,0.11860313400935112,0.1399106235158115
109,0.0248380416534221,0.1583084384871931,0.11888270880920676,0.11891864636179407,0.1397187870246968
109,0.0397762283021101,0.1583084384871931,0.11936753441021908,0.11940285183982385,0.1397099633939341
109,0.0518058164510769,0.1583084384871931,0.12015637207884117,0.12019124109513601,0.14125958063141728
109,0.0512776973961952,0.1583084384871931,0.12070904768604307,0.12074374275335319,0.163293784115663
109,0.0375209562893178,0.1583084384871931,0.1203401149061008,0.12037474631373232,0.13986004027971732
109,0.1212322329580122,0.1583084384871931,0.12047607123510973,0.12051059444563589,0.1392621758006006
109,0.1124416055785305,0.1583084384871931,0.12104993374076126,0.12108434075371285,0.16462444200728363
109,0.1012963559212754,0.1583084384871931,0.12102429266058229,0.121058239108662,0.1435996266604417
109,0.0699779037278781,0.1583084384871931,0.12107254473535209,0.12110647805921401,0.14313670777794252
109,0.0233581280035313,0.1583084384871931,0.1216085149924177,0.12164173912682616,0.13480655162577473
109,0.0223295785849402,0.1583084384871931,0.12190277465196944,0.12193595247567678,0.14360117110854156
109,0.0059114782863614,0.1583084384871931,0.12446306824592943,0.12449415409005976,0.15092873120859487
109,0.0354133475084962,0.1583084384871931,0.12511590686610422,0.12514681925154686,0.1676202283196911
109,0.0820238103648477,0.1583084384871931,0.1257346265761493,0.12576473912846767,0.152305032755698
109,0.0208496649350493,0.1583084384871931,0.1325500488240634,0.13257409224625427,0.15539311437137807
109,0.0369928372344361,0.1583084384871931,0.1321397588391369,0.13216352215847538,0.13053949644568472
109,0.2351713115751712,0.1583084384871931,0.13403497199050493,0.13405819483071227,0.16918401336756617
109,0.0169009712735506,0.1583084384871931,0.13442302177249335,0.13444593773825136,0.16686833241484855
109,0.0694362245416291,0.1583084384871931,0.13378254111932122,0.13380534607698186,0.15224322911618096
109,0.1657350870335421,0.1583084384871931,0.1344002732735978,0.13442265273223086,0.15626973105976585
109,0.0377506362085999,0.1583084384871931,0.13641224465035418,0.13643272886188698,0.1534961480206833
109,0.0697900736311408,0.1583084384871931,0.1398251502054764,0.13984243349076875,0.14953954615113219
109,0.1392164901380761,0.1583084384871931,0.14075785566480792,0.1407742518319399,0.1499634893157794
109,0.113939078617159,0.1583084384871931,0.14223911996781624,0.14225466881423202,0.1807422921339409
109,0.0382787552634816,0.1583084384871931,0.1436311748188696,0.14364488575296508,0.16420815870160155
109,0.0390184293279463,0.1583084384871931,0.1446681677311264,0.1446811350634313,0.1608363517067101
109,0.03709390275054,0.1583084384871931,0.14568325018222214,0.14569514672282372,0.1608779124581548
109,0.1038031426295799,0.1583084384871931,0.14729390568623082,0.14730533606379137,0.1897571197631805
109,0.0226003290293674,0.1583084384871931,0.14686676083313394,0.1468779595186823,0.1637201662353267
109,0.0827816093390115,0.1583084384871931,0.1465634646518085,0.14657440429368512,0.1504076460270856
109,0.0079370703798715,0.1583084384871931,0.14764429984610652,0.1476550668872598,0.18700963487270808
109,0.0074089513249898,0.1583084384871931,0.14834023415632938,0.14835005898385448,0.16263242108056125
109,0.1144671976720407,0.1583084384871931,0.14910668978040656,0.14911641964113062,0.19468490160828644
109,0.0959548214370951,0.1583084384871931,0.15911586758465437,0.1591163265636882,0.21632083151746306
109,0.0658327028506824,0.1583084384871931,0.1646507453764404,0.1646459931777707,0.16477155813679684
109,0.0562630124435455,0.1583084384871931,0.16449158264844396,0.16448664262491627,0.16432111524055415
109,0.0923533154671385,0.1583084384871931,0.1651665316436794,0.16516135171505275,0.16502574435254336
109,0.010575305855074,0.1583084384871931,0.16786036824517594,0.16785274021820007,0.16232616197998923
109,0.0135343510776861,0.1583084384871931,0.16970830152468824,0.1696990582636989,0.15940640758034744
113,0.0025554957998642,0.15522102049746095,0.12135226840580765,0.1213784846998364,0.13913708004259073
113,0.0792477548005863,0.15522102049746095,0.12135226840580765,0.1213784846998364,0.13913708004259073
113,0.1948074008380699,0.15522102049746095,0.12135226840580765,0.1213784846998364,0.13913708004259073
113,0.2313887285857542,0.15522102049746095,0.12135226840580765,0.1213784846998364,0.13913708004259073
113,0.0491456554242458,0.15522102049746095,0.12135226840580765,0.1213784846998364,0.13913708004259073
113,0.3925217986497789,0.15522102049746095,0.12135226840580765,0.1213784846998364,0.13913708004259073
113,0.0572122680624115,0.15522102049746095,0.12135226840580765,0.1213784846998364,0.13913708004259073
113,0.1612351862017613,0.15522102049746095,0.12266404915091944,0.12268911847969158,0.13416436919168218
113,0.0999848871033202,0.15522102049746095,0.12883724248522882,0.1288572030561806,0.1343066721244412
113,0.0759596719295061,0.15522102049746095,0.15136857795347974,0.15137059939949804,0.1447719096665902
113,0.0587074573633803,0.15522102049746095,0.15202250148287352,0.1520235905254347,0.14317342340173153
113,0.2748896534743974,0.15522102049746095,0.15810595282458131,0.158102206489221,0.1482074509321248
113,0.0876175392532396,0.15522102049746095,0.15720896484839716,0.1572054574610553,0.21660150555407495
113,0.2934151648825189,0.15522102049746095,0.16476508986362312,0.16475646105877587,0.1695439913298303
113,0.0838255029790966,0.15522102049746095,0.16570221753969758,0.16569215588830452,0.14578924922952752
113,0.1686729367670413,0.15522102049746095,0.16742374423451903,0.16741293324065715,0.18000381139931254
113,0.3508493254039035,0.15522102049746095,0.16595029851958926,0.16593978592740122,0.14695147531729572
113,0.2519762216902528,0.15522102049746095,0.17101800155921518,0.17100525346351114,0.19048312630062936
113,0.3884792400947128,0.15522102049746095,0.17388050216754022,0.17386372406271403,0.15144306625628995
113,0.1746866482368843,0.15522102049746095,0.17678426602509625,0.17676662478682825,0.18560651215310148
113,0.088434828357806,0.15522102049746095,0.17668793760250454,0.17666953458516482,0.19440426050896634
113,0.2395173553174582,0.15522102049746095,0.175569642844072,0.17555144741516082,0.1497772782905202
113,0.0909903241576702,0.15522102049746095,0.1796358815930248,0.17961518077823818,0.19522720175544359
113,0.0091870735572197,0.15522102049746095,0.1796358815930248,0.17961518077823818,0.19522720175544359
113,0.1063725724802638,0.15522102049746095,0.1796358815930248,0.17961518077823818,0.19522720175544359
113,0.1429539002279481,0.15522102049746095,0.1796358815930248,0.17961518077823818,0.19522720175544359
113,0.0392891729335601,0.15522102049746095,0.1796358815930248,0.17961518077823818,0.19522720175544359
113,0.3040869702919729,0.15522102049746095,0.1796358815930248,0.17961518077823818,0.19522720175544359
113,0.0312225602953944,0.15522102049746095,0.1796358815930248,0.17961518077823818,0.19522720175544359
113,0.289382618821674,0.15522102049746095,0.17978610297453412,0.179765316303753,0.19606314454641732
113,0.0531306433938295,0.15522102049746095,0.18303823822554896,0.18301453926444564,0.1853590190117554
113,0.0040325460608449,0.15522102049746095,0.18271646527576893,0.18269214660301225,0.15014245948494714
113,0.0968356805470069,0.15522102049746095,0.1830590019201981,0.18303442696843575,0.15014245948494714
113,0.1821763886368622,0.15522102049746095,0.18567570291469887,0.18565003857530799,0.19301720933531244
113,0.2163372051316925,0.15522102049746095,0.187612106355194,0.18758522223256419,0.18802951261637113
113,0.0644941877430804,0.15522102049746095,0.19061456242477712,0.1905861152342306,0.17982336086481063
113,0.0551020189299311,0.15522102049746095,0.1915149558254898,0.1914849214326095,0.1937749924137774
113,0.4004948428137266,0.15522102049746095,0.19049716050207283,0.19046618379044136,0.27879994736905267
113,0.1534432325681954,0.15522102049746095,0.1961103949401448,0.1960774653667684,0.18262691483274676
113,0.0927132648375351,0.15522102049746095,0.19640389876534226,0.19636988279318213,0.1894800816881831
113,0.3752335605025988,0.15522102049746095,0.19740523198588392,0.1973694517161088,0.19907032326185214
113,0.242544566744804,0.15522102049746095,0.1994653522039266,0.19942887441662427,0.18800701786942414
113,0.1469919873013817,0.15522102049746095,0.19665496563618193,0.1966190423588256,0.15721610210228584
113,0.0431754433270838,0.15522102049746095,0.2125948624022486,0.21255349475735724,0.17693892606705297
113,0.3795833305926185,0.15522102049746095,0.20677186655415397,0.20673105664628796,0.1828665291039877
113,0.0508441642416926,0.15522102049746095,0.207749708366431,0.20770770168991382,0.183342340445524
113,0.2217590100805678,0.15522102049746095,0.20320293963751118,0.20316209957830095,0.1587407649241208
113,0.1925250488143415,0.15522102049746095,0.20790770279009002,0.20786540158697317,0.183342340445524
113,0.1474774118621648,0.15522102049746095,0.2718177589784127,0.2717573491771434,0.17837917942177772
113,0.2827462761907828,0.15522102049746095,0.217417546813564,0.2173721408782073,0.17564687964597062
113,0.2794356142910128,0.15522102049746095,0.20471647242429825,0.2046742251145918,0.15138019474107353
113,0.173371916036529,0.15522102049746095,0.20720674183466864,0.20716367654961892,0.19148529147723392
113,0.1969249354877132,0.15522102049746095,0.20906280183100112,0.20901909896205445,0.1808711036586573
113,0.1744687893859221,0.15522102049746095,0.20881582454911946,0.20877157508488914,0.19623898363723732
113,0.1199654320323787,0.15522102049746095,0.2069476988629656,0.20690314721390962,0.30209819146680533
113,0.1165614610289034,0.15522102049746095,0.24921493101043213,0.24915772823740046,0.18856135600678378
113,0.1449372791199642,0.15522102049746095,0.22603967182984494,0.22598888624201002,0.18702884395652739
113,0.0653294474191616,0.15522102049746095,0.2147640057968538,0.2147159998919995,0.20891057665814514
113,0.1827481486990276,0.15522102049746095,0.22106749935733358,0.22101751913479206,0.21168660782875948
113,0.2968939681727869,0.15522102049746095,0.21476992047866564,0.21472145241789045,0.22666397802875768
113,0.1561262815463107,0.15522102049746095,0.2256085510095409,0.2255564239871014,0.21940729107444304
113,0.6818944049772317,0.15522102049746095,0.21425100539376385,0.21420202753994755,0.2618712045233286
113,0.5150868933108164,0.15522102049746095,0.21384465394301522,0.21379574466542625,0.24890789969496374
113,0.1006489609137876,0.15522102049746095,0.21191840818533791,0.21186991300864882,0.1656430161990999
113,0.2081465217881041,0.15522102049746095,0.2133118197707869,0.21326254702369005,0.16617650092110556
113,0.1263432711876535,0.15522102049746095,0.2133118197707869,0.21326254702369005,0.16617650092110556
113,0.0107836251501699,0.15522102049746095,0.2133118197707869,0.21326254702369005,0.16617650092110556
113,0.0257977025975143,0.15522102049746095,0.2133118197707869,0.21326254702369005,0.16617650092110556
113,0.156445370563994,0.15522102049746095,0.2133118197707869,0.21326254702369005,0.16617650092110556
113,0.186930772661539,0.15522102049746095,0.2133118197707869,0.21326254702369005,0.16617650092110556
113,0.1483787579258283,0.15522102049746095,0.2133118197707869,0.21326254702369005,0.16617650092110556
113,0.1771244665635534,0.15522102049746095,0.2137230968962872,0.2136730949081059,0.1621396969339482
113,0.1362698372560258,0.15522102049746095,0.22732784598496067,0.2272739719050997,0.18903020821209524
113,0.3126890414951314,0.15522102049746095,0.21981988543559078,0.21976741430816027,0.212226625530968
113,0.1337143414561615,0.15522102049746095,0.2288845813140008,0.22882955745811995,0.20955963762050486
113,0.2155175920566121,0.15522102049746095,0.2288845813140008,0.22882955745811995,0.20955963762050486
113,0.3310772380940957,0.15522102049746095,0.2288845813140008,0.22882955745811995,0.20955963762050486
113,0.36765856584178,0.15522102049746095,0.2288845813140008,0.22882955745811995,0.20955963762050486
113,0.1854154926802717,0.15522102049746095,0.2288845813140008,0.22882955745811995,0.20955963762050486
113,0.5287916359058047,0.15522102049746095,0.2288845813140008,0.22882955745811995,0.20955963762050486
113,0.1934821053184373,0.15522102049746095,0.2288845813140008,0.22882955745811995,0.20955963762050486
113,0.2055910259882398,0.15522102049746095,0.2164129983385136,0.216361301345233,0.1758942524992503
113,0.0831392686840931,0.15522102049746095,0.2169714533637096,0.21691914310988455,0.1600580614394902
113,0.0678579185079197,0.15522102049746095,0.21626441189817724,0.2162122923053345,0.1629149836330606
113,0.2957640610413438,0.15522102049746095,0.21922748094873262,0.21917332661487227,0.1666985631018194
113,0.2139608104408932,0.15522102049746095,0.21922748094873262,0.21917332661487227,0.1666985631018194
113,0.0984011644034096,0.15522102049746095,0.21922748094873262,0.21917332661487227,0.1666985631018194
113,0.0618198366557253,0.15522102049746095,0.21922748094873262,0.21917332661487227,0.1666985631018194
113,0.2440629098172336,0.15522102049746095,0.21922748094873262,0.21917332661487227,0.1666985631018194
113,0.0993132334082994,0.15522102049746095,0.21922748094873262,0.21917332661487227,0.1666985631018194
113,0.235996297179068,0.15522102049746095,0.21922748094873262,0.21917332661487227,0.1666985631018194
113,0.0307963800806875,0.15522102049746095,0.21961773273010235,0.21956336188661585,0.17253954585380332
113,0.2263764770540209,0.15522102049746095,0.31508272331659704,0.3150017014696173,0.3816053992069658
113,0.2041558614185463,0.15522102049746095,0.22038937693176602,0.22033451589222658,0.18267147162688843
114,0.3887331776312217,0.1583084384871931,0.1769302359618794,0.17690783412645908,0.19965173298888533
114,0.2417186265451946,0.1583084384871931,0.18053542358562985,0.180512603204884,0.1547902233790317
114,0.3007422135452735,0.1583084384871931,0.1847946810168385,0.1847660758915896,0.16226281200955653
114,0.2760813487341733,0.1583084384871931,0.1967290494202146,0.1966892490412414,0.20935214934350507
114,0.2179185873951816,0.1583084384871931,0.19916268286269423,0.19912251090304828,0.205477675050454
114,0.3891100854371462,0.1583084384871931,0.2024400275793045,0.20239792623790062,0.20432900876745122
114,0.3160239220266199,0.1583084384871931,0.20738091360878008,0.20733223814170332,0.20688836558218973
114,0.0796627775651591,0.1583084384871931,0.20856625586005956,0.2085159205972833,0.20059858503328898
114,0.2105146141577554,0.1583084384871931,0.2104037865939496,0.21035260897077343,0.20821072119489376
114,0.0156751355182678,0.1583084384871931,0.21515294391114084,0.2150987579587624,0.20368746912221358
114,0.1626173764275257,0.1583084384871931,0.22319757372165744,0.22313730016202415,0.2042900579217096
114,0.1782185634734663,0.1583084384871931,0.2230151311695263,0.22295311343058172,0.20911942939063619
114,0.4795327694219686,0.1583084384871931,0.22459021896841974,0.22452541611872887,0.21416920020624702
114,0.1751854287369372,0.1583084384871931,0.22545630027336594,0.22539118002360453,0.2209048809483702
114,0.035813318630637,0.1583084384871931,0.2255015803348404,0.22543605949438622,0.20995328379443276
114,0.0689152078754304,0.1583084384871931,0.23451162911065654,0.2344433122972539,0.2015466879443809
114,0.0852459076958744,0.1583084384871931,0.23169727228765918,0.23162578616679347,0.22713346905314213
114,0.067726598436731,0.1583084384871931,0.23230065601054162,0.23222906398062337,0.21178684391477556
114,0.0727092556046018,0.1583084384871931,0.23272830148316867,0.23265653390258423,0.21186086026946246
114,0.3839617146896186,0.1583084384871931,0.23186769695873144,0.231795751727564,0.2701771800701366
114,0.4710051130526024,0.1583084384871931,0.23296428332084584,0.23289139783723842,0.26012196668017995
114,0.0296616972585037,0.1583084384871931,0.23405642317765807,0.23398255140065066,0.25980441210875166
114,0.1306548364796714,0.1583084384871931,0.2611110845270352,0.26103290754648867,0.1912861525417463
114,0.0377838946437509,0.1583084384871931,0.25152573646431137,0.2514471852334956,0.1910955094990818
114,0.2195456029239765,0.1583084384871931,0.23958479992059295,0.23950595618438733,0.3128410485792506
114,0.1338773535069715,0.1583084384871931,0.24004055619760162,0.23996163848849156,0.23963151846255076
114,0.0602097419001281,0.1583084384871931,0.24257012742137066,0.24249031556584247,0.23804705815241126
114,0.1101502912035439,0.1583084384871931,0.2499769665783594,0.24989437811783866,0.30514905134223747
114,0.5768235622794469,0.1583084384871931,0.24544472882996685,0.24536264072471287,0.3352257586713783
114,0.5949396645934932,0.1583084384871931,0.24531803029635027,0.24523587872749208,0.33457365717448034
114,0.3081903254876076,0.1583084384871931,0.246427341079818,0.24634485474536866,0.3044503164499142
114,0.2622852514146697,0.1583084384871931,0.2469247596047436,0.2468404515141841,0.2673331412200112
114,0.0427331586582444,0.1583084384871931,0.2505364235785009,0.250449233710342,0.2767431745419381
116,0.0701668841306834,0.15522102049746095,0.16424416077753318,0.16423467843501455,0.12689581015462154
118,0.0868784108750392,0.14070362825948754,0.05312216547550813,0.05319379565895904,0.097174196222428
118,0.0888715649982228,0.14070362825948754,0.057523902929202175,0.05759190823608007,0.08815281344356972
118,0.109426687679217,0.14070362825948754,0.05770854897584726,0.05777643174912146,0.08815281344356972
118,0.3229711531421942,0.14070362825948754,0.06616939189601534,0.06622997721695818,0.1322712537213834
118,0.2174032649889219,0.14070362825948754,0.07547091327332583,0.0755239217993153,0.0941311788417551
118,0.0487567805122685,0.14070362825948754,0.07522853912131627,0.07528242156380203,0.09620170828303978
118,0.477843255718706,0.14070362825948754,0.07616532330235937,0.07621776425458715,0.09422874088412148
118,0.0252038907516173,0.14070362825948754,0.08461965919901243,0.08466798978669246,0.23611252454234438
118,0.0024757163173468,0.14070362825948754,0.08752087085492677,0.0875635368820757,0.10267926924493542
118,0.0318977693592531,0.14070362825948754,0.0916076118488156,0.09164802746428286,0.10283898430891308
118,0.0842227969275996,0.14070362825948754,0.09198752695476581,0.09202948532587162,0.21730678626999583
118,0.2871358608332927,0.14070362825948754,0.09619225569614906,0.09622878352024883,0.10570895230566241
118,0.1449441731356325,0.14070362825948754,0.09694818957865409,0.09698346953728867,0.10254441770123894
118,0.4098590446616367,0.14070362825948754,0.09705792373660316,0.09709313106686902,0.10221504740507774
118,0.2052703721718654,0.14070362825948754,0.09841482169439375,0.09845171744763143,0.1824214727198481
118,0.0740300119101056,0.14070362825948754,0.10044033214619583,0.10047362861518036,0.13175332177464522
118,0.0955336795103979,0.14070362825948754,0.09731097153434701,0.09735436780455331,0.16984073059300664
118,0.3766140745586873,0.14070362825948754,0.10796024568703566,0.10798554163026651,0.10594410145792377
118,0.0433362802671144,0.14070362825948754,0.10936796844236582,0.10939315349801015,0.12655136566307804
118,0.1156928454722507,0.14070362825948754,0.1117152611403778,0.11173755398071157,0.13466493841761312
118,0.0475331483861114,0.14070362825948754,0.11250184979773548,0.11252349703237624,0.13316361094616602
118,0.4753675394013591,0.14070362825948754,0.11275996378309247,0.11278127092759985,0.1341256710785357
118,0.43288780397031,0.14070362825948754,0.11279059090584628,0.11281274351157713,0.12992564040558557
118,0.2896115771506395,0.14070362825948754,0.11673783007599808,0.11675712082833208,0.12859772654585583
118,0.0655022621759398,0.14070362825948754,0.12318202672198547,0.12319686200348717,0.1602746472582458
118,0.1882316785680664,0.14070362825948754,0.12836700487449546,0.12837613370445583,0.13140902942115132
118,0.3443567824856969,0.14070362825948754,0.1284591212855971,0.12846871928689166,0.14027707041185733
118,0.0392498725275733,0.14070362825948754,0.12988391185987988,0.12989254691191582,0.15532676735978446
118,0.1112934758153296,0.14070362825948754,0.12476318870314243,0.12478628426208127,0.16360866613799652
118,0.1701480638872499,0.14070362825948754,0.13094767464238485,0.13095753699568402,0.18049648909052124
118,0.1059277812693587,0.14070362825948754,0.13370583448126241,0.13371233521906,0.18733864430146727
118,0.4458219069914384,0.14070362825948754,0.13532452776517914,0.13532830724217684,0.14209514612462462
118,0.1590291257393652,0.14070362825948754,0.13617523938597972,0.13617799473791134,0.1335963778631454
118,0.1378705636309123,0.14070362825948754,0.1399767669689421,0.13997662169794362,0.14794295600929097
118,0.0607213762080329,0.14070362825948754,0.13935584406065343,0.1393584535512963,0.19413916759362487
118,0.0603261990362328,0.14070362825948754,0.14248577758137243,0.14248611576780482,0.1864535110042236
118,0.0597668799391292,0.14070362825948754,0.1467545824520667,0.146746950029162,0.17191164890472524
118,0.1237530358456157,0.14070362825948754,0.06255796566685184,0.06274319718826059,0.14690680200100162
118,0.2562376489509622,0.14070362825948754,0.14110610581980004,0.1411146168177541,0.1789330044938183
118,0.0771595583930152,0.14070362825948754,0.14834662789892158,0.14833903252638186,0.15269025378761375
118,0.3544363564000258,0.14070362825948754,0.1505872386945047,0.15057828697440234,0.16768652231720324
118,0.0860895850637122,0.14070362825948754,0.143168683529525,0.14317956225642475,0.16125739157315816
118,0.1955162727429293,0.14070362825948754,0.14347040100545982,0.14348088922069238,0.16125739157315816
118,0.0221777181586615,0.14070362825948754,0.15642842743911348,0.15641461879451563,0.19197769930694683
118,0.6940699144389119,0.14070362825948754,0.15712780220229072,0.15711350959543038,0.23283838437190763
118,0.1253175726001741,0.14070362825948754,0.1577599049641589,0.15774489488010957,0.17388197485360177
118,0.0509672767790968,0.14070362825948754,0.155455655801723,0.15544841234083961,0.17720346017374272
118,0.0830379309915163,0.14070362825948754,0.16168791808192723,0.16166929235609942,0.17166627665050205
118,0.4597804080544704,0.14070362825948754,0.16072553908547996,0.16070957214205545,0.21435414384810478
118,0.2780047160031745,0.14070362825948754,0.16101697608590818,0.1610009650808245,0.22064253941052797
118,0.0792710527726441,0.14070362825948754,0.16032738561749932,0.16031330260529603,0.20674494763883508
118,0.3895515237031955,0.14070362825948754,0.16479354329469892,0.16477284247094787,0.27908025732963077
118,0.2803059333372865,0.14070362825948754,0.1659948570582516,0.16597256511654018,0.1627161177071166
118,0.4804209523564214,0.14070362825948754,0.16839095146678423,0.1683663204328892,0.15424664107060926
118,0.238743510927775,0.14070362825948754,0.16886058435158144,0.16883590026180664,0.19066697265656699
118,0.2616285154202648,0.14070362825948754,0.16959268381076215,0.16956792712776975,0.2522495858857036
118,0.0096005122255786,0.14070362825948754,0.16787373113459375,0.16785336124221742,0.24772957229694828
118,0.1328827870768658,0.14070362825948754,0.17118774159203007,0.17116226285546104,0.25183143974774486
118,0.3503431385826544,0.14070362825948754,0.17235725233376747,0.1723293852980674,0.1610396805010796
118,0.0073521031683202,0.14070362825948754,0.17224086062280092,0.17221500376573756,0.30800612321662985
118,0.2039144481126171,0.14070362825948754,0.17481597736458587,0.17478565066857427,0.15756567100932847
118,0.0481580142071589,0.14070362825948754,0.1768211396120996,0.17678860886610112,0.16154888926620145
118,0.3469658778812632,0.14070362825948754,0.17501020722828267,0.17498296523980733,0.2759995383806311
120,0.1237936673093587,0.1583084384871931,0.12057300921110853,0.12060408178684323,0.13004907220044115
125,0.0093986886711803,0.1583084384871931,0.059443944644616886,0.059532938050674875,0.11844044614699856
125,0.2345270508027024,0.1583084384871931,0.10089636299801152,0.10094808434931377,0.12869097510910746
125,0.0438280570533482,0.1583084384871931,0.11553903257886394,0.11557788456309055,0.1389599539234917
125,0.0331143187215232,0.1583084384871931,0.12697475660551014,0.12700321920003493,0.13927094373910934
125,0.2129571719607299,0.1583084384871931,0.13111604698194318,0.13114093094911328,0.14325669725210696
125,0.2310506020433148,0.1583084384871931,0.13844866157264357,0.13846890801051467,0.16741669185620406
125,0.1469495430987097,0.1583084384871931,0.14339191052772599,0.14340564074660622,0.15757275334420742
125,0.0755748943477536,0.1583084384871931,0.15015621715573324,0.15016424070470014,0.16123688355869145
125,0.1778182428293075,0.1583084384871931,0.15238672944358958,0.15239252901098552,0.15949843977872497
125,0.0308739341099615,0.1583084384871931,0.15328289666445435,0.15328773174134822,0.13843173774091425
125,0.0669084539607989,0.1583084384871931,0.15750701592587885,0.15750864514047522,0.17292306644393501
125,0.2249801696337965,0.1583084384871931,0.15965045440690373,0.1596502008938513,0.18890603478804519
125,0.0147526327734321,0.1583084384871931,0.15996468278952805,0.15996378159759866,0.15771165735275625
125,0.0918566937063631,0.1583084384871931,0.16245090467435877,0.16244777431976398,0.15978824808287848
125,0.0878637080144055,0.1583084384871931,0.16299966343193512,0.16299617923846046,0.15666828419065193
125,0.2836196818872947,0.1583084384871931,0.16550793161266902,0.16550240194639296,0.16517919242148488
125,0.08784678246379,0.1583084384871931,0.1668151183880365,0.16680837684885153,0.16547893424634832
125,0.1031214860453615,0.1583084384871931,0.16843369136061037,0.16842535622687752,0.1528096650269065
126,0.0358841111815246,0.14070362825948754,0.13841345175606248,0.13841315305658342,0.11263682339472325
126,0.2236114486356655,0.14070362825948754,0.16912961881641553,0.1691041353227561,0.13758087762750243
126,0.0340807418557926,0.14070362825948754,0.17665950710263348,0.17663093899467455,0.17866789877001912
126,0.2656419767067668,0.14070362825948754,0.18484928352277696,0.18480929724329329,0.14709966059140323
127,0.2052634617373148,0.15509379687119426,0.08153351694282646,0.08158912505625329,0.11698983252126462
127,0.0566808034929884,0.15509379687119426,0.08186410392437377,0.08191941628020476,0.10970921019001861
127,0.0191299419969801,0.15509379687119426,0.08254929360679913,0.08260407108930501,0.10970921019001861
127,0.0375508614960082,0.15509379687119426,0.0845651717883249,0.08461837563437129,0.1120989149848712
127,0.0637998300613589,0.15509379687119426,0.0845651717883249,0.08461837563437129,0.1120989149848712
127,0.2311239442612556,0.15509379687119426,0.0845651717883249,0.08461837563437129,0.1120989149848712
127,0.0071190265683704,0.15509379687119426,0.08676697034099651,0.08681845541727269,0.11300865043547689
127,0.0262489685653506,0.15509379687119426,0.08883298435294362,0.08888285665568778,0.11390485138541327
127,0.1673241141998966,0.15509379687119426,0.08958919979513258,0.08963848178036549,0.11390485138541327
127,0.0521150244634183,0.15509379687119426,0.09046030984870379,0.09050891182730086,0.11715847638637251
127,0.1240244517391141,0.15509379687119426,0.09128546205772214,0.09133341990533318,0.12092485372183598
127,0.2240049176928851,0.15509379687119426,0.09176801942552776,0.09181560057881537,0.12166586632590873
127,0.2048749756959049,0.15509379687119426,0.09360842220057874,0.09365456669716085,0.1281170421134264
127,0.2832389687246739,0.15509379687119426,0.0939927969004759,0.09403864134616831,0.1281170421134264
127,0.0071754715500846,0.15509379687119426,0.09696543384587603,0.0970089577893075,0.12799240549958713
127,0.219439138663315,0.15509379687119426,0.09822300759227864,0.0982655498474732,0.12775771309642844
127,0.2761199421563034,0.15509379687119426,0.10053343377752993,0.10057417246596367,0.1286477151047744
127,0.2569900001593233,0.15509379687119426,0.10308200515728266,0.10312075437786095,0.12493298528957712
127,0.1168489801890294,0.15509379687119426,0.10832119943631541,0.1083558588328104,0.125806716324089
127,0.3002637466880745,0.15509379687119426,0.11122698860782043,0.11125937968481786,0.12648092192422944
127,0.2554050140481101,0.15509379687119426,0.12043851210230883,0.12046434825324992,0.14340310183929714
127,0.3924075200720767,0.15509379687119426,0.11978924762702803,0.11981496236535584,0.12989936662841697
127,0.2938854011659395,0.15509379687119426,0.12125206569915936,0.12127663099235475,0.1292673593961287
127,0.2867099296158549,0.15509379687119426,0.1215278127664769,0.12155216280577313,0.12964684853624475
127,0.2285720017658216,0.15509379687119426,0.12385815041892087,0.12388173930763503,0.17913753534413018
127,0.0754265953905959,0.15509379687119426,0.1253215500247647,0.12534340851880504,0.14094790346045236
127,0.3427941732148547,0.15509379687119426,0.12971428059887868,0.12973342874483731,0.17637558642292128
127,0.1698609494268254,0.15509379687119426,0.12822930209946615,0.12824842081672924,0.13970333382350952
127,0.0207468673257245,0.15509379687119426,0.1348568580041294,0.13487370559125236,0.14887573495835793
127,0.1627865782738288,0.15509379687119426,0.12932965987903627,0.12934810810671013,0.14278519875271922
127,0.2076495706649846,0.15509379687119426,0.1327140559738329,0.13273104336639624,0.17897783359100483
127,0.0049958935488522,0.15509379687119426,0.13382039159554854,0.1338361258494785,0.19322578528929618
127,0.1131093541428099,0.15509379687119426,0.13665537656974702,0.13666843287634844,0.14839489778444037
127,0.4872594899898926,0.15509379687119426,0.13833017044904697,0.13834246971666264,0.18342378476584975
127,0.5799085634057528,0.15509379687119426,0.13935722271111362,0.13936907205586574,0.16813428321102833
127,0.1707236907427763,0.15509379687119426,0.13944643417678915,0.1394574197833594,0.14917544705129085
127,0.1193120443677751,0.15509379687119426,0.1392889475518903,0.13929948565208483,0.13350767013406217
127,0.1243079379166273,0.15509379687119426,0.14142693172770113,0.14143678093043557,0.1870895472250317
127,0.088755921137374,0.15509379687119426,0.14311829298214632,0.14312708322174905,0.17309745526920803
127,0.2903995570730209,0.15509379687119426,0.1421913862911846,0.1422000783529374,0.14872615896611383
127,0.0525589290882817,0.15509379687119426,0.14564860184249157,0.14565525855336406,0.17906153367075464
127,0.1094122301979111,0.15509379687119426,0.14585059428849406,0.1458565404669225,0.1498043885048044
127,0.1691706996047817,0.15509379687119426,0.14588611948743643,0.14589191731169626,0.14865409321837725
127,0.0853769313112461,0.15509379687119426,0.15094216211318862,0.15094588022050412,0.15075936146703414
127,0.2435714959794466,0.15509379687119426,0.14797699217119775,0.14798150209333075,0.23160309234991933
127,0.1613701291537533,0.15509379687119426,0.14735747197704982,0.14736207097357906,0.1463506786701342
127,0.0657854234919927,0.15509379687119426,0.15009017619073203,0.1500930993416409,0.19379520577772727
127,0.1422956599053001,0.15509379687119426,0.14947016993559092,0.14947282821185193,0.13733623791084004
127,0.0135538170722195,0.15509379687119426,0.15177851944696857,0.15177925515510457,0.17537139581277045
127,0.0063783455221349,0.15509379687119426,0.1529337325395942,0.1529335664643498,0.16868225708742343
127,0.0269863725761007,0.15509379687119426,0.15412445851210163,0.15412336293138376,0.17788526012737574
127,0.0003219679375734,0.15509379687119426,0.1555651498537354,0.15556310052119202,0.15663511638191183
127,0.2096407495657081,0.15509379687119426,0.1556629971885096,0.15566074582590567,0.1483470700363893
127,0.0301735174114176,0.15509379687119426,0.2547528954847458,0.25471848067415664,0.18466814987764996
127,0.130402797261249,0.15509379687119426,0.15940543264981882,0.15940021463079057,0.18117601092818197
127,0.0065843434483923,0.15509379687119426,0.1618212621251768,0.16181504785002132,0.18804763789232543
127,0.3325045981150922,0.15509379687119426,0.162453337835286,0.162446813595334,0.18704076221384877
127,0.1800075949410259,0.15509379687119426,0.16342799606754735,0.16342101505821177,0.1766560047097953
127,0.0272269580813255,0.15509379687119426,0.1642609473527112,0.16425365537493453,0.16597940338844086
127,0.0993880830851288,0.15509379687119426,0.16485491973018554,0.16484714398146708,0.16506956158776512
127,0.35941501595829,0.15509379687119426,0.17633672581869955,0.17632505578945587,0.15657124471653527
127,0.130707349105752,0.15509379687119426,0.16650625170598102,0.16649735274903874,0.15940938277492475
127,0.248690528844079,0.15509379687119426,0.16525121623695707,0.16524230687746838,0.2019694170763077
127,0.4041202212569975,0.15509379687119426,0.16733742487385672,0.16732687692461992,0.21224995747907355
127,0.0499793284536779,0.15509379687119426,0.1662089041867388,0.16619867176645847,0.1570279466013789
127,0.1142221714490331,0.15509379687119426,0.17095837863003951,0.17094638873425846,0.15920839978301357
127,0.3733872617831587,0.15509379687119426,0.16768404389331384,0.16767302684159338,0.16574867377027125
127,0.2173180420356241,0.15509379687119426,0.1696796350569329,0.1696679749255356,0.17351380035621974
127,0.1706297442609274,0.15509379687119426,0.16905331562651205,0.16904184788288423,0.19211997523146504
127,0.1431152748622375,0.15509379687119426,0.16723547654734255,0.16722437993911687,0.15700058239647185
127,0.0749592490763111,0.15509379687119426,0.1694499197485316,0.16943771520293036,0.21662480391816527
127,0.2088427311608116,0.15509379687119426,0.1692795176364161,0.1692672023523637,0.16335512845855601
127,0.1274486658527441,0.15509379687119426,0.1737029399755282,0.17368907399264283,0.15677978750099714
127,0.1625323623488608,0.15509379687119426,0.17084569312243184,0.17083261512232756,0.19344606349255888
127,0.1150151869459445,0.15509379687119426,0.17109376026342962,0.1710804961558564,0.19344606349255888
127,0.2680995821554494,0.15509379687119426,0.17137630040748977,0.17136277804868194,0.19599567081637947
127,0.1735578718107581,0.15509379687119426,0.17001786132810434,0.1700043942079528,0.14805624033524067
127,0.290235244126573,0.15509379687119426,0.17551672733919993,0.17550125700356084,0.1742001385474586
127,0.1897127891638315,0.15509379687119426,0.1719220936982089,0.17190771556428996,0.1686048162281636
127,0.1342944528681722,0.15509379687119426,0.17352344673097217,0.17350815277228146,0.22166002348672717
127,0.2463935926568199,0.15509379687119426,0.17283707260339884,0.17282198021790554,0.16963084068519227
127,0.182593762595461,0.15509379687119426,0.173100285713111,0.17308498785798673,0.16878006849836663
127,0.3090288326508369,0.15509379687119426,0.17571873210426298,0.1757024306041043,0.18742272555160777
127,0.4137177068567166,0.15509379687119426,0.17363506790427227,0.1736193525870406,0.16797868560792711
127,0.7426645040380028,0.15509379687119426,0.17689413366231088,0.17687696487859347,0.18534152546353858
127,0.2908781142627554,0.15509379687119426,0.1748146412886583,0.174798115742483,0.17031905382097898
127,0.1791349383042714,0.15509379687119426,0.17889600104402803,0.17887809381444306,0.1779340801593284
127,0.6003688441327026,0.15509379687119426,0.17714900311934673,0.1771315147567682,0.19455718471391834
127,0.2483451756072308,0.15509379687119426,0.17728252638092218,0.17726491619653176,0.19455718471391834
127,0.0373489889615022,0.15509379687119426,0.27155466565470604,0.2715071350326728,0.2287049042135324
127,0.4988600322504432,0.15509379687119426,0.17488347352410588,0.17486621323175525,0.15242502222622661
127,0.2384071086656173,0.15509379687119426,0.17854431815014002,0.17852533096184448,0.23770229704235227
127,0.369019699818738,0.15509379687119426,0.17994335880259218,0.17992389014524776,0.21909506336055098
127,0.4309903725466245,0.15509379687119426,0.17840646617483724,0.17838737550735906,0.22841234672285787
127,0.0554749339995138,0.15509379687119426,0.20582947191396606,0.20580163963572543,0.1961464788891836
127,0.1517215898184929,0.15509379687119426,0.18260836613036552,0.18258706589666326,0.1787209873264798
127,0.3362614053374161,0.15509379687119426,0.17927818240024204,0.1792575895124356,0.15934134912268652
127,0.2730954757043016,0.15509379687119426,0.1795266064327301,0.17950574171794928,0.15280015098093225
127,0.2116231534910894,0.15509379687119426,0.18041492373006368,0.18039362943794357,0.16197421519648805
127,0.4015668637518078,0.15509379687119426,0.18422985237341147,0.18420650735375643,0.21893385399961582
127,0.4658327313201349,0.15509379687119426,0.18338230893535948,0.1833589847189362,0.16221244108632443
127,0.3101935354249575,0.15509379687119426,0.18564389442624946,0.1856197596969284,0.21011024628973143
127,0.020232680541014,0.15509379687119426,0.18431072018641068,0.18428639731934363,0.15614052135695722
127,0.3991243277081452,0.15509379687119426,0.18422770504557257,0.18420322835364505,0.149034569142451
138,0.6681780839312026,0.1583084384871931,0.0652611008753542,0.06534565932788412,0.13592554978094787
138,0.244479962209776,0.1583084384871931,0.1137364126821594,0.11377719774166936,0.17629875513754556
138,0.1351879241519925,0.1583084384871931,0.15493661176520787,0.15494738912493555,0.1399225999137078
138,0.6528489673214168,0.1583084384871931,0.18272467746989568,0.18271117791674243,0.1638455508253838
138,0.0153291166097857,0.1583084384871931,0.18711473384721453,0.18709884373428237,0.17929651394856666
145,0.3492070707364612,0.15522102049746095,0.17382882007246772,0.17381201121512083,0.17814861630819642
145,0.2285456349971639,0.15522102049746095,0.1868053742313668,0.18677919674013616,0.20427428477509346
147,0.1629719799877069,0.1563258416517027,0.14888357144981268,0.1488876446943791,0.16907214005461346
147,0.3088847381214771,0.1563258416517027,0.15229847401235191,0.15230036588092483,0.1780439628260384
147,0.3352395383765436,0.1563258416517027,0.1667810402694075,0.16677116426244962,0.1602054363113238
147,0.1874121573415852,0.1563258416517027,0.1802312546788375,0.1802121796383672,0.17720068342180176
147,0.1722675583888366,0.1563258416517027,0.18283377373562978,0.18281223581977907,0.16082221089912932
147,0.1616847376559238,0.1563258416517027,0.20994615706951988,0.20990500823818142,0.2243444273580375
149,0.1991647963381952,0.1563258416517027,0.17285227447291932,0.17283771601943923,0.17808477671431877
149,0.2394515197495528,0.1563258416517027,0.21542094324687175,0.21537515872972438,0.17351295924571578
151,0.129295803198805,0.15522102049746095,0.15355057073056616,0.15355030108942075,0.17856010579397297
151,0.0606098546043952,0.15522102049746095,0.16294740726292456,0.16294035362307524,0.2186651954080452
151,0.1723008095835327,0.15522102049746095,0.1690878302943129,0.16907607013872064,0.21422510925159982
151,0.232910664187928,0.15522102049746095,0.18181953512534968,0.18179823904722703,0.19042916360203535
151,0.1832662462757569,0.15522102049746095,0.1795927954673043,0.17957138174405002,0.20393366289202572
151,0.0034528285063115,0.15522102049746095,0.1885729843425463,0.18854756923780758,0.18605017937934407
151,0.002084951109066,0.15522102049746095,0.19590974534069494,0.19587839614295402,0.1795915984203
151,0.069817615444107,0.15522102049746095,0.1937503664185129,0.19371874725847277,0.1908306430195447
151,0.1028360999425076,0.15522102049746095,0.1947273612194287,0.1946945665084452,0.20437844663308805
151,0.2545295822626425,0.15522102049746095,0.19714764892707007,0.19711292148908027,0.206488784984661
151,0.1797393451911065,0.15522102049746095,0.20097467400140706,0.20093771185725795,0.1875402677186337
151,0.0055377796153776,0.15522102049746095,0.21114473604866701,0.2111045699123829,0.1710107969392336
151,0.0502473976362712,0.15522102049746095,0.19951157264882705,0.19947447533883117,0.2078132168762367
151,0.4135995930675504,0.15522102049746095,0.20183398486968596,0.2017957947932431,0.21046388474926495
151,0.0677257187120778,0.15522102049746095,0.20072111674305157,0.20068312391449436,0.22093713621092287
151,0.1362234208558947,0.15522102049746095,0.2043263435129775,0.20428440834875194,0.1955441809030676
151,0.4680738491888834,0.15522102049746095,0.20686779901988284,0.20682475448536536,0.22070069433335668
151,0.1016336733829242,0.15522102049746095,0.22974719605779034,0.22969342331875642,0.1784916443303461
151,0.0804301463332493,0.15522102049746095,0.21561927448549265,0.21556889393954876,0.2079750831063704
151,0.0801810291562881,0.15522102049746095,0.21660287160479869,0.2165518757911232,0.21590208922351947
151,0.1923889086855481,0.15522102049746095,0.2161055195607068,0.2160545413729,0.22513135108079674
151,0.1726537153866146,0.15522102049746095,0.22189415286707506,0.2218407634350289,0.19645824116449906
151,0.1200650130803783,0.15522102049746095,0.21745262604053955,0.21740034862424212,0.18978848137070847
151,0.5766393412660868,0.15522102049746095,0.22484450384017995,0.22478829579304024,0.19989052793346976
151,0.4043385316825541,0.15522102049746095,0.22838914149308095,0.22833133920895501,0.18561909307348334
151,0.0106125308891422,0.15522102049746095,0.22712589559152185,0.22706784305266536,0.1981044851205942
151,0.3248931331472364,0.15522102049746095,0.22871424489744002,0.22865572292626982,0.1988597126821786
151,0.0602080063401507,0.15522102049746095,0.23216234510630088,0.23210101881016704,0.197806349845117
151,0.3437286770781588,0.15522102049746095,0.23640686683058085,0.23634341858638297,0.17932739923205854
151,0.296570690503489,0.15522102049746095,0.2309890611443592,0.23092584506917124,0.2221354477237958
151,0.2399473515312573,0.15522102049746095,0.2438464994881621,0.2437779731931043,0.18118321260306294
151,0.1037186244919903,0.15522102049746095,0.25790192860976374,0.2578287977792839,0.17666780637781354
151,0.1138697587231378,0.15522102049746095,0.24553325056119307,0.2454625643762126,0.17791355915364374
151,0.1641171563594091,0.15522102049746095,0.24566762895997235,0.24559573266722765,0.1798750669560657
151,0.0525887023062363,0.15522102049746095,0.24261589281939247,0.24254467984755235,0.19656384005183564
151,0.1230761128767297,0.15522102049746095,0.24227069697778097,0.24219887189778752,0.23979131003358828
151,0.3000235190098006,0.15522102049746095,0.24962747246186515,0.2495526309551358,0.20446624634160895
151,0.112092803243382,0.15522102049746095,0.2508086535917901,0.2507332712028899,0.2107861448804229
151,0.722603431451526,0.15522102049746095,0.2435135455994569,0.24343933482389568,0.20433677447743662
151,0.6059885017530986,0.15522102049746095,0.2449000008680008,0.24482536121872145,0.26064360153277166
151,0.3366919897348295,0.15522102049746095,0.25036347168846057,0.25028667446184505,0.20803020602972558
151,0.0612810564169015,0.15522102049746095,0.2496143889695508,0.24953778192122927,0.20963877978416712
151,0.3035577100985295,0.15522102049746095,0.25137704288063906,0.25129947960798305,0.20981609697193362
151,0.5943044920238989,0.15522102049746095,0.25315076702097217,0.25307243771392196,0.21147357686404064
151,0.5206310853184672,0.15522102049746095,0.25582624692814193,0.255746507122937,0.2153937769014146
151,0.6379657833828198,0.15522102049746095,0.2550500613363579,0.25497040216836947,0.21622063845443562
151,0.0676465419477245,0.15522102049746095,0.2624786942625928,0.2623961235213629,0.21334463895866737
157,0.0144206348665578,0.1563258416517027,0.2539232273957478,0.2538510491507796,0.20571466167265096
158,0.005144675266556,0.15509379687119426,0.07206086305962905,0.07212389849944463,0.12334482128905229
158,0.1111895537374076,0.15509379687119426,0.0811814000509189,0.08123737612098773,0.1309827365003761
158,0.0872863662203973,0.15509379687119426,0.09143887837613152,0.0914868397062551,0.12988471885799163
158,0.0549964075828988,0.15509379687119426,0.09373467545131298,0.093780904945693,0.13159270758319272
158,0.0266547496559486,0.15509379687119426,0.09465713965787009,0.09470265157046165,0.13159270758319272
158,0.0628431357271552,0.15509379687119426,0.0996125816298084,0.09965420009159359,0.13386563831473897
158,0.1074051224821401,0.15509379687119426,0.10002567921260985,0.10006698274072892,0.13432298672500434
158,0.2781499434565695,0.15509379687119426,0.10820287130729578,0.10823775888051348,0.13403180061158976
158,0.1868855482347313,0.15509379687119426,0.11090620353016106,0.11093896826114905,0.14326121405651354
158,0.2205138202310147,0.15509379687119426,0.11178233452208414,0.11181468421455226,0.15309470469494807
158,0.0756959944973236,0.15509379687119426,0.11372285515035385,0.11375349150757294,0.14060307068527597
158,0.2163351624540184,0.15509379687119426,0.11691902049924624,0.11694710155205136,0.1372103933510112
158,0.0483464180102524,0.15509379687119426,0.119600755169319,0.11962684080998107,0.1421415127662967
158,0.2274092154125817,0.15509379687119426,0.12011396136604374,0.1201395458685528,0.13606131036757302
158,0.1562955163509052,0.15509379687119426,0.12165317378848545,0.1216778231243431,0.14522223654555208
158,0.0705513192307676,0.15509379687119426,0.12120493253635306,0.12122971817638896,0.13787705639976358
158,0.1817408729681753,0.15509379687119426,0.12117290849748025,0.12119764877304624,0.13395107208233664
158,0.4800677328754421,0.15509379687119426,0.12271528058732692,0.12273882690701401,0.13559172623328095
158,0.1475610045603639,0.15509379687119426,0.12451789072475622,0.12454019323237046,0.14459947551161928
158,0.2599693660243749,0.15509379687119426,0.1243492176343195,0.12437152365029555,0.1394078186887711
158,0.1667823760254585,0.15509379687119426,0.1262035357364598,0.12622450480372388,0.14210780970263118
158,0.1219258339462157,0.15509379687119426,0.1281980009704685,0.12821742065556924,0.14263618289313754
158,0.3079954009588759,0.15509379687119426,0.13099709461493889,0.13101416090044182,0.13889677942811443
158,0.0424803536562368,0.15509379687119426,0.13192824396683694,0.13194477185037054,0.1486010031488137
158,0.3149657736072737,0.15509379687119426,0.13250482757503865,0.13252069427610552,0.1517793636021346
158,0.124042412507576,0.15509379687119426,0.1364027130243198,0.1364155495197284,0.1488242701628188
158,0.1476594686073249,0.15509379687119426,0.13776577013472271,0.13777764814403698,0.15833145404723178
158,0.3989409826483381,0.15509379687119426,0.13845583002764109,0.13846720956932893,0.15979114061448757
158,0.0427399635178824,0.15509379687119426,0.13970834895827525,0.139718813581818,0.16102934429630428
158,0.0974398275240626,0.15509379687119426,0.1401569594209585,0.14016708138874207,0.16073387213326856
158,0.2713315700369172,0.15509379687119426,0.14185444616564283,0.14186318524168673,0.159810440071271
158,0.0248672922065558,0.15509379687119426,0.14178482025395406,0.14179354331833244,0.15647360954739034
158,0.0839506563560268,0.15509379687119426,0.14379808026484045,0.14380529958669105,0.15952326451723034
158,0.2035729946889382,0.15509379687119426,0.14406302239623148,0.144070150495264,0.15979788100185768
158,0.0874399635012312,0.15509379687119426,0.1444113642778371,0.1444181978372367,0.15779468377779204
158,0.2296255117526138,0.15509379687119426,0.14501142518836896,0.14501781294444543,0.15749505436629277
158,0.0478846387844384,0.15509379687119426,0.14840343285490348,0.14840711996688105,0.15754360365264328
158,0.11889773724102,0.15509379687119426,0.14817070552719094,0.14817436573462825,0.14908975918859468
158,0.3087805804979275,0.15509379687119426,0.14885917172746366,0.14886259857297332,0.16049858091635236
158,0.0045289821180301,0.15509379687119426,0.1520943357174817,0.15209513660794025,0.16146981632016086
158,0.1089300399718782,0.15509379687119426,0.15434975894158376,0.1543487288386365,0.1592389064108586
158,0.0381997297178047,0.15509379687119426,0.15640077155314505,0.15639843691728286,0.17145568641579284
158,0.1604343963985119,0.15509379687119426,0.15659629701624378,0.1565935107059565,0.16389084689253447
158,0.148024530167067,0.15509379687119426,0.15771982756266123,0.15771615917511264,0.16123644084956854
158,0.0004635256067031,0.15509379687119426,0.15767179304423465,0.15766804153097175,0.15120336232764564
158,0.0006156931485259,0.15509379687119426,0.15867187916296208,0.15866753543425502,0.16023690142148717
158,0.0262861447643991,0.15509379687119426,0.15943504764904798,0.1594302086938548,0.16280895471455736
158,0.1907099799553382,0.15509379687119426,0.15950328603172248,0.15949841391197092,0.16314955166327835
158,0.3678568127282564,0.15509379687119426,0.1612860676749849,0.16127980136581455,0.16581929606560525
158,0.0081895855557145,0.15509379687119426,0.16177192619875902,0.16176534344251156,0.16969172132964228
158,0.3989164299633005,0.15509379687119426,0.16144554184120127,0.16143901031697588,0.16292685575343882
158,0.2260661015134379,0.15509379687119426,0.163389529752124,0.1633814229122188,0.15245675441674428
158,0.1184359580152061,0.15509379687119426,0.16399479312651805,0.16398643243363406,0.15799863711899853
158,0.0409104859999429,0.15509379687119426,0.16428363412679742,0.16427467855233702,0.1476266644570612
164,0.0932430624637337,0.1583084384871931,0.1693627462611179,0.169348510528325,0.1892985201095043
164,0.0734105937670037,0.1583084384871931,0.2135491846346172,0.21349577301105374,0.19501822115242512
164,0.0960747855959933,0.1583084384871931,0.2187474289699523,0.21868873697656616,0.21464138716642822
165,0.3138550851219894,0.14070362825948754,0.22206885497296353,0.22199967195989145,0.1842894496500021
165,0.0924642584551593,0.14070362825948754,0.22939677136976816,0.22932002731496656,0.2057316177046478
168,0.0148288808895935,0.1563258416517027,0.11030305809219582,0.11033552121203777,0.11024137853500736
168,0.0248799197585658,0.1563258416517027,0.12253608687937662,0.12255931436052975,0.1186401068944609
168,0.1878943110310622,0.1563258416517027,0.12656744259964564,0.12658775158815436,0.16402683046460312
168,0.0251198120822713,0.1563258416517027,0.1281918907156111,0.12821089043468198,0.17108662725394339
168,0.0276964465877203,0.1563258416517027,0.13117402919681387,0.1311907796610686,0.15224318643395549
168,0.0425253274773138,0.1563258416517027,0.1400451414351998,0.14005531706568158,0.15459033025156438
168,0.0100510388689722,0.1563258416517027,0.1422601255378223,0.14226867676770413,0.14270404952063173
168,0.2101242679683943,0.1563258416517027,0.15411886761761162,0.15411861978012356,0.14171192354133655
168,0.1155273935900065,0.1563258416517027,0.16210460346159428,0.16209823197865364,0.1522166579797152
168,0.3203224005708991,0.1563258416517027,0.16323690318755546,0.16322976846289572,0.1427611751748753
168,0.1601978644433419,0.1563258416517027,0.16679556046534322,0.166785728832028,0.152695319270278
168,0.0945968743783878,0.1563258416517027,0.16959178403811506,0.1695798927061334,0.1551792395093441
168,0.1613835382293689,0.1563258416517027,0.1710277396629358,0.17101486562281765,0.15272299700843905
168,0.1852443482098285,0.1563258416517027,0.17263388266378518,0.17261978987039583,0.1550976444986011
168,0.1601245361275571,0.1563258416517027,0.17663687813501264,0.17661981657818154,0.1602903196955759
168,0.0525763663462861,0.1563258416517027,0.1845064747079311,0.18448330497374182,0.19982973508914945
168,0.1865033503116402,0.1563258416517027,0.18631003257066223,0.18628568428181427,0.1782705143425597
168,0.185004455886123,0.1563258416517027,0.18707470592027625,0.18704980614545777,0.1775710789776361
169,0.4305470771364108,0.14070362825948754,0.015393300905983676,0.015497198226076592,0.06404876442006247
169,0.0017397107389562,0.14070362825948754,0.06715233305451307,0.06721240807027039,0.11674646600625618
169,0.1359675141191465,0.14070362825948754,0.07125497979434253,0.07131187901607314,0.09214222052919743
169,0.0424174935599355,0.14070362825948754,0.07335696896222843,0.07341187938473244,0.09045155376346901
169,0.0405595678047716,0.14070362825948754,0.07676407816513586,0.07681600304488785,0.0979687440618399
169,0.116196860188285,0.14070362825948754,0.10157762940975465,0.10160905550644561,0.08026957981105133
169,0.1575583299015981,0.14070362825948754,0.11089502196788212,0.11091824988908887,0.07313545538032401
169,0.1709270236816806,0.14070362825948754,0.11193209163623458,0.11195455648141361,0.07423249013336825
169,0.0954079463143748,0.14070362825948754,0.1159305949234253,0.11594968167242364,0.0714678108939764
169,0.0413614697133131,0.14070362825948754,0.11898712272265483,0.11900360852070686,0.07320843774191528
169,0.1143711961881697,0.14070362825948754,0.12023574585557101,0.12025145161003481,0.07369704184604507
169,0.1179365709272413,0.14070362825948754,0.12208254350319173,0.12209663184933749,0.0730287903789009
169,0.0755190773673057,0.14070362825948754,0.1264032215219599,0.126413760365684,0.06795672662434242
169,0.0388198570658153,0.14070362825948754,0.13593017366677224,0.13593201945418773,0.07332484921799476
169,0.1567886897481052,0.14070362825948754,0.1373242126838563,0.1373253444673207,0.07692815351743333
169,0.0737793666283495,0.14070362825948754,0.13803967828760025,0.1380403462621586,0.06921870098697741
177,0.1110524226820401,0.1563258416517027,0.09172533998222171,0.09177162666569501,0.08511772816228866
177,0.1204497024083193,0.1563258416517027,0.1257195817726091,0.1257403858739003,0.104713676577085
177,0.0121286926544226,0.1563258416517027,0.13404182512290758,0.13405649987654997,0.1321323307644986
177,0.1758613016843511,0.1563258416517027,0.13477869166418477,0.13479292050954356,0.1438797946949796
177,0.0866273926596659,0.1563258416517027,0.13563063887199017,0.13564406282554967,0.17447521184257542
177,0.0066867291973529,0.1563258416517027,0.1494385952362417,0.14944183448829917,0.1331339848813529
177,0.262488694344017,0.1563258416517027,0.1522792324593546,0.15228029399797113,0.13323880067988048
177,0.0578815003661721,0.1563258416517027,0.1579738016858902,0.15797059583640247,0.1355922112835471
177,0.0129649771643678,0.1563258416517027,0.16152948484009894,0.1615234598286511,0.1471068022277624
177,0.0527529348910338,0.1563258416517027,0.1715952293549139,0.1715819122846558,0.13473629937789616
177,0.0734104944849316,0.1563258416517027,0.17464298830984237,0.1746273834348108,0.13522762254466375
177,0.1086782258443812,0.1563258416517027,0.17720590920026308,0.17718842994418488,0.14441353484419386
177,0.2434368763596217,0.1563258416517027,0.17909522368635006,0.17907627122966516,0.14521311747497945
177,0.0112316679059805,0.1563258416517027,0.17925737832711974,0.17923827794539265,0.14603626708796985
177,0.363886578767941,0.1563258416517027,0.180444303737187,0.1804243594759583,0.1447950896482727
177,0.0656160952178757,0.1563258416517027,0.18062241522550887,0.18060221839057186,0.14801645576895572
177,0.0744987000052432,0.1563258416517027,0.18124963385770845,0.18122889313159685,0.15744939167336672
177,0.0572350355357977,0.1563258416517027,0.18359425718841785,0.18357182940396502,0.15124023261586994
177,0.2592738215156105,0.1563258416517027,0.18418112078017027,0.18415819521812488,0.16268097267011883
177,0.0946488587042582,0.1563258416517027,0.18760416470093408,0.18757889805128378,0.1629357378729304
177,0.2145806019044864,0.1563258416517027,0.18890845869900133,0.18888204309189935,0.16886306623501615
177,0.1482213988335703,0.1563258416517027,0.19290531281557613,0.1928758112122346,0.20071306532779626
179,0.0349361915119479,0.14070362825948754,0.09289735017845746,0.0929350204083797,0.10628868588647952
179,0.0048736799957616,0.14070362825948754,0.10193494720535093,0.10196501412708862,0.10734167877335979
179,0.0645582692467592,0.14070362825948754,0.10927722930062614,0.10930978113370264,0.19553535057518318
179,0.1309267989560665,0.14070362825948754,0.10961706861318277,0.10965106878327344,0.18911990898933187
179,0.4727553242034317,0.14070362825948754,0.1223918775670848,0.12240457980846696,0.13010855963449908
179,0.1813085544069742,0.14070362825948754,0.12284486968342054,0.12285718845359733,0.13139114633309945
179,0.0840140938803386,0.14070362825948754,0.12587555379835622,0.12588867772279386,0.2038384855942563
179,0.0909534932825689,0.14070362825948754,0.10282830346087449,0.10289661043133078,0.1511768339288359
179,0.295711202605155,0.14070362825948754,0.12630543960086382,0.12632067192437704,0.1776740627990544
179,0.094863323148524,0.14070362825948754,0.1244492077935129,0.12447697474884595,0.14780122063610193
179,0.12800485405276,0.14070362825948754,0.13650609876425976,0.1365088658743427,0.15142089413167298
179,0.0624623926168697,0.14070362825948754,0.05476897815454895,0.054960514198992394,0.13154566118179095
179,0.1293921545517058,0.14070362825948754,0.14106990134064898,0.14106679208326106,0.13671253647585155
179,0.3790339545651369,0.14070362825948754,0.14189687532047118,0.14189306600518511,0.13700551116219167
179,0.0663685297093072,0.14070362825948754,0.1291020506723272,0.12912830388422838,0.14456293359559644
179,0.0540253431608636,0.14070362825948754,0.14473861074794944,0.1447323958196948,0.1378964246547034
179,0.304341300174464,0.14070362825948754,0.1456235255798611,0.14561656154506575,0.13753519411593562
179,0.176766853408002,0.14070362825948754,0.14839151810468004,0.14838221088246123,0.1544825651621536
179,0.0891490120806376,0.14070362825948754,0.14890508474820022,0.1488953427766497,0.15525053206260178
179,0.128784791880205,0.14070362825948754,0.1388265438323533,0.138841228030441,0.16800408789697002
179,0.4725951964402598,0.14070362825948754,0.14992168333486067,0.14991108078258183,0.16178717963152056
179,0.3097976055736113,0.14070362825948754,0.067832006625626,0.06801248443065888,0.15741442559566024
179,0.5551707434699494,0.14070362825948754,0.15221824801767903,0.15220570135556835,0.15814195258511787
179,0.3447337970855593,0.14070362825948754,0.06815331498721294,0.0683335207952281,0.15741442559566024
179,0.2341538011637268,0.14070362825948754,0.15369573974596012,0.1536819423434645,0.15434449652337134
179,0.0654705643399441,0.14070362825948754,0.15371417547162497,0.15370036246274307,0.15434449652337134
179,0.6937082852912545,0.14070362825948754,0.06955179646264475,0.06973081841478755,0.1567747729242481
179,0.443485216923369,0.14070362825948754,0.15404338485849683,0.15402929316414596,0.15434449652337134
179,0.2239929648675231,0.14070362825948754,0.1558553533238398,0.15583972774466742,0.15501193897544285
179,0.3433631696517258,0.14070362825948754,0.15600810647934837,0.15599235159011837,0.15517952435842142
179,0.0263952240358096,0.14070362825948754,0.12295853591828787,0.12301854970703538,0.1585954245162869
179,0.2751918526698764,0.14070362825948754,0.1572986072758862,0.15728175993961768,0.15448953674314148
179,0.5901069349818974,0.14070362825948754,0.15774633204203198,0.1577291056935256,0.15566208145229768
179,0.5844308604667472,0.14070362825948754,0.15777266879298174,0.15775542014963784,0.15566208145229768
179,0.2467791187469183,0.14070362825948754,0.1582440966349823,0.15822644891404675,0.15566208145229768
179,0.1647844036490885,0.14070362825948754,0.14821876532288022,0.14822593104460272,0.16466214317700265
179,0.0394862773487796,0.14070362825948754,0.16045638371476148,0.16043686322747414,0.15163138245062557
179,0.5384951013381909,0.14070362825948754,0.16190490501699784,0.16188415831364683,0.1510618985108103
179,0.2809843779189154,0.14070362825948754,0.08033406230147327,0.08050395674713484,0.14433565132107576
179,0.0685463608571674,0.14070362825948754,0.16513866554825987,0.1651160595140448,0.12882087171905818
179,0.4910679460769545,0.14070362825948754,0.16582644723341594,0.165802380828758,0.15110265642893786
179,0.3754927203980645,0.14070362825948754,0.1652347766281441,0.16521353479142803,0.1585727924030001
179,0.1999080576955053,0.14070362825948754,0.17069084513383515,0.17066266087268706,0.15204988885669649
179,0.4561317545650066,0.14070362825948754,0.17081462786329898,0.17078633881641453,0.15204988885669649
179,0.1280968132143911,0.14070362825948754,0.14054725204215704,0.14058843157497894,0.14471225770453677
179,0.21905030649696,0.14070362825948754,0.1136041203198262,0.11370715159519568,0.14513582556673726
179,0.3797252964854937,0.14070362825948754,0.16483543032097034,0.1648214165872495,0.1736109758864181
179,0.1839276996256648,0.14070362825948754,0.17207352455869712,0.17204416981857917,0.1523462829125398
179,0.1011904729657227,0.14070362825948754,0.17309012314535754,0.17305990782451128,0.1523462829125398
179,0.2249780296731501,0.14070362825948754,0.17709067561462488,0.17705707370795915,0.15268151476641506
179,0.2544021554185762,0.14070362825948754,0.17719338894332892,0.17715970008679682,0.15268151476641506
179,0.8999045405555087,0.14070362825948754,0.09338392239707544,0.0935427697507452,0.16778349193332634
179,0.0039098298659551,0.14070362825948754,0.13920242017482953,0.13925674168594648,0.16862081156112732
179,0.0439907601724214,0.14070362825948754,0.17502555478398635,0.17499908475477025,0.18919821436232026
179,0.0460626124259953,0.14070362825948754,0.09615718227208431,0.09631368197936312,0.15755173340005102
179,0.4519587060778784,0.14070362825948754,0.18166800292969182,0.18163052618026485,0.17999068273299426
179,0.2959884707954296,0.14070362825948754,0.1818391918108652,0.18180157014499435,0.17887476500627425
179,0.1573220229918762,0.14070362825948754,0.14428718576921978,0.1443396279015695,0.1509282754035397
179,0.2293426728958478,0.14070362825948754,0.16801452104323172,0.168013676727682,0.15432058943002117
179,0.262370450312375,0.14070362825948754,0.10310218349753397,0.10325280405615837,0.15315748564008072
179,0.6247937713303433,0.14070362825948754,0.18877892568612487,0.18873542933056717,0.1798014372571627
179,0.0474271552612363,0.14070362825948754,0.18908706567223696,0.18904330846708026,0.1798014372571627
179,0.1593186644444878,0.14070362825948754,0.10517488579727946,0.10532375175219094,0.14735293509816091
179,0.1926550824611504,0.14070362825948754,0.16724376277340286,0.16725359526682068,0.13880011372175177
179,0.286413810182701,0.14070362825948754,0.19199991032727953,0.19195368731309298,0.17852514214339277
179,0.2874404222900198,0.14070362825948754,0.10773218431450038,0.10787888544068855,0.13893329838623164
179,0.012041460885085,0.14070362825948754,0.19253191269646452,0.19248523932656006,0.17825941949748633
179,0.1515922233672095,0.14070362825948754,0.10845644496561857,0.1086025329837749,0.1386375526720206
179,0.0838808085674487,0.14070362825948754,0.19321221884978565,0.1931654964663897,0.15087712033292677
179,0.2236481150287291,0.14070362825948754,0.17111846414909676,0.17112261858766095,0.1406285665270819
179,0.0823633467731842,0.14070362825948754,0.19436495056256728,0.19431672547197132,0.17825941949748633
179,0.3668036927913337,0.14070362825948754,0.1110216445081244,0.11116556100910617,0.1450095802753397
179,0.6131877557288639,0.14070362825948754,0.195881947417273,0.1958324381440358,0.18134707566626748
179,0.2174764538597025,0.14070362825948754,0.1961242455260107,0.19607453114026832,0.18134707566626748
179,0.1917709462845163,0.14070362825948754,0.11314702030976936,0.1132891376173632,0.1430839510950049
179,0.0746926543906729,0.14070362825948754,0.19838657243259444,0.19833494292030895,0.18103122591974505
179,0.0207966181255532,0.14070362825948754,0.19877635634665075,0.19872439687076998,0.18103122591974505
179,0.2487984975294271,0.14070362825948754,0.1867513897180817,0.1867293071530864,0.15147813540462074
179,0.4122956968171797,0.14070362825948754,0.11638380700149392,0.11652318427355637,0.14149024389571685
179,0.2247892287844319,0.14070362825948754,0.11647598562981804,0.11661528486994918,0.14119311429719822
179,0.4681829666457746,0.14070362825948754,0.20128624871216214,0.2012321645382656,0.17841895039502997
179,0.0684680991127144,0.14070362825948754,0.1573178911845869,0.15736562506906546,0.13745360416438124
179,0.124186983348436,0.14070362825948754,0.13411034458655563,0.13421282304219234,0.13125324737583682
179,0.6493620498482618,0.14070362825948754,0.20396996363394188,0.2039136076161019,0.1768135840935242
179,0.109889547878106,0.14070362825948754,0.12018683383863815,0.12032299173616251,0.1281351216660106
179,0.0977606545551275,0.14070362825948754,0.20396723317650087,0.20391173059322426,0.14587112310536204
179,0.0617282835050838,0.14070362825948754,0.18761409070121343,0.1875961954347816,0.1316565474183608
179,0.3450105577540772,0.14070362825948754,0.20507347349873647,0.20501618332720437,0.17735606184372682
179,0.1974033437703833,0.14070362825948754,0.20598999243178784,0.20593192639990998,0.17827527798776133
179,0.2064642416831322,0.14070362825948754,0.20407173299234244,0.20401844538334823,0.28187994777197856
179,0.8231004398429603,0.14070362825948754,0.12283104363399322,0.12296496312983048,0.13829905066774148
179,0.0179557042948106,0.14070362825948754,0.20749058891685593,0.20743136741981,0.16818017419681713
179,0.6009574939550606,0.14070362825948754,0.12330510515108878,0.12343862333985062,0.14033590593062617
179,0.1448257393900539,0.14070362825948754,0.12416368323205068,0.12429647460910935,0.1506162946662488
179,0.2529770323726918,0.14070362825948754,0.2090871943434787,0.20902650643870835,0.19136993609702924
179,0.1996974788835923,0.14070362825948754,0.20847779694000523,0.20841886106318708,0.14849432560316025
179,0.8008655516505658,0.14070362825948754,0.1251513113926664,0.12528326671331802,0.15664012476788075
179,0.6902643356702874,0.14070362825948754,0.2104698737683407,0.21040801538460047,0.1805573742216357
179,0.0414648038942263,0.14070362825948754,0.20664597333702991,0.2065933503896691,0.2226457669511555
179,0.2980170502840461,0.14070362825948754,0.21251360564204144,0.21245001717890954,0.18589777151616346
179,0.1665963162437238,0.14070362825948754,0.2130482416863214,0.21298420063798784,0.18643136767648547
179,0.0928869745593659,0.14070362825948754,0.2137551457284902,0.21369131010353792,0.15260331662581617
179,0.5917817224644839,0.14070362825948754,0.13043709730828162,0.13056457805504273,0.18510182954640783
179,0.3669924936800519,0.14070362825948754,0.2163192661542806,0.2162524560871269,0.18345518824889495
179,0.138537541821305,0.14070362825948754,0.13384770655627454,0.13397230012157663,0.16973210304727382
179,0.2486022315727366,0.14070362825948754,0.2182734530747522,0.21820498873065444,0.18377401245633615
199,0.3463578859352216,0.14070362825948754,0.12380386698031212,0.12381688698051671,0.18429369812223334
278,0.4152379468327,0.1563258416517027,0.08039302099157586,0.08044781440733095,0.12217745494594785
278,0.4120459788002489,0.1563258416517027,0.11223191295491097,0.1122631107570492,0.11329009832744162
278,0.0904317576641799,0.1563258416517027,0.11728850840065341,0.11731630328646458,0.13793324379784436
278,0.3675248934830677,0.1563258416517027,0.1588507856790769,0.1588473904511423,0.14429352151551206
278,0.12494341385966,0.1563258416517027,0.16922169984090266,0.16921187784924385,0.18849025999645724
278,0.0672183662683826,0.1563258416517027,0.17847980740531413,0.1784618865413124,0.2314643992898916
278,0.4672035412736007,0.1563258416517027,0.18042673202496246,0.180407893381955,0.2572778847490971
278,0.0487072310804783,0.1563258416517027,0.1811826899238945,0.18116227604588597,0.1723779689644703
279,0.1824162914519094,0.14070362825948754,0.11362596426608804,0.11364715720023351,0.12992564040558557
279,0.0751656539513782,0.14070362825948754,0.11709977480333564,0.11711808784877487,0.1267725417145978
279,0.0174111217248372,0.14070362825948754,0.1221575308414776,0.12217218380205114,0.12927356724648273
279,0.1932105016211122,0.14070362825948754,0.12450619144620187,0.12451878864675063,0.12963575182979944
279,0.0169138346037712,0.14070362825948754,0.13305467531104143,0.13305863093883066,0.14384099547503287
279,0.1700988289457489,0.14070362825948754,0.1350479126553477,0.13505160624238557,0.1315718065830472
279,0.2282363900275293,0.14070362825948754,0.1443926465949097,0.14438700429514603,0.17005618495906508
279,0.1382038321514906,0.14070362825948754,0.15189712671739078,0.1518879754856765,0.18558853480336204
279,0.2622379336308248,0.14070362825948754,0.16761128211769724,0.16758976057182534,0.3360982708228499
279,0.065181224454929,0.14070362825948754,0.1743182979023285,0.1742892005297821,0.19960186805948552
280,0.0256374780449128,0.1563258416517027,0.045325436164919186,0.045406573431945374,0.09946481742135449
280,0.0090573138652951,0.1563258416517027,0.045557149197124336,0.04563810763409071,0.10404400098676188
280,0.010573135200293,0.1563258416517027,0.04614855242416499,0.04622914475850984,0.08807167832427018
280,0.1987018407794882,0.1563258416517027,0.047507254860406856,0.0475867607825554,0.09962036493947034
280,0.0695306393384376,0.1563258416517027,0.048254550681380404,0.0483335048891996,0.08888225504665428
280,0.047080958891321,0.1563258416517027,0.04970014076082452,0.04977800969824146,0.09088746439133061
280,0.1042926926698168,0.1563258416517027,0.05114096188983058,0.05121776501952531,0.08779932846126556
280,0.1291712014410506,0.1563258416517027,0.05229237362519917,0.05236831179861502,0.08728990667081989
280,0.0224496804471165,0.1563258416517027,0.054409342533597416,0.05448370057753926,0.08801355353263852
280,0.0401907105785137,0.1563258416517027,0.05708776476984856,0.05716013279845769,0.09364760127521475
280,0.1762521603323716,0.1563258416517027,0.05870338532548203,0.05877453544852587,0.09530862772781665
280,0.0449941540423797,0.1563258416517027,0.06489140293092593,0.06495792406130402,0.09700108994030751
280,0.3589216707017366,0.1563258416517027,0.06848712732590312,0.06855099000068261,0.09848646092785432
280,0.018953600768492,0.1563258416517027,0.06931986597055384,0.06938308910499949,0.09839096645093706
280,0.1602198299222483,0.1563258416517027,0.07203386222759578,0.07209507665041984,0.0984797020268507
280,0.1043683980611627,0.1563258416517027,0.07562172285637181,0.07568025557910481,0.10166212495752207
280,0.2297504692606859,0.1563258416517027,0.0771606074564759,0.07721799828190777,0.10359118572455095
280,0.1975708992572447,0.1563258416517027,0.07758444916707513,0.07764154111141593,0.10391540207696309
280,0.1136730081416188,0.1563258416517027,0.07845838595411969,0.07851475718231173,0.10359118572455095
280,0.0572874391698416,0.1563258416517027,0.08189750741461987,0.08195135336040862,0.10426284511784732
280,0.0779988578170887,0.1563258416517027,0.08223267872437628,0.08228635840865134,0.10361003261574694
280,0.1826695103693649,0.1563258416517027,0.08283854570257038,0.08289169748621207,0.10352314884239393
280,0.0212371098100216,0.1563258416517027,0.08326796325789909,0.08332078549937645,0.10317439238904573
280,0.0371542313197412,0.1563258416517027,0.08565143646343854,0.08570247633826013,0.10358559421266855
280,0.1268180785082793,0.1563258416517027,0.08686767384745975,0.08691781345982524,0.10951449455047899
280,0.0935489856768669,0.1563258416517027,0.08948774972782653,0.08953582913466426,0.108515289687458
280,0.2260216575871712,0.1563258416517027,0.09024765412700242,0.09029520151054972,0.10807647159111251
280,0.0718837622712089,0.1563258416517027,0.09106444799331936,0.09111145253058578,0.10691937138695529
280,0.1385574845650434,0.1563258416517027,0.09132945919406188,0.09137620434480082,0.10808937037504919
280,0.1979173837380297,0.1563258416517027,0.09290071437622788,0.0929463278177233,0.10721985037993173
280,0.0089788645482451,0.1563258416517027,0.09343843157485643,0.09348366085237422,0.10606213660208338
280,0.140629944568188,0.1563258416517027,0.09335637322818424,0.09340154212816193,0.12647125179076485
280,0.1941740472179987,0.1563258416517027,0.09388048184682435,0.09392538536399025,0.10707270473655414
280,0.0710993052297503,0.1563258416517027,0.09434566653043835,0.09439009453533972,0.12685287064433495
280,0.09882111234888,0.1563258416517027,0.09765897805759577,0.09770102267429362,0.13407346261781275
280,0.2698011460092386,0.1563258416517027,0.09754128534404083,0.09758332805255342,0.14490035704215046
280,0.1004999653797136,0.1563258416517027,0.09796808910900068,0.09800996314434003,0.13180073414732724
280,0.0203862890132966,0.1563258416517027,0.10111145464449767,0.10115102224450398,0.16236518669159763
280,0.1248695699214452,0.1563258416517027,0.1016341184436127,0.10167333169300867,0.16650956932904004
280,0.0312118460302686,0.1563258416517027,0.10184696085077866,0.10188593789241032,0.16729829263635965
280,0.0893314327165293,0.1563258416517027,0.10306564305611099,0.10310367033088046,0.1484431011516949
280,0.1162179205037186,0.1563258416517027,0.10462432586772974,0.10466117787837727,0.1387948340539194
280,0.0837590178574274,0.1563258416517027,0.10591012164318636,0.10594604248636022,0.13820807348963987
280,0.1227215660754303,0.1563258416517027,0.1062176189060085,0.10625339156461024,0.1379724973342791
280,0.0891205246924979,0.1563258416517027,0.1069153355853375,0.10695043474860844,0.14582507040187803
280,0.058422419091306,0.1563258416517027,0.1078631772916111,0.10789778378249815,0.13826220872563758
280,0.2120825208218157,0.1563258416517027,0.10880462593298762,0.10883826780487832,0.14872404406085718
280,0.0594793431980635,0.1563258416517027,0.11065751122711881,0.11068974161153768,0.14903596277239184
280,0.2552353700471139,0.1563258416517027,0.11108353223622408,0.11111558923663649,0.13873660565223775
280,0.107714122760653,0.1563258416517027,0.1119234122373135,0.11195480845798518,0.13932336621651728
280,0.1547950816519741,0.1563258416517027,0.11225394735803434,0.11228510927912705,0.13895982722970937
280,0.2929451476412699,0.1563258416517027,0.11234742291697047,0.11237840889196614,0.14871895203356414
280,0.0494107882364263,0.1563258416517027,0.11418283412871388,0.11421247202478466,0.15207731356495618
280,0.0129472799994259,0.1563258416517027,0.11438112830019753,0.11441074746880833,0.13890043767050345
280,0.1196038837965514,0.1563258416517027,0.1143045371752891,0.11433413689680547,0.14087388119376668
280,0.1656181514036516,0.1563258416517027,0.11496999015217979,0.11499935635948086,0.1405887595361773
280,0.2652527767545105,0.1563258416517027,0.11466979114563569,0.11469918088813025,0.13890043767050345
280,0.2396152987095976,0.1563258416517027,0.1147773321715177,0.1148066466721394,0.13890043767050345
280,0.0942433068617816,0.1563258416517027,0.11456326219075808,0.11459258074830767,0.14922245243645907
280,0.1637739462002192,0.1563258416517027,0.11481713377126007,0.11484624630981549,0.14842300834917155
280,0.2870379084305277,0.1563258416517027,0.11512606378438889,0.11515512506078393,0.1385017530661361
280,0.0214289982182682,0.1563258416517027,0.1154257938347571,0.1154546200451819,0.1385017530661361
280,0.0852644423135364,0.1563258416517027,0.11543769207241533,0.11546648553536651,0.13884142145076533
280,0.2839662830930247,0.1563258416517027,0.11623955323140289,0.11626775411530829,0.1385017530661361
280,0.1166929873088982,0.1563258416517027,0.11885894290966237,0.1188850152403011,0.14961190218797846
280,0.2522732314003295,0.1563258416517027,0.11916564534741142,0.11919157273725811,0.14580524340424372
280,0.0848651490078729,0.1563258416517027,0.11957294056209844,0.11959854173487561,0.15203699387227737
280,0.0127246349565788,0.1563258416517027,0.12029016579170032,0.12031525101304294,0.1458921428951123
280,0.1127057502493718,0.1563258416517027,0.12090842410216546,0.12093314429695136,0.13886011797782463
280,0.0659765230604667,0.1563258416517027,0.12082233128403613,0.12084704709324806,0.1415078414405819
280,0.1656287087401449,0.1563258416517027,0.12268692170833106,0.12271032055640888,0.13888261752150283
280,0.0122582452617765,0.1563258416517027,0.1227793972654812,0.12280275863966658,0.1386765042326859
280,0.1359753436686213,0.1563258416517027,0.12302774127812738,0.12305089547593898,0.13943495422970437
280,0.0774744392861979,0.1563258416517027,0.12306649459921015,0.12308961712561292,0.13943495422970437
280,0.1605983391116134,0.1563258416517027,0.12419258055520815,0.12421487033477334,0.13890689165806547
280,0.0361985688554209,0.1563258416517027,0.1242780837249774,0.12430024590547199,0.13970669492516602
280,0.1206257871677034,0.1563258416517027,0.12447251239406171,0.12449460047447744,0.13890689165806547
280,0.1422626397297437,0.1563258416517027,0.1242947750515106,0.12431686911262503,0.1460072889943045
280,0.1479048333391668,0.1563258416517027,0.12529738727251122,0.12531881256810068,0.14316755769634068
280,0.0134862684033016,0.1563258416517027,0.12557275533763967,0.12559386316833515,0.15082256006170394
280,0.1949857922304878,0.1563258416517027,0.12592684554930894,0.12594781267774233,0.13965587628257886
280,0.143281859995784,0.1563258416517027,0.12606990024988962,0.1260908132132274,0.1376217619394749
280,0.0175248127380669,0.1563258416517027,0.12635468552371004,0.1263753216429259,0.13988387677891287
280,0.0838158569526179,0.1563258416517027,0.12668129479593954,0.12670168101602355,0.13947319938670946
280,0.132708724795491,0.1563258416517027,0.127512997231149,0.12753290624694347,0.13924590640726442
280,0.1597945943750651,0.1563258416517027,0.12756938153445885,0.12758909206032581,0.14035124274234614
280,0.1457688684904921,0.1563258416517027,0.12871744500047766,0.12873641490977075,0.1389597836088149
280,0.1254551528920502,0.1563258416517027,0.12923632778172217,0.1292548322854936,0.1395402504571734
280,0.0714779876382034,0.1563258416517027,0.13003273378816443,0.13005059682783116,0.14047406542697616
280,0.3241569936715385,0.1563258416517027,0.13013308518073413,0.1301509260363877,0.1394274969864426
280,0.0145600064326536,0.1563258416517027,0.13020683494346602,0.1302244854921641,0.15115438188149682
280,0.2044430306366416,0.1563258416517027,0.13100467370021496,0.13102177970722007,0.1410608259912557
280,0.2675250758408052,0.1563258416517027,0.13134466223728297,0.13136155070164157,0.14013439704234693
280,0.2780799083623373,0.1563258416517027,0.13163159060195423,0.1316483515831151,0.13851096009144637
280,0.1661148453546159,0.1563258416517027,0.13185459676601152,0.13187119073485304,0.13851096009144637
280,0.1036863006546227,0.1563258416517027,0.13243823278059824,0.13245437376542013,0.13851096009144637
280,0.3759719162447721,0.1563258416517027,0.13305051870546847,0.13306606606635085,0.14254658675820642
280,0.3789895491961559,0.1563258416517027,0.1333366763835035,0.1333520835957418,0.1406677888061544
280,0.1468992886731017,0.1563258416517027,0.13336060562022256,0.13337585983676822,0.1502807750491978
280,0.0950155401248655,0.1563258416517027,0.13425785611384727,0.13427264230382538,0.13863367446305042
280,0.1156921829884767,0.1563258416517027,0.13438766431099192,0.13440227647864378,0.140257111413951
280,0.3866199966987846,0.1563258416517027,0.13477676303352865,0.13479106790875864,0.14059677979858023
280,0.2885321017977407,0.1563258416517027,0.13731052361980822,0.1373244723690506,0.1576873777443319
280,0.0044191395437703,0.1563258416517027,0.13731052361980822,0.1373244723690506,0.1576873777443319
280,0.177184610243948,0.1563258416517027,0.13540914715703167,0.1354231479368631,0.13949144346349848
280,0.1991314035509594,0.1563258416517027,0.13573295127473994,0.1357464685375499,0.14683987320649255
280,0.2210613853700609,0.1563258416517027,0.1357392978061056,0.13575279707328872,0.15243466816164747
280,0.0749553876087119,0.1563258416517027,0.1373166822737058,0.13732917501905645,0.13863367446305042
280,0.5618948219420044,0.1563258416517027,0.13746548178807372,0.1374777783426705,0.14059677979858023
280,0.0690448918860742,0.1563258416517027,0.13765431047399174,0.13766657949880934,0.13920532066504895
280,0.0869042260037127,0.1563258416517027,0.13760149168596303,0.13761369167796533,0.14059677979858023
280,0.5362573438970915,0.1563258416517027,0.13796053188634644,0.1379724523942085,0.14059677979858023
280,0.0781022057513693,0.1563258416517027,0.13816912257612396,0.13818100605122557,0.13920532066504895
280,0.0254849007864279,0.1563258416517027,0.1385945901445244,0.13860614438713537,0.13904042030139885
280,0.0874641730221277,0.1563258416517027,0.1384303286205592,0.1384418575634484,0.14290483487670827
280,0.2333196306318374,0.1563258416517027,0.14028550183616212,0.1402956731971452,0.1413879470470788
280,0.128796484018158,0.1563258416517027,0.1413434724769076,0.14135345272456135,0.17887569712660933
280,0.1393696192184511,0.1563258416517027,0.14153970804206928,0.14154946451904635,0.17776161402394233
280,0.2991558236766569,0.1563258416517027,0.1413157156887866,0.14132524793498233,0.13982041302985782
280,0.0095351440969908,0.1563258416517027,0.14122432461795137,0.1412337001835424,0.15089281437269517
280,0.0725658596777489,0.1563258416517027,0.14180285374398455,0.1418120185174059,0.13989284930771492
280,0.0373409951497474,0.1563258416517027,0.14167039729215797,0.1416793990600442,0.15138094527982207
280,0.3605059322875501,0.1563258416517027,0.1420497408678873,0.14205861745174947,0.14208994586011575
280,0.052177201396788,0.1563258416517027,0.14516461339294012,0.1451712207714173,0.13691046230636808
280,0.0710343829008486,0.1563258416517027,0.14600155547810567,0.14600735595969797,0.14944089341763117
280,0.1018322429238464,0.1563258416517027,0.14907550047941953,0.14908101701810622,0.16955377361070592
280,0.1905783134538832,0.1563258416517027,0.1465318416590537,0.14653747012679233,0.13779229147072264
280,0.7385186733490132,0.1563258416517027,0.1473147477084732,0.14731978190175404,0.13678417367642964
280,0.0676818774972658,0.1563258416517027,0.14760809501982047,0.1476129360065976,0.13696531160459174
280,0.0420443994523529,0.1563258416517027,0.14796236626976594,0.14796694723508275,0.13692990449946404
280,0.4090711675634304,0.1563258416517027,0.14782497189844362,0.1478295206854903,0.1402234230442042
280,0.1289512325706747,0.1563258416517027,0.15045745118029974,0.15046009468128219,0.13926764121643334
280,0.0347646770301981,0.1563258416517027,0.15125528993704856,0.15125738889633816,0.13915995977654785
280,0.0108511449163057,0.1563258416517027,0.15130909665764486,0.15131113413215835,0.14103298296933547
280,0.15081572982682,0.1563258416517027,0.1515273218020457,0.15152921968153304,0.14311237360423198
280,0.0584124828762644,0.1563258416517027,0.15119480049031336,0.15119667989848368,0.1641119267847609
280,0.1760321914619957,0.1563258416517027,0.15153054937921134,0.15153240246512584,0.14254072740223347
280,0.4367571181213614,0.1563258416517027,0.15150765635193353,0.15150950009749636,0.1460736295852728
280,0.0099792525361301,0.1563258416517027,0.1520761062056042,0.15207761428126002,0.14901700540038462
280,0.1659756816992617,0.1563258416517027,0.1533242090078562,0.1533246393421764,0.15219867299150172
280,0.014165137083786,0.1563258416517027,0.15368326127745802,0.15368340417302476,0.1502689907915352
280,0.117634859944314,0.1563258416517027,0.15423044396165214,0.15423021149556052,0.14816777952756488
280,0.3143720234949483,0.1563258416517027,0.154905205524269,0.1549048517562532,0.17102311280487492
280,0.1065015521235581,0.1563258416517027,0.1550393137156758,0.15503855493187693,0.14560357395505086
280,0.0923194612360751,0.1563258416517027,0.15622373395833994,0.1562222205725116,0.1620435469104738
280,0.3052033929030464,0.1563258416517027,0.1561068843467317,0.1561053339904852,0.15679937088135731
280,0.0447399328655151,0.1563258416517027,0.156197011636318,0.15619540967367948,0.1574764744920051
280,0.0604740450790217,0.1563258416517027,0.15739337839351397,0.15739095726291957,0.16571027625625487
280,0.1791149771434466,0.1563258416517027,0.15731365624518728,0.15731119682416547,0.1608026743679797
280,0.6101162022026565,0.1563258416517027,0.15832419257848118,0.15832104786336074,0.15443002636751135
280,0.0809083414163318,0.1563258416517027,0.15842956637507555,0.15842621296638446,0.15987532427429038
280,0.1470186116242329,0.1563258416517027,0.1596442623858244,0.15963998338378438,0.15981225209157973
280,0.1036984755803696,0.1563258416517027,0.15980414117434072,0.15979965238707966,0.17084480851826553
280,0.0037051551647002,0.1563258416517027,0.159729922455433,0.1597254124443506,0.17989106484705453
280,0.1190949208579794,0.1563258416517027,0.16036210140222307,0.1603574225241667,0.15327741975546216
280,0.0664471508301391,0.1563258416517027,0.160796708587292,0.16079192405362097,0.1776474570695753
280,0.2636718355519409,0.1563258416517027,0.16016403654588923,0.16015922525764179,0.17717597269588978
280,0.1064177737906197,0.1563258416517027,0.16047542344954752,0.16047050344012043,0.16078714952261447
280,0.0887508476481648,0.1563258416517027,0.1608785272929381,0.16087344046837937,0.1522024958741048
280,0.0859780747061036,0.1563258416517027,0.16137272222004584,0.16136730236559838,0.1528695381630512
280,0.216455972293194,0.1563258416517027,0.16197065301672825,0.16196472974483428,0.15220739676937137
